time,AVG_DIST_TO_GEN,VAR_DIST_TO_GEN,AVG_DIFF_MAX_MIN,VAR_DIFF_MAX_MIN,AVG_DIST_TO_GAMMA,VAR_DIST_TO_GAMMA,AVG_SKEWNESS,VAR_SKEWNESS,K,BIOMASS
0.0,0.19175652514621266,0.0,0.18708119260614148,0.0,0.297450592198818,0.0,0.2082795006520868,0.0,1.0,0.01
100.0,0.23288689143551608,0.011290746517249707,0.22886760528644473,0.013231471573778414,0.3116861673767168,0.0013733036122863598,0.43157204172875324,0.3837998552182429,12.0,518.064885096819
200.0,0.20959638466673444,0.003421122188220534,0.20620187021763306,0.0040530639978583125,0.2946373600060711,0.0006245046307997889,0.32832718514027887,0.14569761710883256,17.0,380.48022580572996
300.0,0.2646453425049627,0.003067862490208855,0.26713142078792934,0.0036796793023775726,0.2767996207461308,0.0013404094565476659,0.6987369740533337,0.18161734342510794,18.0,213.4182947459813
400.0,0.25875743085552216,0.003833310491394636,0.2643479740587986,0.0051640501087410005,0.29594897087301836,0.003351676356053568,0.7616203701911515,0.29643569943960607,24.0,252.26747162475255
500.0,0.28019268984272677,0.00337787314782446,0.28822953532173456,0.004492167003660599,0.2886742751670286,0.004452980107146113,0.9424058060863494,0.26768239371508473,24.0,167.1561029206112
600.0,0.2917659083519397,0.002604710767225936,0.2986023516562415,0.003590369587808295,0.2796089780679515,0.00458340015940319,0.9839920904254071,0.2718592701145705,29.0,171.8467179316536
700.0,0.29147476153914786,0.0025305581320760598,0.2953360054717144,0.003969128038372731,0.2915664778233081,0.005155253608979605,0.8958701737247549,0.4206923810642849,36.0,156.7832943026463
800.0,0.28851400676567196,0.0028524668136997006,0.2897234499752426,0.004781220755208276,0.30549927566062907,0.005589939364600422,0.810748616329423,0.5675532987721241,35.0,139.75688245450783
900.0,0.28994251740861005,0.002747792247720729,0.2911613951166984,0.00477505528348243,0.3020304924120665,0.005911679379879048,0.8268514744446562,0.5782900223264462,45.0,145.7815737726051
1000.0,0.2933527723647688,0.0025614522012772163,0.2958154307415904,0.004447145827254564,0.29742071470075904,0.006049529952428576,0.8809422735935815,0.5360091514773847,49.0,141.92208598761692
1100.0,0.2942195711160091,0.0025125351336079817,0.29698901566047237,0.004383648621225122,0.29788432660768627,0.006136366668778392,0.8930396381100527,0.5326242655022174,51.0,139.01906435996904
1200.0,0.2936857250493565,0.002651286780035286,0.29533787241133214,0.004557116411910412,0.29932600850231356,0.006115544351436433,0.868384784235761,0.5602771505053132,55.0,136.388861433569
1300.0,0.29889898229519174,0.00274335327649716,0.30095151684493776,0.004271592011330521,0.2961660279311627,0.006055823634926416,0.9234991443378607,0.510071113119569,60.0,133.38578830791735
1400.0,0.3015420282892652,0.0033124799305602865,0.3017619229736045,0.00458103337152637,0.299467482039323,0.005900286635672253,0.9188239382927371,0.5273953437893402,67.0,134.093205035513
1500.0,0.3060976104409483,0.003317367623362023,0.3059046476084891,0.004257104967680469,0.2966939976222844,0.005743368380433672,0.9657528102225592,0.4659644936395522,72.0,131.9335791174709
1600.0,0.3118264444564306,0.0035255261119650685,0.3102714208521137,0.00408544602760256,0.29468792913032643,0.005499794923777874,1.0057874709578587,0.4165192710146484,79.0,126.59039544335613
1700.0,0.31838198133442186,0.0036643006043985053,0.31607147317118633,0.0038873443107835227,0.2933784230860514,0.005390308519854926,1.0542576925015752,0.3753976022704331,80.0,129.63817681034269
1800.0,0.32301420678304354,0.003311762125755405,0.32206532528901205,0.0033021025525176526,0.2926851008516669,0.005501221412351271,1.1189293499049902,0.3037724197765035,81.0,127.03060314647112
1900.0,0.3261669523862255,0.0035679776459952945,0.32286935564802327,0.003433016777519164,0.2903824336253697,0.00521009157652183,1.1182579515788218,0.3004205928661758,92.0,126.8097642809833
2000.0,0.3266457977104116,0.003407295689472303,0.3233717595246224,0.0032845565371990215,0.29287955042488717,0.005266279669584544,1.1311211049505485,0.27806996119462574,95.0,124.57724103961392
2100.0,0.331316967900014,0.0034675937729153395,0.3277022996174121,0.003065693674719219,0.29086244908069375,0.005149586319125608,1.1681179945490108,0.23720688690270017,99.0,124.63628367814478
2200.0,0.3306191153201727,0.0031077505963310265,0.3273874965065975,0.0027605751890798567,0.2896786851799771,0.005160348586496348,1.1781771098235925,0.20343921734707063,95.0,122.84467589895154
2300.0,0.33280091621758234,0.0034195616837159057,0.32783650160622396,0.00297570142668997,0.292802558107702,0.005010886676422093,1.1777031117301768,0.20853712305701344,94.0,121.81802788519448
2400.0,0.3303989522470993,0.003021157396752924,0.3251884781850657,0.002714421964857385,0.29039714154974633,0.004932786978510237,1.168911638501513,0.18450170016776887,95.0,119.39656713946002
2500.0,0.3348353950939917,0.0031418279612571583,0.3289435815281475,0.0026457378177513393,0.29065894844664536,0.004855452703581075,1.1961593842815013,0.15725075018436407,97.0,118.44209994765738
2600.0,0.33620769702384323,0.0030482342505160536,0.33014683941290107,0.0026393625677066214,0.29041241347276864,0.004819822927836366,1.208908259703762,0.13966111437458603,102.0,118.19817060148735
2700.0,0.3375668568231452,0.0029762497055049806,0.33147012088166083,0.0026094367776299822,0.2892487852350684,0.004813680898864845,1.218548751579059,0.12823692752592208,101.0,117.49319029017431
2800.0,0.33740743650503185,0.0028472516905700407,0.3312460641190988,0.0025408789170160606,0.2879808410716075,0.004832119116711342,1.216736968680655,0.12269198055689437,102.0,116.1770990357097
2900.0,0.338699725459166,0.0030000378396545483,0.3315567138542914,0.0027888275540895488,0.28913487874885024,0.004739951897969355,1.2151854688519927,0.13035044080385394,105.0,117.4026292618277
3000.0,0.3397852343874035,0.0030861643228546473,0.3318926105599304,0.002971249479227392,0.28853685746568286,0.004649436630910105,1.2134076038236998,0.1351544001303119,106.0,115.96421318995682
3100.0,0.3392011041684454,0.0029363856508885363,0.33162448176223475,0.0028989900195657867,0.2870639847321211,0.0047116110582468155,1.2111640017856098,0.13246879202900796,105.0,115.75473206313845
3200.0,0.3415124519045495,0.003150063548301989,0.33377124795342317,0.003177084459882909,0.2883349416864195,0.004696395849885601,1.221870823653079,0.14012128521959527,107.0,116.3160240753323
3300.0,0.3420696181265996,0.003221865798583637,0.333620924466869,0.003398681843525873,0.2873805684538364,0.004600988849385829,1.2165734294587085,0.1481698973525532,106.0,114.5273995349822
3400.0,0.34269255454890735,0.003262377574836494,0.33360509786837245,0.003480378977101437,0.2867623890474017,0.004573103125914193,1.2112268448237866,0.15152213004543305,111.0,115.26194344305013
3500.0,0.34396799123123756,0.003459558292907027,0.3341952078909353,0.0038520602133747905,0.2871989843127067,0.004492892932616738,1.2096902311622153,0.16448494357386534,115.0,114.50087495045028
3600.0,0.34647239763180726,0.003659124845228942,0.33630454038718616,0.00411853032521839,0.2867797720145345,0.0044298139007760695,1.2176957135353823,0.17141656136273922,114.0,113.27129673093278
3700.0,0.3469883579709317,0.0036538611387360235,0.3364327705121974,0.004171562626652713,0.2858297090637842,0.004433481837624381,1.215070412066602,0.17356988213469127,122.0,113.68558254110188
3800.0,0.3497292807840426,0.004007934473849712,0.338338952061953,0.004696970193404402,0.2868670442158767,0.0043261069408643054,1.2177105204654806,0.18925081310506267,122.0,111.95525877620636
3900.0,0.3503854733968285,0.0040431137074255896,0.3381302051313628,0.004811638774680333,0.28515317438400345,0.004250431449923177,1.2092225856060632,0.19218356188046248,120.0,112.31023855962812
4000.0,0.3531484874837595,0.004241166558298651,0.34082953248652176,0.005021200670707743,0.28615645145135604,0.0042862404634632515,1.2215697279370556,0.19641705245949012,122.0,111.04377337730342
4100.0,0.355934533246819,0.004496073372684178,0.34296530404681624,0.005466864729837322,0.2852343829423283,0.004165300143197718,1.2256072269153884,0.20844448954064126,124.0,110.0417580030687
4200.0,0.3570170179490142,0.004538905289842877,0.34360957759651906,0.005433240740178224,0.285194127761417,0.004210893793896613,1.2227874011751851,0.20396098540298682,128.0,109.94161740495527
4300.0,0.3588203904902608,0.0047241451337924865,0.34514252950440694,0.005768405987600515,0.2852879678823744,0.004182572277773027,1.2238829095139339,0.21250914940464377,132.0,108.84130025668816
4400.0,0.3630327226656141,0.004927878010006882,0.3491068989524596,0.005952908581006561,0.2850460183859692,0.004154028046419717,1.2411900449093403,0.21263899891111063,128.0,108.259864587119
4500.0,0.3640371490839752,0.004939092944679701,0.3499031485905042,0.005882583779778077,0.28515293954869214,0.004218024767131589,1.2418422269452194,0.20691562454899637,132.0,107.0820639304796
4600.0,0.3662872015898179,0.005161062326536589,0.3521727490164825,0.006250527750970339,0.2854188523299554,0.0041970912523984225,1.2436844731060834,0.21520301016226268,134.0,107.25664065410916
4700.0,0.36821863120352194,0.005127841639185051,0.3535957401766979,0.006057683946400526,0.28478527718888064,0.004207838611920258,1.250231646688189,0.20414702365227452,132.0,105.82072799330362
4800.0,0.37120452427183637,0.005249575009263281,0.35654621939820147,0.006135488522402491,0.2860479433933521,0.004230584179961935,1.2637517004066097,0.20238148555940974,142.0,105.95778411419883
4900.0,0.3712595789615732,0.005181771168949245,0.356056945694223,0.006133810658079361,0.28516378516693247,0.004143163043943659,1.2553873258436767,0.20154307990779263,143.0,105.14867111556163
5000.0,0.37117569709007253,0.005141723012132807,0.35569865192953193,0.005910456298387199,0.2858736312749738,0.004187259811293041,1.2561525386646624,0.19305393768346457,147.0,105.73138504055795
5100.0,0.3729228969119691,0.005159149140324225,0.3573270067625377,0.00600594805968183,0.2860634122181714,0.004117424217124085,1.2642035802108924,0.19640017675825389,155.0,104.94965424891342
5200.0,0.37229500193985626,0.0050825287773869545,0.35636756944083436,0.005801643814003703,0.2856132469336604,0.004135666962958467,1.2624539432447721,0.1907967681813072,161.0,105.28803925374012
5300.0,0.37221267116106144,0.005137022619262253,0.3567078771260578,0.00578712734730914,0.2873522874067027,0.004240873041341222,1.2662103722915248,0.19204893488262315,164.0,105.60514525588884
5400.0,0.3727437324634579,0.0050070034480017515,0.356602904589448,0.0057334397643976805,0.2858775294813289,0.004157017570801328,1.2660221963845069,0.1923874263093054,174.0,105.11572507263706
5500.0,0.3740687218422632,0.005029115732895788,0.35745490126446144,0.005528018992877368,0.2876770810083694,0.004256994135227747,1.2736613218078314,0.18319029090618216,180.0,105.2142873195466
5600.0,0.374376623766506,0.0049511191897362765,0.3574556278942698,0.005580696195633129,0.2862460850165178,0.004126821676434413,1.2645077162429277,0.18281922344640594,184.0,104.55586929094764
5700.0,0.37764878997587514,0.005027664812684733,0.3602238711160015,0.005453595621780835,0.28746705301774345,0.004178424992037746,1.2786420949958406,0.17270775955916365,188.0,103.95752965131776
5800.0,0.37995496191962547,0.004947310002645873,0.3620181536461939,0.00543374096759598,0.2859818769923546,0.004072767141903241,1.2809606870815307,0.16810048846752798,187.0,103.32097989243469
5900.0,0.3816607216702314,0.005011706606456464,0.3637152493454539,0.005391568688117325,0.2875245197383185,0.004162166753678629,1.2868648931610054,0.16371715730788683,182.0,102.9748070098707
6000.0,0.381684118409634,0.004885308211307547,0.3628884838430359,0.005244010611294728,0.28627261495616924,0.004146012156286703,1.2832798044968778,0.15944246541275642,185.0,102.88056099385109
6100.0,0.3835387593613614,0.004863194582614645,0.36479566843878364,0.005239526230785197,0.2874556097220263,0.004242764954243157,1.2937416187550597,0.16006373188051293,192.0,102.49116967495081
6200.0,0.38129146282366616,0.004760951943588662,0.3616412879695979,0.005068743315278298,0.28747285768497494,0.004490398105529447,1.2810052243405705,0.15839903850267067,194.0,103.28789269437127
6300.0,0.38409636083074267,0.00481401901304484,0.36436492018070127,0.005193591858226273,0.28741736407083174,0.004425697625104147,1.2901492845034497,0.1604091439261613,201.0,102.42384372907671
6400.0,0.3834231168914206,0.004802746102248244,0.3625502778939223,0.0051808603409080655,0.28689364808101464,0.004340545141709928,1.2780932062665882,0.16103832033962118,207.0,102.64498961871473
6500.0,0.38447880734248985,0.00494095499776531,0.36282528979576817,0.005427870981988517,0.28555974419578517,0.0040728180388789476,1.2698651776216077,0.16786556497034827,211.0,101.92138804124066
6600.0,0.3847361693287278,0.004956213294556603,0.36195321385778984,0.005526597620654752,0.28444223971012417,0.0038874791106308934,1.2603196746171799,0.17170697892746384,215.0,101.66106599643061
6700.0,0.3840928644217457,0.004914676051725857,0.3604207711910734,0.0054688579865072254,0.2843889170377228,0.0038365597861168116,1.2518949280635754,0.17161211699457632,216.0,101.76538914390217
6800.0,0.38461445108630427,0.0048857213792628295,0.3610006976078645,0.005479435534652176,0.28379814673736986,0.0037427734833899644,1.25317013696809,0.17221527045320423,223.0,101.51417348456447
6900.0,0.383803400705456,0.004736797735091359,0.35964914851443447,0.005215090682422033,0.28492549274594514,0.003978360263503236,1.2523231218906306,0.16640886115728118,227.0,101.99270364993993
7000.0,0.38568867838569915,0.004788212641610775,0.3619248824346307,0.00534418543615682,0.28451064722849245,0.003945834528700835,1.2601750776969378,0.16923505127229632,228.0,101.46413154643054
7100.0,0.3850335726539338,0.004796848701627109,0.36034717043431186,0.005340093388461966,0.2841408196436838,0.003980591564252735,1.2494469770849754,0.17028190165903379,232.0,101.59633759926467
7200.0,0.3863790421468927,0.004888685153113348,0.3611681445916878,0.005535354604960009,0.283751534439117,0.003791717860448129,1.2469295105299505,0.17584005713284795,239.0,101.14109916809619
7300.0,0.38573209566622496,0.004902732067366842,0.3596573249018462,0.005628868568932147,0.28156454735264824,0.0035247703637517245,1.2343347855370943,0.17903073312345236,242.0,100.79849084596022
7400.0,0.38502917420297633,0.004888909784176828,0.3582381425178427,0.005540966688090742,0.2828108777451868,0.003529228243175273,1.22790928641901,0.17844086097095227,251.0,101.14098410017267
7500.0,0.3846922635305001,0.004765958567487365,0.3582892466867829,0.005476229575767153,0.28102280686418524,0.0033353871305912674,1.2302442003625034,0.17713109591210469,253.0,100.95313689260209
7600.0,0.38481947460249166,0.0047255308026453585,0.35803244372352366,0.0052759874365017854,0.2832082435302215,0.0035318514234632514,1.2332332046941232,0.1725614002014729,259.0,101.2560110416862
7700.0,0.38450958789147777,0.00470239777691616,0.35820926372850187,0.005331866710162851,0.2816412345808008,0.003460773660914558,1.2316146317594865,0.17402359488701197,264.0,101.24787637376782
7800.0,0.38676466887546135,0.004772261786869252,0.3599935515411582,0.005414730241185825,0.28254695517995887,0.003516651618013598,1.2377927149652241,0.17593488214941683,270.0,100.62404134586019
7900.0,0.38568524141146715,0.004797052520367605,0.35825668823446255,0.005494535802719282,0.2809564180969824,0.0034113154742498103,1.2234469626556272,0.1783718178537284,271.0,100.84644522035141
8000.0,0.38657580289369964,0.004891283011031771,0.3591026241382927,0.0056616894850356585,0.2811434453122037,0.00330711517180103,1.2236526996946187,0.18325458221528745,275.0,100.30687519827632
8100.0,0.3854717581784272,0.004732884690257252,0.35710164796502314,0.005429991631980298,0.2803452595363242,0.0032175617373171525,1.2178527049373147,0.1780646330946641,281.0,100.69516803256538
8200.0,0.38489000879286134,0.004784359050141359,0.3573594538572196,0.005438194594628174,0.28121458055724485,0.0031621736178005884,1.220069503803165,0.17942108138167165,278.0,100.72124968011414
8300.0,0.3842075889561736,0.004605901303531539,0.35628662944232337,0.005185695930246093,0.2806112192579668,0.003136661461525074,1.2192302210314998,0.17243888490538853,285.0,101.08000937798857
8400.0,0.38612047180264936,0.004697408145462798,0.3584163798097584,0.005285162001682994,0.28153341090523626,0.0031688452484988894,1.227456158568235,0.1736250314311008,286.0,100.60590937749389
8500.0,0.3850601535752164,0.004703637914860243,0.3572357008131436,0.005366579836283626,0.2799458043240088,0.003123193094764208,1.2165875452351076,0.17578511449780884,283.0,100.71300102496446
8600.0,0.38716633948430595,0.004789389542304539,0.3585690159114303,0.0054581205864453804,0.28116936068086984,0.0031954559154629587,1.220387268265807,0.17788738029622572,284.0,100.23160004732543
8700.0,0.38588630263074797,0.004788531567979338,0.35769099665990495,0.0055492819036409395,0.279076131288126,0.0030489881017706287,1.2142544034468923,0.18116170445059152,289.0,100.31402655589255
8800.0,0.3857317677197917,0.004752470293033561,0.3569913953623539,0.005373393930969732,0.28114534748871556,0.0031169061001510693,1.2135137271136331,0.1772658856168362,290.0,100.53825439164396
8900.0,0.3850671980586433,0.004647182356114223,0.35689961485031246,0.005259388372316891,0.27965968483437575,0.0029731385781440957,1.217437742213928,0.17374860826270072,299.0,100.67289981769056
9000.0,0.3856691780561287,0.004651966793580201,0.3575867876101099,0.005202910809948231,0.2811965402899459,0.0030149210415751906,1.2214648985829342,0.17190525422640004,301.0,100.50597853599072
9100.0,0.3848656240446636,0.004608993515385088,0.35627151058203693,0.0051684782685422846,0.2800199530296784,0.002994280121170576,1.212676059242368,0.17052934524337776,304.0,100.83688757718501
9200.0,0.38697217476197765,0.004770223091930451,0.35871084772058265,0.005447962647685577,0.2803200228707901,0.003012186641054154,1.2197918374762957,0.1776604150222409,308.0,100.0058014760068
9300.0,0.3856811789131235,0.004702899320532622,0.3564676030354827,0.005381040808560834,0.2794311511227473,0.0030167403057268067,1.2074662169006285,0.1772598793670618,314.0,100.49035277242007
9400.0,0.3861730659726688,0.004816199173833336,0.35762722406830133,0.005497158369254603,0.28018446332457675,0.0030230497792332776,1.2121061159645805,0.18080460521842928,321.0,100.19082360228076
9500.0,0.38569451962476103,0.004642570606192878,0.35707138740517114,0.005271406756821452,0.2796268533386544,0.0029702084228060443,1.2144283997095704,0.1749001247141533,328.0,100.54826228255254
9600.0,0.38585339174663624,0.00463950309153642,0.3574465055311959,0.0051707552908438455,0.2811537920942119,0.003012555666708681,1.2177433585735582,0.1718071002218185,333.0,100.46152716899488
9700.0,0.3852351157468591,0.004630282119098809,0.3570976040591392,0.00519749717025157,0.27977088146105644,0.0029436866676215306,1.2151493356812761,0.17189019145453022,334.0,100.67642431486632
9800.0,0.3867022371104503,0.004647540244671966,0.35763194775907375,0.005243460866872364,0.28089158820704546,0.0030071202934836396,1.2152655289010859,0.17347020132564211,335.0,100.16472747283547
9900.0,0.38542441080276857,0.004759455979922033,0.3566126297996949,0.005465244314565973,0.2789099986026564,0.0029421443224833376,1.2052191130664098,0.180236800594713,337.0,100.44580546615147
10000.0,0.3863932095853169,0.0047708022402824365,0.3569372981233644,0.005442759348605444,0.28026582133085126,0.0030162167197621136,1.2062907390122646,0.18021931750921577,338.0,100.1277773468737
10100.0,0.38601809470118226,0.004668275401637721,0.35712074235313324,0.0053342453241213734,0.27924935636339543,0.0029563095425984994,1.2102081045923938,0.1768433488169091,346.0,100.39206579358212
10200.0,0.3863614145490981,0.0046649865997842235,0.3579712680416311,0.0052037255289455195,0.28093729377756027,0.003015628515060559,1.2163438875704553,0.17201729986769929,352.0,100.32839220400403
10300.0,0.38586350720038887,0.004512513333288909,0.35714988204365333,0.00501805076589683,0.2802803174135929,0.0029862587052601934,1.2148492988093915,0.16659787975073492,355.0,100.62786732998012
10400.0,0.38722924280872967,0.004657912945564427,0.35895261450506954,0.005228631078175553,0.2807612103702699,0.003007742165496445,1.2203745003817903,0.17161677920950105,358.0,100.07132797205594
10500.0,0.38558432904504014,0.004640967690014759,0.35603108986133064,0.00524305528840877,0.27959451311580946,0.0029955159221280976,1.202251278645849,0.1734855300221998,357.0,100.53711346842697
10600.0,0.386625185252458,0.004805509442696077,0.3572559599352511,0.005513097998538757,0.27986923416054604,0.003007966631529662,1.204439696470757,0.18176261678003178,365.0,99.988644177677
10700.0,0.38612713109035524,0.004719084973361536,0.35654746670206033,0.0053988966545675055,0.2790790832248563,0.0029768496245364796,1.2025830409514917,0.1784886928456237,372.0,100.36405144631914
10800.0,0.3863690584171113,0.004677277308446607,0.3571463476827446,0.00523159967054508,0.28088772159633374,0.003056016962060981,1.2072956653560662,0.17285760795555136,379.0,100.32486701111236
10900.0,0.386644108121599,0.004591337826132545,0.3581680748032417,0.00513585552169971,0.28006166649420966,0.003001075164857044,1.2158169010973319,0.16878378058838045,380.0,100.38718440783596
11000.0,0.38737970023728063,0.0045559538640534995,0.35828304087131474,0.005041470758531311,0.28149344274103555,0.0030770079282391033,1.2162735961542255,0.1662309360769759,389.0,100.22457768852352
11100.0,0.3861830926084576,0.004652753954974044,0.35744032232011475,0.005229050271452149,0.2798204062896973,0.0030288357596043878,1.2080689755424467,0.1715613320965505,387.0,100.40898211086416
11200.0,0.3874332793716614,0.004708960969241269,0.3576343137037803,0.005341133370180468,0.2804877799900378,0.0030718528154855497,1.2059914666597185,0.17569859014178824,386.0,99.99305858255279
11300.0,0.38631653551616696,0.004729672275167621,0.3565862229830588,0.00543136463335704,0.2790932817909958,0.0030157929233001314,1.1991264057433075,0.17909476936454505,386.0,100.29994193608225
11400.0,0.3865438069090546,0.004745220686635194,0.35697286533874173,0.0053727942528567,0.28038124708962453,0.0030697348585845673,1.201427523633339,0.17717875381728487,393.0,100.18816033397049
11500.0,0.38676595287258975,0.004564801504367542,0.35725815786796405,0.005140080473726868,0.280109157009906,0.00305167489344042,1.2074135162965471,0.17001356226701378,398.0,100.39436894415711
11600.0,0.38750286052919675,0.004621120030823889,0.358831668995184,0.0051570328876821055,0.2811603335494453,0.0031004659719638347,1.2150393245616633,0.169232701572951,398.0,100.10529762233548
11700.0,0.3866290522943431,0.004547969800434068,0.3571795235087092,0.0050660007683158165,0.2805066597827411,0.003100340538440445,1.206117513775909,0.1671030667988666,401.0,100.51069404168278
11800.0,0.3880830671278387,0.004693499867289822,0.35898220171573164,0.005334670258223401,0.28057441575731507,0.003108857718300938,1.2112022193858714,0.17493492240684444,404.0,99.86288850709967
11900.0,0.38661983085242113,0.004692132682962024,0.3567087993101109,0.005352543122424295,0.27956139170810884,0.0030852619928625384,1.1977891986704858,0.17672723431088086,413.0,100.30327932941408
12000.0,0.3869517792334972,0.004743717766370511,0.35710721601962475,0.005403265294246351,0.2803146167551547,0.0031168596968094344,1.19878800723489,0.1783353672265055,415.0,100.10122530660261
12100.0,0.38717095192060463,0.004648732395044784,0.35769298144230144,0.005305864916856883,0.2798404101831208,0.003082048871442448,1.2045050866437432,0.1751329338560608,419.0,100.26341489201346
12200.0,0.38711444572024495,0.004602261684070731,0.35738003530758905,0.00514127249041476,0.28125631371044535,0.003156021010782629,1.2037567680631338,0.1701621439043907,425.0,100.23879823959432
12300.0,0.3870774590422489,0.004624416314775873,0.3580731311082925,0.005210326483839134,0.28027466402858214,0.003118236937486885,1.206687049166727,0.17124287380452913,431.0,100.37062697146247
12400.0,0.38811407153823807,0.0046166026125435385,0.35823696715174297,0.005211694374202817,0.28095308965823057,0.0031688726167728256,1.2057572353290953,0.1716083548626395,433.0,99.92538382048608
12500.0,0.3870835045985023,0.004718545415017275,0.3576106546451885,0.0053748655033253575,0.27957627364370563,0.003124242252038438,1.1995027930939295,0.1762499347127988,435.0,100.21964536397648
12600.0,0.387535947850868,0.00471917155332456,0.35757146642486415,0.005363314905686923,0.2805032925086743,0.003176187157888532,1.1983995842436401,0.1765273565167797,439.0,100.00285646772278
12700.0,0.3875312395459192,0.0046434580575622445,0.357683635078818,0.005290672760012567,0.2798058066347638,0.003135529686665922,1.2013434314228009,0.17456249892013453,442.0,100.19816639831787
12800.0,0.38725960429246337,0.004679196048473013,0.3577871860229994,0.005261307257444972,0.28099724129828635,0.003193103807355432,1.2015190836563896,0.17352953705841118,448.0,100.16703877189423
12900.0,0.3868773410545161,0.004575283257289055,0.3568559413120432,0.005155148185157516,0.28037327669539813,0.003177665361422149,1.1976983086748552,0.17077802471979647,451.0,100.45647685914872
13000.0,0.38852547190219006,0.004721549994429766,0.35906820252271615,0.0053785075764104595,0.280609303033945,0.0031907986153115963,1.205693919507852,0.17622664135899388,461.0,99.75462251133865
13100.0,0.38672752356845924,0.004679484262077957,0.35647906952881203,0.005311888634244742,0.27984498651575757,0.003195357192627591,1.1908289198704676,0.17518807343801757,468.0,100.3832396689012
13200.0,0.388243240172854,0.004765038589150287,0.3585641977923787,0.005435431667082087,0.2803399423235308,0.0032128387779976363,1.200348728739045,0.1780604950275827,472.0,99.79532616090235
13300.0,0.3878623847367267,0.004650861612776489,0.3579952122315078,0.005282626214942608,0.28009750982109816,0.0032029348269886474,1.1999535727435773,0.17374303868409138,475.0,100.1973577556423
13400.0,0.3874462493243797,0.0046383743608661996,0.35766881432886877,0.005200202412152506,0.2812118068013371,0.0032618175609340303,1.1983354252229157,0.17135313192938173,478.0,100.20758163096808
13500.0,0.38795797724859366,0.004640072273228011,0.35842150001483075,0.005258276318038497,0.280367163117583,0.003216772376563814,1.2024532175504763,0.17276924700783278,483.0,100.20848810210846
13600.0,0.38779629805112115,0.004661224979951088,0.3574323370736453,0.005294225185847242,0.28081475509017084,0.0032588222581559374,1.1946202827289392,0.17482662584205225,487.0,99.99669433833192
13700.0,0.38723810463996017,0.004790558069309551,0.3573907340438426,0.005502604409147887,0.27949423970989257,0.0032033982145416675,1.1913665926051882,0.18047251995041982,486.0,100.1989445551626
13800.0,0.388010378994333,0.004737587204358391,0.3574418401957962,0.0054216669104473455,0.2803170496269324,0.00325688784318965,1.191603619549814,0.17888077285147014,488.0,99.83772840357892
13900.0,0.3880996802307238,0.004694557840320411,0.3583515942528261,0.005371720894116067,0.28010073042790845,0.0032422648415324196,1.1976097062032067,0.17652091524516902,490.0,100.1774158996762
14000.0,0.3881202804082875,0.004642788389069889,0.35826044387557954,0.005208540051532119,0.2813624574903371,0.003309572812438515,1.1984849656639445,0.1712298585884645,491.0,100.03340107844826
14100.0,0.38818297858135975,0.0045808594584949135,0.3583173426491528,0.005191511593646775,0.2807600487403924,0.0032894222982897047,1.1993025014423353,0.1709879175193476,494.0,100.3207602105823
14200.0,0.3887730296863307,0.004712758975763293,0.358918624157605,0.005373254376697928,0.28081701718844604,0.003296984782182942,1.199129029849614,0.17597766633415654,499.0,99.77653792589943
14300.0,0.3870096238192127,0.00473323314713298,0.35633212880053655,0.00542698666015375,0.2796572609310274,0.003267565435555547,1.1835254615920272,0.17888650758348212,499.0,100.32625333559577
14400.0,0.3884867994795363,0.004835003844435597,0.35831323645834445,0.005616524674401308,0.28002012604359094,0.0032769358001987748,1.1918314616847008,0.18443750889396685,502.0,99.60553705167439
14500.0,0.38765175482109704,0.004688913263285064,0.35698187827546146,0.005378703258632801,0.2798845983964362,0.0032829426444156594,1.1875394753820643,0.1774892285399258,505.0,100.26919751052007
14600.0,0.3882794290310315,0.004691612263721638,0.35847508359618596,0.005332460017468647,0.28127266688196295,0.0033582555238562783,1.1951779024514693,0.17488546596160698,509.0,99.96864852008325
14700.0,0.3887770754910294,0.004590062856382924,0.35868299066550474,0.005230560599831019,0.2807040212843147,0.003340435966314776,1.1977717889860382,0.17158284694748357,510.0,100.1830726956921
14800.0,0.38891578035620084,0.004679473712792773,0.3587656120557534,0.005338779102309619,0.28103825710356456,0.003371003545534078,1.1951220774653528,0.17452390637927212,508.0,99.79243846649014
14900.0,0.38788054229635877,0.004758151451958588,0.357714543293551,0.005490869705826592,0.2798254877331477,0.0033201517858061354,1.1873718040930408,0.1797621481861594,513.0,100.19688376274392
15000.0,0.3884531561329436,0.004760174979129897,0.357594087084831,0.0055024733915581036,0.2800979735462243,0.003330223648242735,1.1866964794795702,0.18123229248323924,516.0,99.69323430332997
15100.0,0.38790839335751,0.0047515962215683785,0.3577898626233905,0.005518256422840821,0.2799333138733326,0.0033216611977113296,1.187695515826984,0.1816116222955978,520.0,100.1587948354569
15200.0,0.3880262704418172,0.004658511741977571,0.35733115367972745,0.005321137611919905,0.2809913972595061,0.0033890557189178777,1.1866061399169123,0.17553949024041812,522.0,100.01461983132722
15300.0,0.3891591408852767,0.0046565606083512606,0.3591992482078972,0.0053920367154969935,0.2804734975105703,0.0033668912478181873,1.1961240322970461,0.17654185097755165,523.0,100.01331879826431
15400.0,0.38861326149405595,0.004690777241293203,0.35810063403526715,0.005393716800498049,0.28082487550964497,0.0034037708626758123,1.1885104563076259,0.17678567484885901,520.0,99.87326024722496
15500.0,0.38821852541294616,0.004751946986749576,0.3578450622249244,0.005489745995376761,0.279726366454536,0.0033422541977548717,1.1867996626854744,0.1798054257422186,522.0,100.08902790682791
15600.0,0.38879564844770065,0.0047540030428712705,0.35842051128331553,0.005512325625099914,0.28056234734926805,0.0033782736357209375,1.1893633919452962,0.18105229904326356,526.0,99.73453326550685
15700.0,0.38792017756594527,0.004664564304089706,0.35730743657984126,0.005362695468144573,0.280121097282876,0.003360674333737696,1.1858272037826678,0.17662982595824625,529.0,100.26736377311131
15800.0,0.3889756156630705,0.004711548782828332,0.3589684160721864,0.005422693920036341,0.2810991762227148,0.0034079087187414104,1.1933575138436499,0.17742523397578375,529.0,99.7738870237755
15900.0,0.38813299343002916,0.0046326143277245005,0.3573678240092758,0.0053558573463585646,0.28014061138374363,0.0033696796911438084,1.1857504313880363,0.17641466465971536,535.0,100.23009568625245
16000.0,0.38881495616638767,0.00482311486184583,0.35862112266183543,0.0055733092559403785,0.2802852198273183,0.0033614630115775027,1.1898221565742273,0.18202645259556588,540.0,99.5737822164151
16100.0,0.38720965802512564,0.004752139273686233,0.3565102742805746,0.005486580934009316,0.2796620643322889,0.0033415368304977526,1.1798192283597317,0.18094936267970943,550.0,100.41856044426812
16200.0,0.3889410436984856,0.0047731835444813865,0.3587173741920839,0.0054738796425532095,0.280557585192679,0.0033678424442503976,1.1925685906225947,0.1792901114776579,561.0,99.57721094681773
16300.0,0.3881005790926013,0.004674183056385539,0.35813406869658204,0.005326694832115463,0.2804658026105144,0.0033779734499488697,1.1910986297047983,0.17450532899480278,569.0,100.43359732238059
16400.0,0.38861761936933475,0.004653531066438675,0.3584305826038274,0.00527240076421095,0.28132183330327265,0.00342469233308122,1.1927214151496588,0.17265214205252494,575.0,99.81844010963455
16500.0,0.3889544020092404,0.0047352464639162945,0.3591264117054251,0.0054365967151377695,0.2800287731588587,0.0033553622431425237,1.195993192259316,0.17712274434492453,580.0,100.09950681574762
16600.0,0.3872482409386987,0.004791924399715296,0.35647176461307356,0.005482249879764664,0.2804688328357236,0.0034049321221117737,1.180063978509755,0.18041720244374956,589.0,99.93431310198584
16700.0,0.38777578481974606,0.004884039969996674,0.35768866820405876,0.0056381782817214576,0.2793089090445401,0.0033230045457232865,1.186672251485488,0.18471507891983108,597.0,100.14764192105287
16800.0,0.38807657790874445,0.004763932978281068,0.35752231578237315,0.005439719541371451,0.2806241799482878,0.003408402304502537,1.1870470057023554,0.17894003134362133,603.0,99.81525836653135
16900.0,0.38827317389726074,0.004718703778895649,0.3585534149136556,0.005363472963858457,0.2805451710258126,0.003421030331101847,1.1938225398104165,0.17477632452470676,610.0,100.36921270997983
17000.0,0.3892701917386203,0.004705169175967025,0.3594097683625563,0.0053115130026918055,0.28134717990576447,0.0034574692598142876,1.1985280157193319,0.17270216378651898,618.0,99.66383961069275
17100.0,0.3881869845898713,0.004707765965389925,0.3580830588889951,0.005371221950461283,0.2804613471550879,0.003421865901416293,1.1907431510254403,0.1758080774632815,628.0,100.37701545907967
17200.0,0.38838130275180094,0.004887076254199489,0.3583503351415882,0.005582272077197517,0.280465745148073,0.0034079491963742697,1.1895114929052608,0.18234452073775068,635.0,99.65742738731261
17300.0,0.38719852501170726,0.00480643802766223,0.35649132785669474,0.005528350924443552,0.2797136922695387,0.0033899828165212865,1.179949379906972,0.18247589464150396,643.0,100.41427062735397
17400.0,0.3890179001359984,0.004846497670573387,0.3590596786952769,0.005581532111700167,0.28068618248100674,0.003436533259682886,1.1925857425811317,0.1824112030380034,652.0,99.61383825972835
17500.0,0.38803238972151904,0.004713176413363909,0.35762701907935995,0.005374782329532741,0.28054757858272705,0.0034594523318696494,1.1869218363946614,0.17622085069164417,654.0,100.37083018738589
17600.0,0.38916659741062143,0.004753591909089671,0.35928808988781247,0.005451817307315809,0.2814102295580437,0.0034984111463241003,1.194196300697024,0.17829364652326182,657.0,99.75641451976553
17700.0,0.3885908328522735,0.0047742879730689435,0.3582674783499156,0.005484409540129892,0.28024897333673443,0.0034424383561105143,1.189204737711495,0.1800158077320486,661.0,100.18002464140936
17800.0,0.3880671231393627,0.00485732829708677,0.35766862962630697,0.005583209422986871,0.28077705528942903,0.0034809635310314433,1.1832673253621457,0.18348881096022512,665.0,99.87355018369882
17900.0,0.38857227590316396,0.004840320263873031,0.358382744451913,0.005607036005691078,0.28000812457371443,0.0034395996531441904,1.1872683165059474,0.18365274143739693,666.0,100.11642770999747
18000.0,0.38898490702123856,0.004766040993562229,0.358394023161338,0.005477499873789776,0.28100172051519057,0.0035005720863646316,1.187588540163106,0.17953115409239292,670.0,99.75133151349343
18100.0,0.3886067698385391,0.004766401612985242,0.35871816270508555,0.005509176377751881,0.2806887755849206,0.0034881921537729655,1.1889158377481892,0.18003087189064884,674.0,100.22070112530844
18200.0,0.388796746411602,0.0047684287383321835,0.3580647672957912,0.005477183408682795,0.280959054038712,0.0034943747659817357,1.1859180476227513,0.17993563282238395,683.0,99.75782876212904
18300.0,0.3883512424601983,0.004847073191785859,0.35820431003581976,0.005649664701868658,0.27998426004653515,0.003439273230114092,1.1854313886308023,0.18561359660348478,690.0,100.12812323571174
18400.0,0.3882331285172539,0.004869086218684843,0.35758579073980973,0.00559976224441642,0.28067228298007163,0.0034957393582243155,1.1818449360008425,0.18391453979850908,697.0,99.87020172768499
18500.0,0.3888671780997325,0.004799491884519477,0.3587096917965594,0.005549148179762133,0.28024265874192916,0.0034725622879725206,1.1890027954857794,0.1816160155973176,704.0,100.05623923617043
18600.0,0.3894990195649215,0.004749029934711115,0.3594019017930326,0.005448634112380972,0.2816124524122338,0.003543148590167655,1.192948295561372,0.17824623217702595,707.0,99.80333193833503
18700.0,0.38840070618098455,0.0047260032152943564,0.3581281704566444,0.005403504608335917,0.28067408067947286,0.0034937753877121217,1.18782683962781,0.17718090677080764,711.0,100.24938486477151
18800.0,0.3890569135829254,0.00484128033046222,0.35896848908081314,0.00558850864755764,0.28114186871970703,0.003495847070419806,1.18988152740282,0.18329561819193288,717.0,99.7887808524873
18900.0,0.38760227077938664,0.00484105472612833,0.35682151047323585,0.0055945722356944665,0.27975452729799755,0.003441793393524147,1.179603963667768,0.1847379513365921,728.0,100.21807382441192
19000.0,0.388620435331361,0.004945308481243142,0.3585547109202178,0.005700104778675911,0.28069533138533975,0.003479225269093298,1.1867230258832249,0.18647147982770446,739.0,99.69296273628105
19100.0,0.38824741277796826,0.004750601517798403,0.3578361819202034,0.005454414422025919,0.2804902241262333,0.0034918960333254092,1.1861644009579073,0.17919231811536304,743.0,100.30012980719974
19200.0,0.38988637043163765,0.0047771289205803084,0.36012227471275027,0.005430578275155131,0.28169849098532534,0.003530900539993093,1.198708069769952,0.17696421767758594,749.0,99.63078884208069
19300.0,0.38794805093032847,0.00472672433061382,0.35796854904533576,0.005373947120596073,0.28100648305657633,0.003512954631670781,1.1882137425952957,0.17652288745216055,751.0,100.4938093808366
19400.0,0.38903958569210184,0.004841750902479946,0.35878946937811146,0.005520860001994631,0.2812234139279534,0.0035012658726914217,1.1909792106587016,0.1811719789564559,753.0,99.74874676048776
19500.0,0.3880930083419735,0.004892234256513827,0.3580104494039246,0.005652516935224298,0.27986101620620724,0.0034478429191571857,1.1857062737517052,0.18588135839207467,764.0,100.18265766000943
19600.0,0.38804645175409486,0.004873236267730454,0.3574461205868029,0.00556979730005826,0.28104650363656425,0.0035210777382081093,1.1819971574249315,0.1833503312660338,770.0,99.92197155073045
19700.0,0.3891144394365258,0.00481550238518856,0.35936568541774366,0.005549860844004438,0.2802536601776869,0.0034657805457315206,1.1941476456535505,0.18153108776480611,777.0,100.00175608215403
19800.0,0.3885821863578299,0.004733222827674624,0.3581663625929181,0.005380640512667753,0.2818992416801292,0.0035664153412156745,1.1880937133134455,0.17755083356352774,784.0,100.0311850779239
19900.0,0.38849079219008764,0.004804708704690113,0.3587549841974838,0.0054962188256077555,0.2805125162925524,0.003488879379955136,1.1911851156927826,0.1802739532881777,788.0,100.19765340597519
20000.0,0.3889226630380497,0.00483555624714073,0.35847387726276414,0.005541260279403842,0.2812914623559447,0.0035382273052187827,1.187504289828824,0.18241480689630724,794.0,99.82255821388719
20100.0,0.38833733353379674,0.004857210399993354,0.35813364531376957,0.005612217834164309,0.2799107760727321,0.0034798735604021666,1.185254840373424,0.18407966273657636,797.0,100.13604282459855
20200.0,0.389062423624601,0.004878243804036252,0.3588593812097266,0.0055896350191331715,0.2811779071935872,0.0035447778512156364,1.1879142149023687,0.1828883228723374,805.0,99.76090950240035
20300.0,0.38827988792988427,0.004725605505443671,0.35784729789657577,0.005457892258133839,0.28044774950271073,0.003518166557062975,1.1849166249757999,0.18009786160898955,810.0,100.28706077026024
20400.0,0.3895995734436441,0.004842569249336718,0.3596212050267912,0.0055572721823671685,0.28147110330180247,0.003551052177427664,1.1928112982629517,0.1821669054736343,824.0,99.67572722304332
20500.0,0.38726722901233,0.004780819316945989,0.3565999396407722,0.0055110166818812855,0.28017820064231985,0.0035249949691369066,1.1768069815668472,0.18226393276668784,831.0,100.4155705107492
20600.0,0.3898437904157547,0.004929862051335128,0.359704762456376,0.005719194997042842,0.2807946492869565,0.0035334674703536937,1.1904403070247054,0.18693919367939074,832.0,99.51580391833876
20700.0,0.38811906742414903,0.004817244108696676,0.35756240974703085,0.005570948928041826,0.27996036274413855,0.0035277102968944143,1.1809345066034096,0.1830692526145601,840.0,100.1486982272355
20800.0,0.3892560970572594,0.004833205500582231,0.3592098873275264,0.005549473120650039,0.28163085756444994,0.0036017596092201413,1.1889534808441082,0.18158234524510866,847.0,99.9275145496871
20900.0,0.38906010258872026,0.004732668636529539,0.358905393397509,0.005458003671146088,0.2804771278645451,0.003530912497460937,1.1904485539337517,0.17936443061742227,854.0,99.9941699186778
21000.0,0.38868470322672494,0.004803785642600812,0.3583288248631105,0.005511087658192946,0.2816480745262066,0.003598002644025666,1.1849342045587334,0.1814544909518661,862.0,100.0683295593809
21100.0,0.3882523753766944,0.0048853859298590985,0.3581377518236225,0.005667657787157525,0.2796853261649449,0.00349324877368891,1.1834904773896544,0.18587294914486452,867.0,100.03184550480904
21200.0,0.38881568230676106,0.004892564737366639,0.3580276386688449,0.00565938334054747,0.2806693760842351,0.0035494826970729944,1.1821376472524479,0.1862683252917829,872.0,99.77080120226327
21300.0,0.38829628435084734,0.004865021312719247,0.3584312829997236,0.0056421199047161745,0.2799318675086041,0.003507512457871032,1.1856012523809971,0.18500333019009949,878.0,100.08216093458964
21400.0,0.3887913202329675,0.004787936268256108,0.35840840936395907,0.005435905747005256,0.28160979754000676,0.0035900447569140992,1.1874349980131849,0.178943644299723,883.0,99.95032395741595
21500.0,0.38892568956744855,0.004736359526208224,0.35926395437262965,0.005453793999918188,0.28077050777852797,0.0035438172516852676,1.1930700011901716,0.17930992943379764,889.0,100.13802091666845
21600.0,0.3889919038296533,0.0048339465672466424,0.3588111242026153,0.00550109571034714,0.28140960474294036,0.0035779550377781004,1.189358555910987,0.18060198494368102,895.0,99.87890722230593
21700.0,0.38776940138795407,0.004872806032319761,0.35767998710586857,0.0056288404608597015,0.2797958447874257,0.003503131817963909,1.1825497170241421,0.18518550762509978,898.0,100.23470258024689
21800.0,0.38902342501040327,0.004933507240649013,0.3588448029126172,0.005698304112039363,0.2807841235168839,0.0035351231084235534,1.1878387443388914,0.18757296800318446,907.0,99.6702580468384
21900.0,0.38751188507878204,0.004822988093483017,0.3572495355114934,0.0055334541486143154,0.2799268592860589,0.0035018995584881005,1.1823222690088588,0.18305651538188616,911.0,100.3553311175727
22000.0,0.38888997974597656,0.0048381701957798465,0.35924614782169584,0.005527897422085618,0.28184326004061966,0.003590905088910608,1.1918032216303414,0.18215891442442042,917.0,99.90641808568918
22100.0,0.3884452398735025,0.004727588883423246,0.3582441801704463,0.005414631431310928,0.2803132354151559,0.003526225865069137,1.1890256393265528,0.17874760542988016,925.0,100.1766766094453
22200.0,0.3891847960668415,0.004897619624346526,0.3595491150990217,0.00561515823049501,0.2814408726386614,0.0035860048245156813,1.19169454233153,0.18387284285686084,932.0,99.72783482394684
22300.0,0.38754338600601085,0.004857443275247433,0.3572236297104939,0.005594156658310578,0.27980550560456885,0.003518805481198092,1.1802067362636048,0.1848219196299469,945.0,100.31191170863956
22400.0,0.3893990090156671,0.0049257554560484165,0.3593599923687347,0.005681395493013631,0.280943529633785,0.003548851733850959,1.1901386648072032,0.18693523371925527,946.0,99.60310214687013
22500.0,0.3874715078427249,0.004798485437592341,0.3573659402859683,0.005534086192755726,0.28026053132963674,0.0035376402444621366,1.1811986685944658,0.1834564843610992,950.0,100.44986970043807
22600.0,0.38920931068220344,0.00482587975849909,0.35901446125767783,0.005521775695986139,0.28149671076640487,0.0035909002746888725,1.1891685716797302,0.1819812631266066,953.0,99.78857313232238
22700.0,0.38875999755669177,0.004799886691263944,0.35882941788584083,0.005589182632785581,0.2801519071400765,0.003539025745086732,1.1875596696605153,0.18403816058833272,957.0,100.08751347720941
22800.0,0.3887216612506413,0.004891480740398878,0.3581356562450141,0.005620117829824896,0.28105114762524613,0.0035999227306136496,1.1818735313411386,0.18492225519980396,961.0,99.83565068253918
22900.0,0.38850190566556625,0.004905665488546217,0.3586258118612693,0.00571514381705863,0.27964721784815305,0.0035162059167376898,1.1848979282534848,0.18771397727036956,969.0,99.98925142503843
23000.0,0.38888126576428805,0.004823319135008556,0.35825767376844336,0.005551356768378929,0.28142637677846705,0.0036188793238193188,1.1832573540744138,0.18348795212167593,971.0,99.8690702616568
23100.0,0.38883296908156334,0.004801832502280002,0.3590992209122925,0.005553852897849211,0.2802586864944419,0.003553505607146988,1.1890960852066559,0.1823402755075347,973.0,100.09873210389782
23200.0,0.3890579548102771,0.004794997710030491,0.3586830833019165,0.005519406437814154,0.28172963113931426,0.0036420129534698114,1.1853195309492541,0.1819403256210628,979.0,99.91041049492522
23300.0,0.38873788460454745,0.004842655453490065,0.35857530170177504,0.005654089925967523,0.2795976144633651,0.0035225105848453904,1.1851725501248098,0.1859899378998592,986.0,99.99591790306484
23400.0,0.38852777556661156,0.004960143489586455,0.3581706817126021,0.005747352905749316,0.28080101583264655,0.003586323822083757,1.180741200382792,0.18941362803652378,992.0,99.84516263116096
23500.0,0.3874710621442683,0.004855480084434956,0.35704727851047424,0.0056361692944329545,0.27961158457169966,0.003531231708934499,1.1776117537329083,0.186954971932382,998.0,100.23895978117618
23600.0,0.38991795426810144,0.0048724115151953335,0.36013298680180184,0.005603910693231106,0.2814721518846076,0.003606644554928821,1.1939732724593257,0.18430591474816874,1002.0,99.66691556404115
23700.0,0.3876151544153507,0.00471269959283059,0.3574531131339975,0.005402161474394422,0.2805964346716835,0.0036021012931578443,1.1820708707296739,0.17893202413070297,1008.0,100.40323691995962
23800.0,0.39013870865673694,0.004880717054434698,0.3605545789692238,0.005590568701262642,0.2815047068999261,0.0036166829107757035,1.1962803686153833,0.1828777768448387,1013.0,99.59968730525694
23900.0,0.387528532895595,0.0048308950189405765,0.35715791252153595,0.00559031632800501,0.2796755207537948,0.0035385520653324963,1.1791923029146307,0.18555150097692666,1020.0,100.21168798077264
24000.0,0.3883422695664341,0.005006263004048372,0.3583085983863597,0.005752151356097616,0.2807580162902801,0.003568826843754906,1.1831505366002426,0.18998096634587008,1028.0,99.87189796972507
24100.0,0.38745275192874373,0.00486288837813648,0.35733710460470036,0.00560845920482362,0.2796073297560348,0.0035173785608418676,1.1809279758530802,0.18614606352488003,1034.0,100.24900069429097
24200.0,0.3890993844153583,0.004836243045195361,0.3590892594779008,0.005521188041292122,0.2816737586609807,0.0036232482662932894,1.1895115510814107,0.1826213273801587,1043.0,99.9241141075213
24300.0,0.3884690223593768,0.0048122409855510225,0.3589116594783114,0.005500337321488269,0.2801890441960415,0.0035585624427456196,1.189817880286714,0.18087237522411276,1046.0,100.08504175773754
24400.0,0.3887964224949771,0.004846112243088056,0.3585412904244946,0.0055187229022039775,0.28163144864853745,0.0036444749626516866,1.1857172131701288,0.1821809642667786,1054.0,100.02063782135325
24500.0,0.3885190349681756,0.004916673794055109,0.35879671290449305,0.005685739416735849,0.2795432891804213,0.003515767657265422,1.187459740893941,0.1873662223957846,1065.0,99.86373254480088
24600.0,0.38798273426656316,0.004918438162059814,0.3574858613851543,0.005609300865206268,0.2811916574445435,0.0036277633222213394,1.179234653307425,0.1858780606666685,1076.0,100.11402479916146
24700.0,0.3884438358035991,0.004838663142264039,0.35872048819027,0.005610171317649694,0.2800032018509868,0.0035621311823212597,1.186739699853608,0.18509276165273417,1083.0,100.00852396374755
24800.0,0.38969979030002655,0.004811795995806276,0.3594267750963835,0.0055141082205801195,0.2815770849175152,0.003647708356461805,1.1899377095886667,0.18157497629227504,1086.0,99.81657196897606
24900.0,0.38795754757488143,0.004806698155479848,0.35807305606579193,0.005563086934581289,0.2802180834297713,0.0036005451086093113,1.1823752124276063,0.1835667539867368,1092.0,100.1978346481792
25000.0,0.3895099449125571,0.004921653769655377,0.3593120763338715,0.005671103698222678,0.28105535192166664,0.0036243328837331614,1.1877121000215765,0.186815033278715,1099.0,99.74892379748701
25100.0,0.3877984189545499,0.004853003145275107,0.3574830020677849,0.005641945258105875,0.27966205011186357,0.0035681365734121554,1.1790458403995718,0.18724896055033605,1101.0,100.12670905775586
25200.0,0.38921050389885925,0.004913441563404019,0.35933667343382275,0.005649998269909174,0.28146434389525987,0.003659064494675406,1.1871346633130169,0.18599332390405016,1103.0,99.91204318680089
25300.0,0.388561801139008,0.004735732150242419,0.35830897647212956,0.005484051913778672,0.2801620131387136,0.003611651549521431,1.1845340262522486,0.181445012259589,1104.0,100.06139498569557
25400.0,0.39009603082062866,0.00484587534154447,0.3603453729246046,0.005610941218778591,0.28177743001001504,0.003684363743970816,1.1923703403685442,0.18463699809770306,1108.0,99.7595420857171
25500.0,0.38746235652549366,0.004835353386276312,0.35710902216152385,0.005596553803055823,0.2796266600601137,0.003583016780263648,1.177011908948915,0.18558174193395377,1112.0,100.20287193998108
25600.0,0.38905600134278895,0.004975265154094747,0.35895672412849056,0.005783096618790544,0.28098278089028256,0.0036262196149104147,1.1841833249816378,0.19154542841511238,1117.0,99.80095183964815
25700.0,0.3878453924823089,0.004867612287059742,0.3576254104464508,0.00565137250707904,0.2796247213512699,0.003570067210871908,1.1797785719406841,0.18778838731810907,1121.0,100.13073194642195
25800.0,0.38918335932539183,0.004866168353332763,0.3592645200067963,0.00556128919129321,0.2817178182301274,0.0036884601943937695,1.1876448212300839,0.18328558233273826,1129.0,99.97384277906455
25900.0,0.38905894837417454,0.00475179948221319,0.3594090940439719,0.0054933622229381565,0.28053926064598084,0.003638215435429595,1.1904159742638458,0.18115006884943827,1138.0,100.01340100882163
26000.0,0.3894806404850228,0.0048455835078163745,0.3593499902342741,0.005530515029776807,0.28151283110380493,0.003679754691015619,1.189042863982363,0.182306723713115,1144.0,99.90370259511865
26100.0,0.3875028293189823,0.004918289368479922,0.3577774975320799,0.005695454982206284,0.2797733943802433,0.003587271335061832,1.1799772423676358,0.18852472280765015,1148.0,100.13837605366382
26200.0,0.3885213882426435,0.004954307428221779,0.3579484533767082,0.0056888072224352,0.2807495764353692,0.0036258847973006194,1.1807263835841688,0.18881170621778162,1156.0,99.93272117308835
26300.0,0.3882453976750681,0.0048967852310697465,0.3585843442670007,0.005674764829352421,0.27979111879676827,0.003582463759142979,1.1848729888296328,0.187367812059273,1161.0,99.94965644002838
26400.0,0.3887133829337158,0.004835203194533481,0.3586090644946447,0.005492300032805672,0.2817940971819923,0.0037072148881034275,1.185118240317353,0.1813424973876931,1169.0,100.14717844209027
26500.0,0.3892474826244385,0.004792977006415377,0.3597080216835117,0.005521505433838357,0.28026385862002,0.0036153352218660072,1.1926724967059839,0.1817682446280413,1174.0,99.8467371698254
26600.0,0.38894151934285737,0.004878305408870376,0.35892878155130475,0.005576169647645979,0.2816410796619527,0.0036896511975322965,1.18628317634653,0.18443645836364467,1180.0,100.08863871390706
26700.0,0.3874894201510811,0.0049104098980631864,0.3574944906985321,0.0056533140573887634,0.2796024696333819,0.0035806319529221894,1.1796958639957846,0.18762936311696768,1187.0,100.06639373289232
26800.0,0.3891851709363852,0.004950493948960388,0.35922822860162706,0.00571651525845898,0.2811189027220356,0.0036547172177732027,1.186621596956236,0.18930483174419838,1196.0,99.94683443165451
26900.0,0.3878721757927986,0.00479795115073948,0.35770699144991386,0.0055478891789388605,0.2798658678215905,0.0036136194062185963,1.1809515775244537,0.18437210668959475,1199.0,100.06016561372077
27000.0,0.38970832536599626,0.0048842231365574425,0.36013722092246486,0.005612106434026085,0.2816719011428999,0.003698945573293451,1.19153926997173,0.1847946030626531,1204.0,99.91617862659572
27100.0,0.38792720773806777,0.004768216257957299,0.35764276131454475,0.005536762874370419,0.2800129389602158,0.0036300208905309297,1.180066980939392,0.1844325598021839,1204.0,100.08296185384282
27200.0,0.389644207263621,0.004973410286251813,0.3598483578065086,0.005742371168697845,0.2810223501808984,0.003657506598092889,1.189191443363233,0.18942016962321548,1209.0,99.7853508328753
27300.0,0.38703826616427495,0.004872585438228614,0.35681430022942207,0.005643705730360309,0.2797577358810876,0.0036333382335671655,1.1742687962215501,0.1880621045811173,1212.0,100.2115893512695
27400.0,0.3900340512408956,0.0049017064741147245,0.3600772362923365,0.005660474715265922,0.2812888105753295,0.0036910657732177905,1.1906318805084368,0.18663020380699327,1215.0,99.81322253327293
27500.0,0.3886165966048133,0.004784491705386728,0.35875312922671476,0.005559572139453432,0.2802620013450491,0.0036608644603643055,1.1849405702108986,0.18387026029137662,1220.0,99.96568551838139
27600.0,0.38902065229297605,0.004850226235869217,0.3588671594029558,0.005581039113859564,0.2816121273517781,0.003731438542922754,1.1840684879270904,0.18468602057871206,1230.0,100.15804716890682
27700.0,0.3888160921873869,0.004891208313335163,0.35896263865155453,0.005724365289725339,0.27953977242985234,0.0036007697259434167,1.185356434277617,0.1894027292601452,1233.0,99.70300992298196
27800.0,0.38815544569562094,0.004933957597543399,0.3575401562626107,0.005700138363040503,0.2810009769963336,0.003690895185810428,1.176242711800409,0.18961501263062938,1236.0,100.21724269502195
27900.0,0.38846300844716813,0.004916266861397834,0.35882506560608524,0.005705630762594737,0.27968798242953735,0.003613648778531258,1.1847819427721218,0.18820930490379764,1242.0,99.75634391850926
28000.0,0.38944597276860504,0.00479592722830524,0.3591457902507042,0.005505076475341121,0.28178571631350696,0.003737339296810013,1.186659087457419,0.18225724318008632,1248.0,100.11453105697956
28100.0,0.38914421596162885,0.004796911652604007,0.35968932131839537,0.0055391501006278755,0.2804024030090477,0.003663748473592384,1.1908413011488397,0.18242323729575968,1256.0,99.7871892399487
28200.0,0.3888998183022596,0.0048887914173348385,0.35880934506429846,0.005577887374599219,0.28152923599566715,0.003724125615698532,1.1848351263092054,0.18426133382815993,1264.0,100.17708883355121
28300.0,0.38789044667935474,0.004909821652716908,0.3578851409090608,0.005707926287118362,0.27965346402168717,0.0036154189077600473,1.1804288768469222,0.18978358792012548,1270.0,99.96359159040436
28400.0,0.38893206567886546,0.005009990443207514,0.3589042097674647,0.0057543026893548165,0.2809085589335815,0.0036680109249860233,1.184688261550179,0.1904107090971644,1274.0,99.96964069651293
28500.0,0.38724388383027786,0.004834129411692803,0.35720264785121864,0.005567070171904066,0.2801442811255226,0.003663184817737689,1.1777051566572623,0.18534181855913906,1281.0,100.25320001459167
28600.0,0.3905565499573055,0.004865846499543661,0.36106936969125897,0.005577896382352676,0.28174877473525384,0.0037202283608221555,1.1977205109965106,0.18353169280085382,1287.0,99.75815234662232
28700.0,0.3877821575659367,0.004770790189495915,0.3577688514068519,0.005470726315789496,0.280417347980514,0.003696024062330409,1.1818102342489651,0.18202132663869017,1296.0,100.1549438610502
28800.0,0.3892092062193864,0.004974747375477848,0.3596437011913672,0.0057014813094710265,0.2814347350196769,0.003723920370571545,1.1884408144921987,0.18842590756578356,1306.0,100.02340093335862
28900.0,0.3877966690558243,0.004898094616217906,0.3575030874462089,0.005670226115155858,0.27944019210732357,0.003633027761351057,1.1789363278274627,0.18908397340872626,1315.0,99.90206632351075
29000.0,0.3889582908165211,0.004977051900876412,0.3590903182119689,0.005744292121987552,0.28133962003652113,0.0037495511763087357,1.1843271394468509,0.1901263955672199,1322.0,100.10407954135223
29100.0,0.38825554272382107,0.004846460507528156,0.3583400641873417,0.00559777973924738,0.27999879204077555,0.003689197107408982,1.1829078121964787,0.18528176637950192,1327.0,99.94511014585876
29200.0,0.3898145773878924,0.004848095440708586,0.3597956870753304,0.005595590776810463,0.28180861424602555,0.0037808133813693346,1.1887831969107974,0.1850009448959149,1329.0,100.00772142787446
29300.0,0.388474037225309,0.0048835130841536215,0.3586956894150144,0.005664751078586006,0.27996658568310384,0.0036880457789055213,1.1836432440727076,0.18719809851692365,1331.0,99.92005719369547
29400.0,0.3886839764280545,0.004960419633204847,0.3583010366223794,0.005701832095113565,0.2811324390243662,0.0037458103130885434,1.1796819630547912,0.18873572704441574,1334.0,100.10533392035083
29500.0,0.38876744360673404,0.004922268576265888,0.35897761758662344,0.005759197927155147,0.2798057461117352,0.0036731532641391847,1.1837754098544906,0.1903603204487706,1339.0,99.78392635321275
29600.0,0.3892841368332773,0.004884272502978207,0.35888350233044386,0.005604522264053921,0.28140915981241105,0.003763591814432393,1.183338422179244,0.18500425602224596,1340.0,100.00346535568535
29700.0,0.3887744280725021,0.004834779672305094,0.3591730435351478,0.00563422367648062,0.28048963311363334,0.0037322822528778493,1.185257851654624,0.1859561664777726,1343.0,99.9720903600253
29800.0,0.3897047161151103,0.004880026778346902,0.359304285473179,0.005632318982912685,0.28131356351296716,0.0037511706342701137,1.1856978315182563,0.18620737273804877,1346.0,99.87610741310368
29900.0,0.3879466503858972,0.004939809731189857,0.3580349390854277,0.0057596303968333986,0.27969772028045503,0.0036743992957036903,1.1789102228886554,0.1908262030463419,1353.0,99.98573295034869
30000.0,0.38867218993957225,0.005002374370838633,0.35845023089779277,0.005762857846089081,0.2811022137906873,0.003742972033220519,1.180214929496895,0.19079256335118921,1362.0,100.06742437376826
30100.0,0.3886453580454354,0.004875179952137013,0.35870769119505846,0.005651422551185786,0.27991124699192194,0.003689208054713469,1.184515101528068,0.18707349922719646,1369.0,99.90333399906174
30200.0,0.38962415301050546,0.004888617582238088,0.3600018088058626,0.005604089904746167,0.2821558680189008,0.0038185314099655233,1.1900307423573633,0.18494503242375984,1379.0,100.05162404385315
30300.0,0.38824414504266697,0.004822058768594679,0.35833654881465893,0.005542202340436002,0.2802832641617747,0.0037254324006804674,1.1838010869236855,0.18379043341166473,1384.0,100.07165930015307
30400.0,0.3896097826925408,0.0049789864777330965,0.3599565790958631,0.00575763581522516,0.28151489626464793,0.00376894871803672,1.1892920010976027,0.19053658838235044,1395.0,99.86073343042412
30500.0,0.3870058623473574,0.004948992463754059,0.35672782564522376,0.0057190785534785215,0.2795591773359491,0.0036741582224389053,1.1740660755104992,0.19095073837617213,1409.0,100.22969142068453
30600.0,0.3890526096952943,0.005044240433757196,0.3593855638918672,0.005810239492121225,0.2812473630137648,0.0037521161012268292,1.1859308533033708,0.1920687853277432,1418.0,99.91285155535702
30700.0,0.38821615386955366,0.004823908680660944,0.35819489222092366,0.005578491653823873,0.2803353622373352,0.003726541517946096,1.182359781011399,0.18541834778109373,1426.0,100.15803929415023
30800.0,0.3900959557945135,0.004907907247794248,0.3605282117678359,0.0056113520236223515,0.2819406626468338,0.003801752068717724,1.1931276944649658,0.18441822262073634,1431.0,99.84784626754615
30900.0,0.3880427117067003,0.00485874136186719,0.35822103250163306,0.0056131665370204005,0.28046136499048196,0.0037393938954812687,1.1812509193474225,0.18593132854978917,1438.0,100.19479894868631
31000.0,0.34943388081787935,0.005795080557985336,0.33360216801556775,0.006190553375459793,0.28841324630519055,0.006032973825671245,1.0954911858412815,0.3280802265959268,1440.0,99.80663673776621
31100.0,0.3494283465987033,0.005806835131900845,0.3335810796542058,0.006206396379885917,0.28842068836650486,0.006034639303072577,1.0948847066834844,0.32840457140782736,1436.0,100.05510183459647
31200.0,0.34949114269829246,0.005811485665602513,0.3336059699835812,0.006214562642175858,0.2884215960088374,0.006033468553249788,1.0946036233418068,0.3287552517753334,1434.0,100.04969820177874
31300.0,0.349707467217982,0.005789660897441532,0.33382619721958096,0.006205039028028202,0.28836275349922913,0.006039453775580392,1.096036121868068,0.32836620229434094,1430.0,99.72113631366248
31400.0,0.34970502184683067,0.005798283851401259,0.3337605615578364,0.006214427470998684,0.288490916300478,0.006038839114375475,1.0947108471390004,0.3280007141983744,1427.0,100.11959737016828
31500.0,0.34970502184683067,0.005798283851401259,0.3337605615578364,0.006214427470998684,0.288490916300478,0.006038839114375475,1.0947108471390004,0.3280007141983744,1427.0,99.7986146533502
31600.0,0.3498156835025884,0.005796629863389659,0.33391307238524914,0.006206191237029055,0.28856757085711504,0.006041407270147335,1.0959956099341832,0.3271373776939194,1425.0,99.99900814946892
31700.0,0.3498156835025884,0.005796629863389659,0.33391307238524914,0.006206191237029055,0.28856757085711504,0.006041407270147335,1.0959956099341832,0.3271373776939194,1425.0,99.98841934351283
31800.0,0.3498156835025884,0.005796629863389659,0.33391307238524914,0.006206191237029055,0.28856757085711504,0.006041407270147335,1.0959956099341832,0.3271373776939194,1425.0,99.99596501522474
31900.0,0.3498156835025884,0.005796629863389659,0.33391307238524914,0.006206191237029055,0.28856757085711504,0.006041407270147335,1.0959956099341832,0.3271373776939194,1425.0,100.02321754200307
32000.0,0.3498156835025884,0.005796629863389659,0.33391307238524914,0.006206191237029055,0.28856757085711504,0.006041407270147335,1.0959956099341832,0.3271373776939194,1425.0,99.84992090871336
32100.0,0.3498156835025884,0.005796629863389659,0.33391307238524914,0.006206191237029055,0.28856757085711504,0.006041407270147335,1.0959956099341832,0.3271373776939194,1425.0,100.27673128896846
32200.0,0.3498156835025884,0.005796629863389659,0.33391307238524914,0.006206191237029055,0.28856757085711504,0.006041407270147335,1.0959956099341832,0.3271373776939194,1425.0,99.70769255981536
32300.0,0.3498156835025884,0.005796629863389659,0.33391307238524914,0.006206191237029055,0.28856757085711504,0.006041407270147335,1.0959956099341832,0.3271373776939194,1425.0,100.30689285405552
32400.0,0.3498156835025884,0.005796629863389659,0.33391307238524914,0.006206191237029055,0.28856757085711504,0.006041407270147335,1.0959956099341832,0.3271373776939194,1425.0,99.85993414007476
32500.0,0.3498156835025884,0.005796629863389659,0.33391307238524914,0.006206191237029055,0.28856757085711504,0.006041407270147335,1.0959956099341832,0.3271373776939194,1425.0,100.00030732687604
32600.0,0.3498156835025884,0.005796629863389659,0.33391307238524914,0.006206191237029055,0.28856757085711504,0.006041407270147335,1.0959956099341832,0.3271373776939194,1425.0,100.09222604151044
32700.0,0.3498156835025884,0.005796629863389659,0.33391307238524914,0.006206191237029055,0.28856757085711504,0.006041407270147335,1.0959956099341832,0.3271373776939194,1425.0,100.0145429608092
32800.0,0.34980434351698286,0.005800517282163769,0.3339144385500588,0.006210546857763178,0.28861415235224047,0.006042557815576987,1.0961534169868268,0.32733162212962336,1424.0,100.05458885711423
32900.0,0.3497840933644142,0.005804009603874397,0.3339031858721969,0.0062147309509302095,0.28857077732657077,0.006044125063396704,1.0961559595755987,0.3275616421733726,1423.0,99.93375202518247
33000.0,0.3497840933644142,0.005804009603874397,0.3339031858721969,0.0062147309509302095,0.28857077732657077,0.006044125063396704,1.0961559595755987,0.3275616421733726,1423.0,100.03576863975854
33100.0,0.3497840933644142,0.005804009603874397,0.3339031858721969,0.0062147309509302095,0.28857077732657077,0.006044125063396704,1.0961559595755987,0.3275616421733726,1423.0,99.82928191630548
33200.0,0.3497840933644142,0.005804009603874397,0.3339031858721969,0.0062147309509302095,0.28857077732657077,0.006044125063396704,1.0961559595755987,0.3275616421733726,1423.0,100.05856483552691
33300.0,0.3497840933644142,0.005804009603874397,0.3339031858721969,0.0062147309509302095,0.28857077732657077,0.006044125063396704,1.0961559595755987,0.3275616421733726,1423.0,100.06340344427582
33400.0,0.3497840933644142,0.005804009603874397,0.3339031858721969,0.0062147309509302095,0.28857077732657077,0.006044125063396704,1.0961559595755987,0.3275616421733726,1423.0,99.83937946288482
33500.0,0.3497840933644142,0.005804009603874397,0.3339031858721969,0.0062147309509302095,0.28857077732657077,0.006044125063396704,1.0961559595755987,0.3275616421733726,1423.0,100.09869282735869
33600.0,0.3498802991606547,0.005794920530781637,0.3339814386426743,0.006210387631575167,0.2885819712639133,0.006048197195039204,1.0968407361013561,0.3271247233648521,1422.0,99.88752957766238
33700.0,0.3498802991606547,0.005794920530781637,0.3339814386426743,0.006210387631575167,0.2885819712639133,0.006048197195039204,1.0968407361013561,0.3271247233648521,1422.0,100.01825547267555
33800.0,0.3498802991606547,0.005794920530781637,0.3339814386426743,0.006210387631575167,0.2885819712639133,0.006048197195039204,1.0968407361013561,0.3271247233648521,1422.0,100.03187003801972
33900.0,0.3498802991606547,0.005794920530781637,0.3339814386426743,0.006210387631575167,0.2885819712639133,0.006048197195039204,1.0968407361013561,0.3271247233648521,1422.0,100.06865578157077
34000.0,0.3498802991606547,0.005794920530781637,0.3339814386426743,0.006210387631575167,0.2885819712639133,0.006048197195039204,1.0968407361013561,0.3271247233648521,1422.0,99.76601333213736
34100.0,0.3498802991606547,0.005794920530781637,0.3339814386426743,0.006210387631575167,0.2885819712639133,0.006048197195039204,1.0968407361013561,0.3271247233648521,1422.0,100.09525378953035
34200.0,0.3498802991606547,0.005794920530781637,0.3339814386426743,0.006210387631575167,0.2885819712639133,0.006048197195039204,1.0968407361013561,0.3271247233648521,1422.0,99.89187307479119
34300.0,0.3498802991606547,0.005794920530781637,0.3339814386426743,0.006210387631575167,0.2885819712639133,0.006048197195039204,1.0968407361013561,0.3271247233648521,1422.0,100.08606301823228
34400.0,0.3498802991606547,0.005794920530781637,0.3339814386426743,0.006210387631575167,0.2885819712639133,0.006048197195039204,1.0968407361013561,0.3271247233648521,1422.0,100.01102292523832
34500.0,0.3498802991606547,0.005794920530781637,0.3339814386426743,0.006210387631575167,0.2885819712639133,0.006048197195039204,1.0968407361013561,0.3271247233648521,1422.0,100.07760578728698
34600.0,0.3498802991606547,0.005794920530781637,0.3339814386426743,0.006210387631575167,0.2885819712639133,0.006048197195039204,1.0968407361013561,0.3271247233648521,1422.0,99.811826760708
34700.0,0.3498802991606547,0.005794920530781637,0.3339814386426743,0.006210387631575167,0.2885819712639133,0.006048197195039204,1.0968407361013561,0.3271247233648521,1422.0,100.12911633159246
34800.0,0.3498802991606547,0.005794920530781637,0.3339814386426743,0.006210387631575167,0.2885819712639133,0.006048197195039204,1.0968407361013561,0.3271247233648521,1422.0,100.09099604233204
34900.0,0.3498802991606547,0.005794920530781637,0.3339814386426743,0.006210387631575167,0.2885819712639133,0.006048197195039204,1.0968407361013561,0.3271247233648521,1422.0,99.90503725847593
35000.0,0.3498802991606547,0.005794920530781637,0.3339814386426743,0.006210387631575167,0.2885819712639133,0.006048197195039204,1.0968407361013561,0.3271247233648521,1422.0,100.21190083768779
35100.0,0.3498802991606547,0.005794920530781637,0.3339814386426743,0.006210387631575167,0.2885819712639133,0.006048197195039204,1.0968407361013561,0.3271247233648521,1422.0,99.80285623493278
35200.0,0.3498802991606547,0.005794920530781637,0.3339814386426743,0.006210387631575167,0.2885819712639133,0.006048197195039204,1.0968407361013561,0.3271247233648521,1422.0,100.0282721214528
35300.0,0.3498802991606547,0.005794920530781637,0.3339814386426743,0.006210387631575167,0.2885819712639133,0.006048197195039204,1.0968407361013561,0.3271247233648521,1422.0,100.0993547899683
35400.0,0.3498802991606547,0.005794920530781637,0.3339814386426743,0.006210387631575167,0.2885819712639133,0.006048197195039204,1.0968407361013561,0.3271247233648521,1422.0,100.00378160498063
