ID,strat_res0,strat_res1,strat_res2,ancestor,alive_at_end
0,0.05514869758126722,0.5486758865440603,0.8342142366803503,0,False
1,0.061859911337411956,0.5316220434497033,0.8447196897715178,0,False
2,0.08248139686799431,0.5484959974858916,0.8320750927125875,1,False
3,0.07389185702062465,0.5448860667753664,0.8352479677916699,2,False
4,0.05952592170463963,0.5272800602351776,0.8476039185395503,1,False
5,0.08305387430371318,0.5514677741025908,0.8300514129193908,3,False
6,0.05342833108554455,0.5474511224044571,0.8351303383397789,0,False
7,0.09130771022450254,0.5514729547144113,0.8291806089580938,2,False
8,0.07828508322036244,0.5587877403059939,0.8256074775756952,5,False
9,0.08461339025681235,0.5540771645210296,0.8281540134211657,2,False
10,0.07551113587836088,0.561906635803009,0.8237469277629534,2,False
11,0.07349927848195718,0.5476095072861493,0.8334996602233573,2,False
12,0.05960521131961366,0.5291250264959815,0.8464478277597333,1,False
13,0.09175239533671573,0.5356987458224792,0.8394095256036816,2,False
14,0.07545479677904934,0.5491990910254689,0.8322781578654044,2,False
15,0.05403441288480406,0.5550858211705654,0.8300361518389388,0,False
16,0.08387049837021121,0.5777472563043808,0.8118952194316041,3,False
17,0.06657749249570145,0.5230541059916244,0.849695145154006,3,False
18,0.0641657782755464,0.5387047216578215,0.8400476032713041,1,False
19,0.08037343317290875,0.5377383102026209,0.8392720780416979,3,False
20,0.09567022109969264,0.5454048813514032,0.832694856590815,2,False
21,0.08500049755060232,0.5476475707644113,0.832380353956044,2,False
22,0.07022366983364013,0.5354298857563303,0.8416551987803906,2,False
23,0.0735565167820157,0.5390284628702054,0.8390695770046013,3,False
24,0.09501565240242096,0.5362199749539223,0.838713398163495,2,False
25,0.08275604398102036,0.5649070971046276,0.8209941588254049,2,False
26,0.06984177253003308,0.5568849289170859,0.8276480548849707,2,False
27,0.09468435777291513,0.556161801871441,0.8256627171746601,2,False
28,0.07696234415669272,0.5538405264327178,0.8290581818320334,2,False
29,0.08366999412879228,0.5507454910393258,0.8304689856835955,2,False
30,0.10235636399455413,0.5540994033010613,0.8261337821510643,2,False
31,0.07404887786343194,0.5498430872962989,0.8319791722390899,2,False
32,0.09583250699449315,0.5422020992152885,0.8347652449699166,2,False
33,0.0910953367050791,0.5442347882520469,0.8339725024764534,2,False
34,0.07419419523207006,0.5467841922802134,0.8339797770128123,2,False
35,0.08395166878841856,0.5467665760311144,0.8330656808696725,2,False
36,0.05273831219955381,0.5519850525758467,0.8321845781791333,2,False
37,0.0796556379908684,0.5487033634389462,0.8322136734559553,2,False
38,0.08320455415450738,0.5496630841386196,0.8312325162691666,2,False
39,0.09446406990442247,0.5508644523619685,0.8292315084589109,7,False
40,0.09805848566581592,0.5603124127735019,0.8224564021763486,7,False
41,0.12466199508629408,0.5560724119046503,0.8217316226722992,30,False
42,0.10825960752353916,0.5526418771915926,0.8263575575699674,30,False
43,0.07865528268600804,0.5586150572022338,0.8256891451221392,20,False
44,0.0925887845324072,0.5438733064228121,0.8340438498901178,2,False
45,0.093296204756904,0.5460811460369597,0.8325209907989819,20,False
46,0.08075963924601974,0.5462144134419277,0.833743183010898,30,False
47,0.10459296746040779,0.5545932987347582,0.8255220070696634,30,False
48,0.08245367622764149,0.5748091842314488,0.8141227137230135,30,False
49,0.10681969609993487,0.5334752964146895,0.8390433008137165,20,False
50,0.10422683969723566,0.5658759734455832,0.8178759982807543,30,False
51,0.08559908589872373,0.5466896038179727,0.8329485419704216,20,False
52,0.12045179871449388,0.5562253958479276,0.8222558441265463,41,False
53,0.1162550509667916,0.5407650848348999,0.8331013660703073,30,False
54,0.09866629526345055,0.5606719928047108,0.8221386006406581,30,False
55,0.09865109063045246,0.5558480412520977,0.8254095452280817,30,False
56,0.09816450797960304,0.5480955996461139,0.8306352647351841,30,False
57,0.10032478602511655,0.5393234110779944,0.8361011874003117,30,False
58,0.1227045161550295,0.5591834959908856,0.8199130560776375,41,False
59,0.11870444820580825,0.554504937547892,0.8236707644509201,41,False
60,0.10985928969612441,0.5582726677633607,0.8223518498160283,30,False
61,0.13111252100071663,0.5692407754680324,0.8116492138734502,41,False
62,0.10618426526398987,0.5456540395900219,0.831256020062073,41,False
63,0.1268604505359715,0.5335903891298183,0.8361744571069482,41,False
64,0.128673961295983,0.5480214707036113,0.8265080031870538,41,False
65,0.12096880124113872,0.5531785928472273,0.8242329728552742,41,False
66,0.1267382486815473,0.5680535566987671,0.8131743804640028,41,False
67,0.10701529344783194,0.5744804327122054,0.8114924271976122,41,False
68,0.11996582849095512,0.5504877336037746,0.826178827582902,41,False
69,0.1285261321901328,0.5426001767194554,0.830100043108215,41,False
70,0.135223716727017,0.5558699837038293,0.8201969931983634,41,False
71,0.1333332995041628,0.5521557662041937,0.8230104744721013,41,False
72,0.12648631566138596,0.5614761246351626,0.8177687774763033,41,False
73,0.10857571049828223,0.5556497505967495,0.8242964695736379,41,False
74,0.13831291210972974,0.5575623970617484,0.8185314360038247,41,False
75,0.12351230786358834,0.5645731539238216,0.8160893723574147,41,False
76,0.1185140310529823,0.557618015674007,0.8215939222263974,41,False
77,0.13080665982795608,0.536361035383094,0.8337904157924992,41,False
78,0.1236889868416667,0.543767037606221,0.830071348347259,41,False
79,0.13181909139639522,0.5663276882381257,0.8135703268177185,41,False
80,0.1254811660516936,0.5469500026607299,0.8277077815000503,41,False
81,0.12409393294000133,0.548451889676695,0.8269227415651021,41,False
82,0.12069768190947823,0.5573281006943407,0.8214727370753805,41,False
83,0.1298359314981657,0.5536048871194567,0.8225960490115773,41,False
84,0.14205380531269082,0.5486112146188669,0.8239213867782507,41,False
85,0.10894746819146367,0.5610854582847599,0.8205568582834774,41,False
86,0.11265790516416774,0.5485487501152498,0.8284940948196424,41,False
87,0.13611009052302608,0.5699442155417508,0.8103318051442334,41,False
88,0.13397657854170353,0.5504424551551099,0.8240530201176823,41,False
89,0.12463508361245218,0.5501600751437425,0.8257057512520719,41,False
90,0.10585675723698308,0.5484666073787371,0.8294448309186865,41,False
91,0.13365304478744203,0.5570904812169508,0.8196261704926899,41,False
92,0.12348379412951775,0.5452804774533366,0.8291085293829995,41,False
93,0.12754125806245603,0.5524661712598918,0.8237198292534191,41,False
94,0.11224401356781419,0.5535344473405579,0.8252277849330885,41,False
95,0.127952521108653,0.5683871404410044,0.812751014101636,41,False
96,0.12445025590043976,0.5580246126633621,0.8204393124833914,41,False
97,0.12090873730965687,0.5519203594324684,0.8250848405383044,41,False
98,0.10856145117789538,0.5634988007171177,0.8189526927170576,41,False
99,0.12234561247130357,0.5539352449806964,0.8235212780961991,41,False
100,0.13562548242819522,0.5680777352626043,0.8117224988966548,41,False
101,0.12855759035214795,0.5615545451749798,0.8173918514128771,41,False
102,0.1127646362815202,0.552399819410376,0.8259168095635785,41,False
103,0.1267533367532119,0.546007152138715,0.8281363302230479,41,False
104,0.12163038973696005,0.565801149043514,0.8155213719047923,41,False
105,0.1263534440875229,0.559748988671237,0.8189724518253032,41,False
106,0.13003699064987492,0.5519339809269571,0.8236863855623969,41,False
107,0.12338367975901612,0.556008148489021,0.8219680081261893,41,False
108,0.11281587536643133,0.5550214535806194,0.8241503287207753,41,False
109,0.1285144408885718,0.5480820197931524,0.8264926727216378,41,False
110,0.1426274964294932,0.5519666424630365,0.821577886064576,84,False
111,0.14369655314409402,0.5527705588317129,0.820850784188809,71,False
112,0.12408055978272038,0.5527010874657469,0.8240907247373844,41,False
113,0.13290979909648137,0.5547461786669933,0.821335292410171,41,False
114,0.12894849392000388,0.5470651487563912,0.8270985485006671,41,False
115,0.1477784396049282,0.5503850046008555,0.8217285923578713,41,False
116,0.15438761307913676,0.5532953723528395,0.8185528057863215,84,False
117,0.12665021602655235,0.5615160605615827,0.8177159876826604,41,False
118,0.13995880705617147,0.5532697802126191,0.8211602052163106,41,False
119,0.12197884304644613,0.548087843611621,0.8274786266328656,41,False
120,0.14529955747341738,0.5639357537985804,0.8129357318913076,74,False
121,0.11166383882001535,0.546572220012033,0.8299337295297109,41,False
122,0.12495943420689407,0.5585043765080596,0.8200353658373745,41,False
123,0.15782743665412824,0.5442499394894114,0.8239432647973762,84,False
124,0.1210621715440636,0.5614654119162358,0.8185966905886971,41,False
125,0.14124674357475564,0.559038916247583,0.8170219382307032,74,False
126,0.14240283256436562,0.5520684343626227,0.8215484630002345,84,False
127,0.12950933532629186,0.5604329003834073,0.8180111834389455,41,False
128,0.13267125965565357,0.5468277922543439,0.8266666211234264,84,False
129,0.11170704600000537,0.5647771618477916,0.8176480253318698,41,False
130,0.13740333681259312,0.5651959226314184,0.8134333974417235,74,False
131,0.1157371699864122,0.5589730507380385,0.8210688375721896,41,False
132,0.15007903202537481,0.546948729998025,0.8236038919892705,84,False
133,0.14763637857656683,0.5470726246266849,0.8239630107625385,74,False
134,0.1277080426270417,0.5478004097077859,0.8268043099623705,84,False
135,0.13072429736065314,0.5518247040438776,0.8236508083444405,84,False
136,0.14590085528964364,0.5436574809886243,0.8265285740921811,84,False
137,0.1279310433463986,0.5531377259750315,0.8232085423824712,84,False
138,0.14049187474773758,0.5595314259003976,0.8168149218517826,84,False
139,0.15582294566295946,0.5550223117082052,0.817110422838308,74,False
140,0.12961615955348196,0.5528323794408079,0.8231500540147104,84,False
141,0.12369246828066102,0.5580718438324425,0.8205217793648721,70,False
142,0.12288889746087711,0.553422356309763,0.8237851749196511,84,False
143,0.14343462708290483,0.5385282346090872,0.8303094894570385,84,False
144,0.13638382132458274,0.5565911618333718,0.8195155470458637,74,False
145,0.15905971007648848,0.5598774282044012,0.8131649734325803,74,False
146,0.13083430996998474,0.5635794523782154,0.8156350802851412,74,False
147,0.14192026023626225,0.5633564382087523,0.8139337585229032,84,False
148,0.12418211803695742,0.5490457241465977,0.826515332196683,84,False
149,0.15138069786401614,0.5486018322168416,0.8222651117507831,84,False
150,0.1259384943587082,0.5578707506475907,0.8203168419644664,84,False
151,0.1633338363483925,0.5451569754059666,0.8222687699711906,84,False
152,0.14983295052359266,0.5577406684531507,0.8163794667253871,116,False
153,0.14708113151481184,0.5403166254002454,0.8285077459314509,84,False
154,0.13097502885595513,0.5427814019287469,0.8295986327956704,84,False
155,0.13746247027396752,0.5449301248192241,0.8271367651910313,84,False
156,0.15625020959938205,0.5442700713428079,0.8242305268798554,116,False
157,0.16373400946524264,0.5530539067782315,0.8168981272727776,123,False
158,0.14507228844337125,0.5463735069152502,0.8248818230916075,84,False
159,0.1457598535934038,0.5480534819525795,0.8236452185255999,84,False
160,0.15257154901427722,0.5455402708816565,0.8240799325779951,123,False
161,0.13931871267113227,0.5544700625973701,0.8204591677730996,116,False
162,0.14887336205646898,0.5407092395525379,0.8279313016987095,84,False
163,0.1565079465773304,0.5506666147724907,0.819921668230053,123,False
164,0.15873850269509288,0.5543441786336651,0.8170095589263855,84,False
165,0.14357888660851212,0.5366368879605412,0.8315082403682393,84,False
166,0.1468085547916545,0.5495350767048811,0.8224709403443663,84,False
167,0.16490037157126192,0.5491576581119063,0.8192885535589439,116,False
168,0.14899926540258132,0.5426771204882745,0.8266200831143931,123,False
169,0.1603792196803468,0.535737478599445,0.8290137875322897,84,False
170,0.16286856047770418,0.5505165804886811,0.8187828323890102,116,False
171,0.15197900813513626,0.5508608063529911,0.8206428901235863,123,False
172,0.12838218148669514,0.5517522794837049,0.8240676171050849,84,False
173,0.14671078235062338,0.5393529810349138,0.8292010059031646,116,False
174,0.15656113303481567,0.5480179425991584,0.8216842131939983,116,False
175,0.16044839780721618,0.5532125536453459,0.8174424641100391,123,False
176,0.15839491294072006,0.5480282569164524,0.8213258069582476,116,False
177,0.1521711605199052,0.5584850994145093,0.8154375093396128,123,False
178,0.12484396861935643,0.5438908544109765,0.8298172822901841,84,False
179,0.17258558417479558,0.5527126000304019,0.8153054629417599,116,False
180,0.15435077461495988,0.5434201197402488,0.8251487210420043,123,False
181,0.15980768579839352,0.5452337543200466,0.8229104791590813,123,False
182,0.15440341872594476,0.5517547048026628,0.8195891226790819,116,False
183,0.15112047003430018,0.5350768954150957,0.8311770686980933,116,False
184,0.1615805162271024,0.5371562532046718,0.8278616408669396,123,False
185,0.16260802633954585,0.5449906254032677,0.8225228556049448,123,False
186,0.1583044165740801,0.5441757869257959,0.8239007371139019,123,False
187,0.16107491565396886,0.5425340394533646,0.8244462915081138,123,False
188,0.1468649526792673,0.5368425383318975,0.8308012847317232,123,False
189,0.16406905620026374,0.5502605009351363,0.8187152898951916,123,False
190,0.1681244347744582,0.548118180429199,0.8193293810884319,123,False
191,0.16415712318430611,0.5407665090454754,0.8249994070316793,123,False
192,0.16604377600242343,0.5417336450281237,0.8239867245868708,123,False
193,0.15445911783427063,0.5374036872335568,0.8290595020055174,123,False
194,0.14600642016473167,0.5339509824370046,0.8328135887611569,123,False
195,0.1623184615758236,0.5409400781312224,0.825249385884682,123,False
196,0.16110885857588808,0.5309642011484116,0.8319380702836021,123,False
197,0.16323651295816896,0.5334874412365759,0.82990661575873,123,False
198,0.1468649202957318,0.544524341036595,0.8257868594287452,116,False
199,0.176790909435481,0.5454023854159008,0.8193175283878776,123,False
200,0.16155707041275305,0.5510836651329322,0.8186611674089,123,False
201,0.16940434930468298,0.5538594082245719,0.8151944077076239,123,False
202,0.14483292384668767,0.5429424524030122,0.8271861444370441,123,False
203,0.1482159643933988,0.5404990551031914,0.8281864520332918,123,False
204,0.15010433384396077,0.5484527432197152,0.8225984910124926,123,False
205,0.16089218143506126,0.5408695086520918,0.8255748788350529,123,False
206,0.15485915056754732,0.5515841667495126,0.8196179295725196,123,False
207,0.15160862323549198,0.5495998262290063,0.8215563622598785,123,False
208,0.16269195800703,0.5501209129172703,0.8190838223105789,123,False
209,0.16818433158094862,0.535530589613197,0.8275995518360382,123,False
210,0.16330529813239258,0.542810269723678,0.8238254612989323,123,False
211,0.1791782656168094,0.5416406175582362,0.8212920251297248,123,False
212,0.15022463348951046,0.552050064653713,0.82016662063801,123,False
213,0.1578179284785202,0.5484327713441215,0.821166850747493,123,False
214,0.1493139321745692,0.5512627037826429,0.8208622180834116,123,False
215,0.15387227233944428,0.5437647414812764,0.8250110482453531,123,False
216,0.15256480424886434,0.5557880205336387,0.8172047826192682,123,False
217,0.1560374031544648,0.5604323016138205,0.8133682832054904,179,False
218,0.15906847930030202,0.5373719818033611,0.8282080487811124,151,False
219,0.15538959864173083,0.5414703230086063,0.8262348104110099,123,False
220,0.15934594482152128,0.5410556912954935,0.8257527528175077,151,False
221,0.1583909711834112,0.5524764659101118,0.8183410382371453,179,False
222,0.1692023802125116,0.5520298349629795,0.8164763412623578,123,False
223,0.15939855539881764,0.5434489931614568,0.8241694561002423,123,False
224,0.16472823243393153,0.5506884767785816,0.8182950635207805,179,False
225,0.13939087357428387,0.5596583693958389,0.8169165770930277,123,False
226,0.16649967971869933,0.5518782315742995,0.8171341836981209,123,False
227,0.17802410380781597,0.557241885579966,0.8110418604601788,179,False
228,0.17249598226561563,0.548553692772754,0.8181283409389968,179,False
229,0.15521306504511984,0.5424928076428044,0.8255970313022731,123,False
230,0.18430957161733322,0.5435425122373541,0.8188965253320721,199,False
231,0.168776421072939,0.5631956803079102,0.8089036687840649,179,False
232,0.18430786479596226,0.5503677693494495,0.814325444423582,179,False
233,0.16278295897067546,0.5478839317769599,0.8205637730057127,179,False
234,0.18560476221392447,0.5366052346194207,0.8231680839430968,179,False
235,0.13833277633325736,0.5361686660835355,0.8326987477486293,123,False
236,0.15423126284789007,0.5585135307525664,0.8150308911487019,179,False
237,0.1691514054233328,0.5434405780336491,0.8222287639031881,179,False
238,0.16908253784277216,0.5618494774485666,0.8097754380613308,179,False
239,0.16614712718513033,0.5478328972380879,0.8199233188730825,179,False
240,0.16484530700402555,0.5656506308653605,0.8080008592571968,179,False
241,0.16333896027075193,0.5687115910589156,0.8061560086316459,179,False
242,0.18044531038604686,0.5530101710804181,0.8133998036889916,179,False
243,0.1893728347744746,0.5530366538398113,0.8113497328274315,179,False
244,0.18010254376820475,0.5620436654166913,0.8072607954640137,179,False
245,0.19145188201848412,0.5574613923984931,0.8078260783465175,179,False
246,0.2008452078527221,0.5474725710612188,0.8123638263845919,179,False
247,0.18553851175123173,0.5563535119742193,0.8099668081909842,179,False
248,0.18582498682222437,0.5482228249835676,0.8154267646082981,179,False
249,0.16970993341346072,0.5525481291971793,0.816020283707149,179,False
250,0.2064687395512289,0.5589058280338003,0.8031157668592859,179,False
251,0.16757773728327727,0.5641646422120643,0.8084775559313631,179,False
252,0.16910497808402555,0.5319577059528174,0.8297135080644507,199,False
253,0.16025740755833576,0.5523524534171596,0.8180613244291199,179,False
254,0.19239166692829685,0.5438350093378018,0.8168408223853069,179,False
255,0.16594162698555984,0.561363642141977,0.810761517164252,179,False
256,0.16331426189070833,0.5556314044580875,0.8152313746679689,179,False
257,0.17245214462048872,0.5262767666262163,0.8326421936974184,199,False
258,0.18236091614577413,0.5526304398955333,0.8132306518837956,199,False
259,0.17362338189172113,0.55881498384784,0.8109135188709212,179,False
260,0.1568438842983403,0.5424313728496555,0.8253291474961046,230,False
261,0.17725513814008753,0.5389604297965866,0.823469654034936,179,False
262,0.1781621592905429,0.5545097411017519,0.8128820283535609,179,False
263,0.17607226645621424,0.5634265331507594,0.8071859133599198,179,False
264,0.15745889186984122,0.5407210706950397,0.8263337225827903,179,False
265,0.17474437238122062,0.5595165137724394,0.8101886663839657,179,False
266,0.17464154962041537,0.5451442618678101,0.8199500368307697,179,False
267,0.15647386177714373,0.5692117935636625,0.8071640878090314,179,False
268,0.17393174858128715,0.5307695437846529,0.8294766049902116,234,False
269,0.15886857758866468,0.5406297779646073,0.8261236095360633,179,False
270,0.1696683409946627,0.5521190582847273,0.8163192999941292,179,False
271,0.16177463342903653,0.5505772347421993,0.8189588979689604,179,False
272,0.1623929698595066,0.538455009844887,0.8268583468243831,179,False
273,0.18076401286173283,0.5413675886735956,0.8211245371975313,199,False
274,0.17411690375391806,0.5465739378113427,0.8191094153607021,179,False
275,0.16309569625585668,0.5448717457121108,0.8225050605239181,179,False
276,0.20135421783152094,0.5632051728635162,0.8014090168080423,250,False
277,0.16855473371493448,0.5473777355405572,0.8197358820844548,199,False
278,0.20469570126799724,0.5596877234516011,0.8030251067681303,246,False
279,0.17529902530775904,0.5322689080633737,0.8282270589851395,199,False
280,0.2312335746523244,0.5579317098796731,0.7970214809302519,250,False
281,0.15209759395493191,0.5354759237927912,0.8307417510582803,179,False
282,0.21617621989817143,0.5519647447658319,0.8053587787353705,250,False
283,0.20249102781149222,0.5392861393039262,0.8174153433906851,246,False
284,0.21197990398929625,0.5642828164259414,0.7979031416099925,250,False
285,0.21542453639351467,0.5620454221853696,0.7985594608544244,250,False
286,0.1926560385296177,0.5467554823365282,0.81482641915504,246,False
287,0.22004207373993542,0.5555195429236407,0.8018600396666106,250,False
288,0.20327499196546098,0.5560859795042896,0.8058831559476825,250,False
289,0.2007008450384423,0.5611209915148385,0.8030332519156723,250,False
290,0.2069083374982837,0.5503887363853507,0.8088641287223913,246,False
291,0.2222298756332174,0.5611387294280544,0.7973313042342647,250,False
292,0.2148276088919596,0.5606605123438033,0.799692996315553,250,False
293,0.19966097100591917,0.5570933180764196,0.8060908953781692,250,False
294,0.21661210964262234,0.5599023473789521,0.7997428057542698,250,False
295,0.19919430706113853,0.5679362571707256,0.7986050562232501,250,False
296,0.20014011932740985,0.5468532569191024,0.8129547638291937,250,False
297,0.21656534095013158,0.5518653783222346,0.8053223313111405,250,False
298,0.20766715273989725,0.558379810625075,0.8031726718204558,250,False
299,0.20582649237097195,0.5473189222360569,0.8112197312692926,250,False
300,0.21647714564442005,0.5497698102139457,0.8067780371272923,250,False
301,0.1944995948834446,0.5562207600805154,0.8079532001580474,250,False
302,0.20282836870350401,0.5488472940972997,0.8109422301318063,250,False
303,0.21335196468471043,0.5558101142900727,0.8034650309864334,250,False
304,0.21092580962044932,0.5590575176326651,0.8018509804286332,250,False
305,0.20893671003854486,0.5516499108520702,0.8074824004615655,250,False
306,0.20042144926316852,0.571016900072963,0.7960973197457173,250,False
307,0.19404323084823474,0.5643324229519303,0.8024189310872358,250,False
308,0.21107004328686102,0.5541805892573326,0.8051914749407612,250,False
309,0.20570471217511385,0.5649415204534952,0.799078625578639,250,False
310,0.19973227367133425,0.5457876978549787,0.8137707341286253,250,False
311,0.20137293398111922,0.5548232859699674,0.8072298698668944,250,False
312,0.21941095366966176,0.5680644627190321,0.7931970748846133,250,False
313,0.1971753258062978,0.5534072334985553,0.8092356423222199,250,False
314,0.20334214488758715,0.553693323087421,0.8075120284434927,250,False
315,0.21168048406154918,0.55369413284129,0.8053658671216457,250,False
316,0.21513594466441952,0.5481396441764552,0.8082446756987991,250,False
317,0.19875199230750343,0.5514265480295785,0.8102014611699865,250,False
318,0.20947006324164472,0.5444805982954519,0.8121965098948456,250,False
319,0.2255649323793991,0.560821300603366,0.7966178067745073,280,False
320,0.21583017425273124,0.5414411024571507,0.812563147362727,250,False
321,0.22749470134766625,0.578720658819258,0.7831529607391777,280,False
322,0.22611385595981534,0.5564687258557841,0.7995092752979318,280,False
323,0.19113340332624018,0.5647255118854605,0.8028406556463327,250,False
324,0.22415733320712344,0.5641557255316139,0.7946582959482453,280,False
325,0.24145251343033652,0.5624196917469959,0.79081273010327,280,False
326,0.22686970512204938,0.5573090483982834,0.7987094349456716,280,False
327,0.23669958600002827,0.5685988412682842,0.7878252748520954,280,False
328,0.23092385143484648,0.5543109723869,0.7996333664436386,280,False
329,0.22557849650438283,0.5517215367980625,0.8029431410430045,280,False
330,0.25331674162720624,0.5725040261572165,0.7797882843728497,280,False
331,0.23606285040223618,0.5508467417287547,0.8005262005623465,280,False
332,0.20847741623975402,0.555062514639128,0.8052594437574043,250,False
333,0.21818311449622466,0.5435655417339279,0.8105138064143194,280,False
334,0.2301195325134494,0.5504669004128383,0.8025155402269005,280,False
335,0.23780019100264285,0.5600182716284863,0.7936186770744181,280,False
336,0.22258398647194785,0.5577323729953593,0.7996192650750864,280,False
337,0.22644859434339798,0.5544762937860586,0.8007977733168192,280,False
338,0.22142998426933605,0.5662761388003105,0.7939144139590194,280,False
339,0.2269611799905919,0.5693233021348081,0.790164286983154,280,False
340,0.22464321902687182,0.5595983293540593,0.7977375094160928,280,False
341,0.23751955202197456,0.5493037321525847,0.8011553359059165,280,False
342,0.21105115135599256,0.5554875192397274,0.8042953608471228,280,False
343,0.23148062167144734,0.5600859694267204,0.7954372562571678,280,False
344,0.24025047621237827,0.5548321073738373,0.7965180734338878,280,False
345,0.2281502931912545,0.5624333128084384,0.7947428592696318,280,False
346,0.23423235961430658,0.5622550836415471,0.7930979905590172,280,False
347,0.24095059989539427,0.554013543633707,0.7968762776494681,280,False
348,0.24002667580690734,0.5531564189817496,0.7977500680290618,280,False
349,0.23980899074151374,0.5488311475886085,0.8007971150023627,280,False
350,0.25173228863995106,0.5734283800356527,0.7796221827435258,330,False
351,0.22599701461624092,0.5704274480187891,0.7896441451257132,280,False
352,0.22109221721610034,0.5540941100456325,0.802557131112301,280,False
353,0.241712991039634,0.5560332084429236,0.795237009369749,280,False
354,0.22591867150526837,0.553593777633928,0.8015576605773858,280,False
355,0.24197661225944692,0.55693525292283,0.7945252942299728,280,False
356,0.2212839517156116,0.5576776550468971,0.8000181534031068,280,False
357,0.23455790099935647,0.5603206335414244,0.7943697997195719,280,False
358,0.2107592687152109,0.5581357944808999,0.8025365820757359,280,False
359,0.22827171331594037,0.556423379165227,0.7989274360154088,280,False
360,0.22798372122754862,0.5604549534906932,0.7961869554087057,280,False
361,0.23814037543241984,0.5515478723259197,0.7994273613791669,280,False
362,0.22877752640578766,0.5584308109866569,0.7973806322907735,280,False
363,0.23359101907707935,0.5615855311296017,0.7937612531689958,280,False
364,0.22943248214575487,0.5485166299834568,0.8040461695500012,280,False
365,0.2337066010052932,0.5537654408232927,0.7992027660089378,280,False
366,0.24275871178479178,0.5432135758664748,0.8037333008199586,280,False
367,0.23810167255372064,0.5607965672192097,0.7929784383716062,280,False
368,0.2361767852641715,0.5542825311646536,0.7981174110041618,280,False
369,0.2515131256341268,0.5827264767553894,0.7727684005716091,330,False
370,0.22754851525271175,0.556622451902387,0.7989950683480226,280,False
371,0.2579628546947174,0.559262881366967,0.7878325933362175,330,False
372,0.23291619431545685,0.5590137057632378,0.7957724066556068,280,False
373,0.25944358086679137,0.5808499780986524,0.7715583784068526,330,False
374,0.2514028151647236,0.557716012040568,0.7910432822803168,330,False
375,0.21217540138324034,0.5573541692560949,0.8027066270193047,280,False
376,0.2638085219117304,0.5743297936654908,0.7749518384228163,330,False
377,0.2552751016915483,0.5840697352057443,0.7705174669487131,330,False
378,0.2322125116205965,0.5626484768042195,0.7934129070016105,280,False
379,0.26109223728347486,0.5696345531754629,0.7793249126384324,330,False
380,0.2612754908460462,0.5782500253806679,0.7728919885924647,330,False
381,0.23146693951514935,0.5521340786911615,0.8009812825898945,280,False
382,0.2584852018708328,0.5741481420432489,0.7768779256756367,330,False
383,0.24275236025391747,0.577976293491353,0.7791114783862124,330,False
384,0.2567095221822124,0.5822837845013392,0.7713921282511108,330,False
385,0.2242092668700029,0.5669389746990637,0.7926603330663079,280,False
386,0.22837728826242756,0.5568004303066317,0.7986345190487635,280,False
387,0.25649368387586646,0.5684423039791457,0.7817188351182718,330,False
388,0.24908981907726194,0.5764546197506338,0.7782379670770432,330,False
389,0.269950550082978,0.558927871927435,0.7840448548983445,330,False
390,0.23888075232171688,0.5632408662120229,0.7910093000710805,330,False
391,0.24939848272013837,0.5746309479673393,0.7794867994103877,330,False
392,0.26050328082390056,0.5732903418315853,0.7768373218651431,330,False
393,0.24551889262950966,0.5719757248346389,0.7826648347548705,330,False
394,0.24376924429190913,0.5836033491622779,0.7745861387760073,330,False
395,0.25054034876833453,0.5725528927991087,0.7806489086563906,330,False
396,0.2542499550119007,0.5606363688315988,0.7880633364900095,330,False
397,0.24330252289719193,0.5748314971163337,0.7812634845395348,330,False
398,0.24238975905208357,0.5592876585168554,0.7927449272858239,330,False
399,0.2529248207973902,0.5907994876263388,0.766149463515484,330,False
400,0.24901166983488163,0.5728113312670264,0.7809483766921733,330,False
401,0.25102285763766485,0.5711851446729147,0.7814953969463942,330,False
402,0.24682217447267227,0.5702185089995752,0.783536639974726,330,False
403,0.2600258735411121,0.5719616218098538,0.7779758661204236,330,False
404,0.23076370544860075,0.5656988857107597,0.7916646278274888,330,False
405,0.25704007812635266,0.5672111003749083,0.7824333619218217,330,False
406,0.23651247671255413,0.5793669900870241,0.7799972686854714,330,False
407,0.26974461551807466,0.5780209073069996,0.7701491239461348,330,False
408,0.26492723734377555,0.5695302529651124,0.7781059374345437,330,False
409,0.24962354508442597,0.5732382507453353,0.7804396156153989,330,False
410,0.2538145843827924,0.5830559898222629,0.7717667196031269,330,False
411,0.26075069956007324,0.5784370093427812,0.7729292974790849,330,False
412,0.2526278836792887,0.5725621478359044,0.7799690630103606,330,False
413,0.2393658653823072,0.5601256959541425,0.7930719937191495,330,False
414,0.2517179929844809,0.5706473401356384,0.7816646756787631,330,False
415,0.26207535153260736,0.561314187514136,0.7850113967417325,330,False
416,0.24257724712353276,0.5768376382018796,0.780009370669126,330,False
417,0.250263329431535,0.5656159316576423,0.7857778845175654,330,False
418,0.25877399523385564,0.5845342598002206,0.7689965659939692,330,False
419,0.2533317416862333,0.5652240673604065,0.7850762907710168,330,False
420,0.24548866343610012,0.5807148307669531,0.7762123430168231,330,False
421,0.24929866931395575,0.5789869000640474,0.7762888270692268,330,False
422,0.25144454538185423,0.5813157768756061,0.7738524459825808,330,False
423,0.25136518433009125,0.5765398501682434,0.7774428244409223,330,False
424,0.24294126258901202,0.5710736874999096,0.7841265117166439,330,False
425,0.2624161330565063,0.5740045933585943,0.7756651983394026,330,False
426,0.2580990261234204,0.5760088403856942,0.7756279446433513,330,False
427,0.24322388021201957,0.5797604568993986,0.777637419823924,330,False
428,0.26212460102599844,0.5730783011650863,0.776448294653739,330,False
429,0.23795284233869887,0.569335007704079,0.7869155569853292,330,False
430,0.2511517598691274,0.5673078234468075,0.7842733113976823,330,False
431,0.24697123703082183,0.5746234664404101,0.7802647498737032,330,False
432,0.2743957204101651,0.5588676772351698,0.7825432307306431,389,False
433,0.2582643031301742,0.572215438514626,0.7783758999700593,330,False
434,0.25062491476714194,0.5694762663434669,0.7828690402420238,330,False
435,0.26047481109052883,0.5666138422797274,0.7817298935849629,330,False
436,0.24766935194122536,0.575984056224735,0.779039318060337,330,False
437,0.26028152196377574,0.5811718056743336,0.7710336319600171,330,False
438,0.2635226686445051,0.5648560149691066,0.7819804891835209,330,False
439,0.23896570773447656,0.5783173174403535,0.7800285064506002,330,False
440,0.273469275708034,0.5496278612103792,0.7893818907379543,389,False
441,0.2539803112226074,0.5647702616227122,0.7851933221174773,330,False
442,0.24753014678488597,0.5699987473034627,0.783473199608727,330,False
443,0.27934318085922505,0.566325245513383,0.7753986739746572,330,False
444,0.25139908966562113,0.5717297223839732,0.7809760702211317,330,False
445,0.2660853102549264,0.5690490513691692,0.7780628411654089,387,False
446,0.25466494959770275,0.564844707388312,0.7849179702247947,330,False
447,0.24682943671529323,0.5601799429393327,0.7907424743235292,330,False
448,0.2526918736764127,0.5693574942289538,0.7822907776161181,330,False
449,0.24058778703693068,0.5711308731152879,0.7848101952085239,330,False
450,0.27574807179730093,0.5590146310312097,0.7819626865734137,389,False
451,0.2291160170875309,0.5778249120498351,0.783341701767847,330,False
452,0.25400546955726755,0.577851690669754,0.7756085643061834,407,False
453,0.23984485583959358,0.5673975108665726,0.7877401283352921,330,False
454,0.2500101220532515,0.587897364357078,0.7693319360672086,380,False
455,0.27043730591623727,0.5562873589446679,0.7857531659797075,389,False
456,0.2657203018558906,0.5626973572959395,0.7827926962317546,330,False
457,0.2587003341347958,0.574343917322727,0.7766615747884851,330,False
458,0.26150887077420953,0.5645933972515443,0.7828457103966002,376,False
459,0.2604020173661615,0.5804598808414153,0.7715290766297813,376,False
460,0.2582237388315296,0.5666349998319896,0.7824610390743215,389,False
461,0.2565383913681364,0.5657556087691006,0.783650843743917,380,False
462,0.2778248352381945,0.5655809413538319,0.77648667709252,389,False
463,0.27360984799945565,0.5662236851034075,0.777514237493843,389,False
464,0.2742271680535353,0.5448995295069536,0.7923912941498276,389,False
465,0.2660063334985398,0.5624992524377552,0.7828379280193507,389,False
466,0.26072655895722957,0.5701716275264149,0.7790545402076812,330,False
467,0.2751535838886672,0.5694707781832639,0.7745924980714506,389,False
468,0.2532224068981989,0.5672005834570705,0.7836848287230281,330,False
469,0.2630906578009839,0.5833029781607031,0.768466617002131,443,False
470,0.2829702456701606,0.5535176227066917,0.7832918239190944,389,False
471,0.278902024184659,0.5651862663263346,0.7763878832528218,389,False
472,0.2616573969075915,0.5538255347483088,0.7904509369368177,389,False
473,0.2848997575802169,0.5580245250272431,0.7793848584613723,389,False
474,0.26374670228704417,0.5561459354943508,0.7881239594542363,389,False
475,0.24495403516151584,0.5838820927803561,0.7740020816435332,330,False
476,0.2528329628128305,0.5731326195632326,0.7794834785342617,389,False
477,0.2666462885648388,0.5874504233188351,0.7640692095203928,407,False
478,0.2638046130684991,0.5583806282871054,0.7865228541355153,389,False
479,0.2818355217459364,0.5558554155988018,0.7820444332847586,389,False
480,0.24656826563002054,0.5512745175705599,0.7970573985990909,389,False
481,0.27985495806018,0.5507074447912562,0.7863857276811554,389,False
482,0.2706003517892197,0.5601789374955848,0.7829272045330062,389,False
483,0.2573878121031766,0.5719330439464628,0.7788736145376046,389,False
484,0.2786701422501399,0.5700715346548137,0.772891581785306,405,False
485,0.27246896960642536,0.5587302590284655,0.7833142142509586,389,False
486,0.27529945601045763,0.557224188918814,0.7833973530744893,389,False
487,0.27290217795957616,0.5584075165346182,0.7833935452520399,389,False
488,0.28818504166362197,0.5560750495574457,0.7795703438568072,389,False
489,0.25694686821189006,0.5711544919476149,0.7795901828808284,389,False
490,0.2796367594015064,0.5922125271538949,0.7557033845851302,407,False
491,0.2747946648960628,0.5757858654933711,0.7700380050638476,389,False
492,0.2642295740596031,0.5590105766489145,0.7859325081627104,389,False
493,0.2564690343187528,0.5670985337000294,0.7827022981382405,389,False
494,0.28455775458140525,0.5654998064812963,0.7741039033470928,462,False
495,0.2754596095924191,0.5497425238492003,0.788609637878655,389,False
496,0.26688577859780926,0.5608751452972084,0.7837034213081353,389,False
497,0.2758532873052925,0.5505631204975223,0.7878992411665937,389,False
498,0.2687091095911616,0.5492193434619891,0.7912986333805377,389,False
499,0.2756119730968097,0.5723638186887527,0.7722937908216745,389,False
500,0.26563039794132653,0.583608302356643,0.7673603072285728,407,False
501,0.2694430011579869,0.5634342410418377,0.7809880441777488,389,False
502,0.2703320153027113,0.5487517030106104,0.791070268652115,389,False
503,0.27772437035086833,0.552925248058003,0.7855843965947958,389,False
504,0.2815056456566175,0.5428874131980425,0.7912192035426016,389,False
505,0.27263789823211804,0.5478030010065877,0.7909364377342528,389,False
506,0.24349218801136244,0.5808045814335727,0.7767738361731888,389,False
507,0.275807713087426,0.5518321796679344,0.7870269060740049,389,False
508,0.2817796819045234,0.5628325336539947,0.7770583954416879,389,False
509,0.2708082964650007,0.5736074523725917,0.7730700855345195,389,False
510,0.24974516451368742,0.5661287266398337,0.7855734323888452,389,False
511,0.27991339940588933,0.5707745764532012,0.7719228405143275,389,False
512,0.25628592605754114,0.5766817256255508,0.7757291482433579,389,False
513,0.27153395642293887,0.5549443376729275,0.7863244194313576,389,False
514,0.2604999381472412,0.5458809027978319,0.7963377563483398,389,False
515,0.27153088436915,0.5531791340081691,0.7875682983282654,389,False
516,0.2768216000033797,0.5540891623156701,0.78508279943958,389,False
517,0.2671690197481095,0.5577932524926232,0.7858036665481619,389,False
518,0.28340696844909075,0.5502372007016053,0.7854422405234884,389,False
519,0.26294119602004457,0.5665014621821368,0.7809852884536619,389,False
520,0.2660662033772581,0.5608087101549656,0.7840295696175847,389,False
521,0.2738638093221666,0.5709797878000755,0.7739384315740708,376,False
522,0.27400013038067983,0.5639378094450742,0.7790366330472925,389,False
523,0.269224951286459,0.5558276673352515,0.7864944563246818,389,False
524,0.2655818472751503,0.5603869241048133,0.7844952375191738,389,False
525,0.26453039277415913,0.5458808142326327,0.7950080552745784,389,False
526,0.26594684646564054,0.5586217357741324,0.7856297035981241,389,False
527,0.2649251160450912,0.568581193382217,0.7788004297768131,389,False
528,0.2760421846617833,0.553548675771505,0.7857382362076846,389,False
529,0.26699119947618843,0.5629539281395997,0.7821755392458017,389,False
530,0.2897784683386241,0.5644957706124715,0.7728990647218776,479,False
531,0.2784882219436555,0.5860145333302758,0.7609410469703684,407,False
532,0.2633661737007128,0.5509339923384315,0.7919027684231715,389,False
533,0.29293349723763323,0.5535757487765902,0.779579281768421,389,False
534,0.27300283150722854,0.5528281199298184,0.78730586420012,389,False
535,0.26951908529825974,0.5486705450887552,0.7914038764196176,389,False
536,0.2743503873050375,0.5652153515869099,0.7779868066465276,389,False
537,0.27172148335281715,0.5397500620375657,0.7967667827005521,389,False
538,0.2660516138957915,0.5672612126520215,0.7793787624537909,389,False
539,0.27821796055290154,0.5536121930225684,0.7849256691958333,473,False
540,0.2824275673900955,0.5476561963955606,0.787595936840497,389,False
541,0.2702897043082945,0.5611637205425112,0.7823290576808593,389,False
542,0.2549689052358855,0.5506430754374894,0.7948478224387089,389,False
543,0.27785305792487025,0.5525330528230881,0.7858148024438054,389,False
544,0.2587794170403347,0.5648773319181362,0.7835475819637964,389,False
545,0.2629853132630288,0.5551621229502668,0.7890714430577878,389,False
546,0.2620805131681354,0.5595288155020194,0.7862832245701507,389,False
547,0.27512325521825876,0.561282093947059,0.780557240343406,389,False
548,0.25035829872806087,0.562564021200605,0.7879355584745471,389,False
549,0.28140912152113007,0.5451527813853119,0.7896944670393508,443,False
550,0.2775880990162994,0.5669087593973121,0.7756025437059355,389,False
551,0.27925139099022195,0.5676212316297039,0.7744835686011706,376,False
552,0.25950674715847255,0.5666977379973486,0.7819909986233328,407,False
553,0.28710199564433697,0.5606270826928031,0.7767043956669719,488,False
554,0.27395221160972655,0.5680978677905386,0.7760251274063124,389,False
555,0.25734196185575703,0.5491607572624227,0.7951085318063141,443,False
556,0.2872900864512027,0.5569124977896122,0.779302814079736,473,False
557,0.2570058420478082,0.5883075372536416,0.7667087052876419,407,False
558,0.27046317699842964,0.5509625002061432,0.789487171051254,389,False
559,0.26505727199335116,0.5584746513630028,0.7860347997057227,389,False
560,0.28677171373822186,0.5642490570403349,0.7741995775177977,473,False
561,0.29697711754353673,0.5441674891228226,0.7846568265409377,488,False
562,0.2833022127735158,0.5697664477932967,0.7714311707512461,473,False
563,0.2683950907500611,0.5560080520796286,0.7866505712728387,471,False
564,0.27389237989964643,0.5586479334435558,0.7828763955390099,470,False
565,0.27233437365468094,0.5649783045777211,0.7788668077936023,389,False
566,0.2692232683632485,0.549365738000054,0.7910221979713757,473,False
567,0.26270732382248774,0.5653116859282206,0.7819255461762452,462,False
568,0.2829596320689536,0.5678088622612956,0.7729986691818657,443,False
569,0.28887929025872006,0.5573780853194891,0.7783819278896438,470,False
570,0.27718070304729603,0.5652263651202526,0.7769749120989387,443,False
571,0.28743440590974184,0.5648655682945734,0.7735039444337451,473,False
572,0.2915275917581505,0.5464443532889228,0.7851179733023209,473,False
573,0.26928556250904834,0.5658827798253016,0.7792701491276147,443,False
574,0.2863041560463429,0.5527188407151757,0.7826441166641858,443,False
575,0.28249372108029774,0.5696989433479142,0.7717774365051604,471,False
576,0.286496793250759,0.5573380428777729,0.7792906347558693,473,False
577,0.2607146890087015,0.5696179962400568,0.7794633983033191,443,False
578,0.28058828940045794,0.5594875176351432,0.7798999483663209,488,False
579,0.2900668810539887,0.5553866662528804,0.779363108867826,473,False
580,0.29247106179808763,0.5516475214130586,0.7811182305704613,488,False
581,0.26943829453698953,0.5561084218533641,0.7862228873422341,488,False
582,0.27734623475344927,0.5597432605836533,0.7808755011519217,473,False
583,0.272410186130875,0.5507979052463526,0.788932416667215,443,False
584,0.29038761326863405,0.5529226735072876,0.7809939507971234,488,False
585,0.2729631943502946,0.5557040491138128,0.7852923686937218,473,False
586,0.30618923822409955,0.5498172353441121,0.7771416589749277,488,False
587,0.30388573463214436,0.5421725440809406,0.7833915960309266,488,False
588,0.2761756763623926,0.5675818620136512,0.7756144826515886,473,False
589,0.2884004967535726,0.536442581569226,0.7931295670643208,488,False
590,0.27615991570493653,0.5647919195863479,0.7776540288121773,473,False
591,0.27732439812198584,0.5494196953296289,0.7881809288419608,488,False
592,0.2825540187797524,0.5437488735729935,0.7902533701032296,488,False
593,0.2755946275665096,0.5725849824537622,0.772136023719203,443,False
594,0.2789293536289796,0.5560386294983135,0.7829555914544305,488,False
595,0.2944911820691017,0.5504894854691952,0.7811762093608611,488,False
596,0.2883995909040122,0.5496690546703615,0.7840214322990089,473,False
597,0.277188700974613,0.5757873302084172,0.769178376206371,473,False
598,0.27487606413255444,0.5705033853435919,0.7739308991625137,473,False
599,0.3001439856475459,0.558788828862417,0.7730903133645992,488,False
600,0.28765157621197085,0.5561971901850847,0.7796802269732029,488,False
601,0.2932052424525616,0.5696540673590402,0.7678052678509288,473,False
602,0.2918846380067057,0.546255569429695,0.7851166862083203,479,False
603,0.29112022079045996,0.565335410828271,0.7717803381212455,488,False
604,0.26621412207527756,0.5572063278967402,0.7865438000261141,389,False
605,0.2870129655808574,0.5623995474093141,0.7754549030487076,473,False
606,0.28094358567533206,0.5831232671870235,0.7622584580921478,488,False
607,0.28753955242724555,0.551305045719645,0.7831881972770015,470,False
608,0.27629359692404015,0.5679048442623346,0.775336015003914,473,False
609,0.292929779920183,0.5360759793218817,0.791716292891588,533,False
610,0.2805989080044451,0.5524033025665724,0.7849298338961623,488,False
611,0.29446033150115625,0.5587975140452828,0.7752666969946801,488,False
612,0.2933016822237683,0.5470500810793334,0.7840346497418353,470,False
613,0.30278345578127036,0.5531606844339977,0.7761027226480156,488,False
614,0.29738234417035436,0.5502525571799515,0.78024730995542,473,False
615,0.2992352677644676,0.5639611010542852,0.7696792390493364,488,False
616,0.2818644381112313,0.5653624665259727,0.7751888285907558,488,False
617,0.292065771919452,0.5592306743283036,0.7758599343717947,488,False
618,0.2990084911706551,0.5575745102711264,0.7744059579469685,488,False
619,0.3015635292068873,0.5495258498905167,0.7791538860548615,473,False
620,0.273643947787053,0.5712510358594219,0.7738160271466686,443,False
621,0.2846225049880613,0.5500585628528136,0.7851277648170508,508,False
622,0.27534229989352366,0.5762901118146707,0.7694649601599667,488,False
623,0.2848211223193476,0.5445090796608227,0.788914945002103,533,False
624,0.3020424819277838,0.5477473664402234,0.7802199444186901,488,False
625,0.280569129223357,0.5545684402288739,0.7834122853446716,488,False
626,0.28503146942952906,0.5644823026700959,0.7746720541023212,533,False
627,0.2929588646407005,0.5577914981689768,0.7765589148279995,473,False
628,0.2840273962549798,0.5674634634650564,0.7728606962505334,488,False
629,0.2729334991504213,0.5516311082681452,0.7881690335406262,473,False
630,0.29635689481799815,0.5525886245717293,0.7789854959418426,488,False
631,0.2732632228184306,0.5567173408481405,0.7844698932743437,488,False
632,0.3047368520049231,0.5547447463183518,0.7742052166333661,533,False
633,0.27855084731020446,0.5637365170082028,0.777567080613774,473,False
634,0.301043572897582,0.5622041473522168,0.7702592186511144,473,False
635,0.2797771671449966,0.5654990031801022,0.7758450967471738,488,False
636,0.30261440579541804,0.5514173197375664,0.7774081687881371,473,False
637,0.2949515981214553,0.5405210695920831,0.7879343425010932,488,False
638,0.289198239610026,0.5513654720964185,0.7825346601821258,488,False
639,0.30347870864463183,0.5626138609866295,0.7690034569656394,488,False
640,0.2770525408733523,0.5506511879232077,0.787416763114921,488,False
641,0.3138529399386846,0.5529454327257962,0.7718469281661529,613,False
642,0.2878836811629539,0.5534623770971987,0.7815384720267997,488,False
643,0.28105523257939563,0.537277782952882,0.7951984281831659,488,False
644,0.27230390404558924,0.5638324584046885,0.7797073442586363,488,False
645,0.2894642113298195,0.5660157803553287,0.7719045321462713,443,False
646,0.2904993096070814,0.5654032131456959,0.7719646090866675,473,False
647,0.3116391643926147,0.5427042304204773,0.7799699670502643,561,False
648,0.3004484315102223,0.5692920374823219,0.7652694401727236,488,False
649,0.2834359663020619,0.5570974738520236,0.7805808463151721,488,False
650,0.29619988352228127,0.5504279733373981,0.7805732990367216,488,False
651,0.297701965197257,0.537997644901317,0.7886267012968353,561,False
652,0.3076392087610242,0.5399754837486216,0.7834440593835231,488,False
653,0.2780659621883052,0.5587053609884345,0.7813626816498694,488,False
654,0.2830723246399702,0.5571811211789339,0.7806530965958628,488,False
655,0.2931260542959526,0.5614281824330185,0.7738704751202513,488,False
656,0.2988980898781911,0.5590798668811691,0.7733625503703314,488,False
657,0.2954189941362279,0.5483836085215247,0.7823062289209071,488,False
658,0.3094320770701225,0.5442053727694536,0.77980273270163,586,False
659,0.29830078611556504,0.5556473418740141,0.7760622864636437,586,False
660,0.2875326361008599,0.5610725287889365,0.7762232930125702,488,False
661,0.32229495592470897,0.537422907344447,0.7792962081563928,586,False
662,0.299515357926524,0.5594035150269346,0.772889550803772,587,False
663,0.3194517523221165,0.5373322254694929,0.7805284475343172,586,False
664,0.28773917874199795,0.5537535605973647,0.7813854101163019,488,False
665,0.29871358278607724,0.5761876077391069,0.7607746290111089,473,False
666,0.28735549194943555,0.5580289970327564,0.7784795820810676,473,False
667,0.26226839434577476,0.5514164158234546,0.791931326370983,488,False
668,0.28854071395304404,0.5650579068201455,0.7729513686717318,488,False
669,0.2917790535874416,0.5572013334274724,0.7774263038476791,561,False
670,0.2976154254975086,0.5582688549321453,0.7744423439602771,488,False
671,0.28889366631928054,0.5580576544127738,0.7778895190911865,488,False
672,0.32337796759576104,0.5492620268660349,0.770543909142529,586,False
673,0.2775021232289637,0.5559194324570501,0.7835471627286058,488,False
674,0.29898610763014327,0.5354166367983199,0.789896406172197,587,False
675,0.3125722040762427,0.551099859778321,0.7736844071010056,586,False
676,0.3031976804203306,0.5491669168862745,0.7787726651503342,613,False
677,0.30088407967490893,0.5347985577717743,0.7895943725758264,586,False
678,0.2763354503821076,0.5504604086779592,0.7878020419751474,488,False
679,0.3134504370043467,0.5595128028562767,0.7672641311710703,586,False
680,0.2985629798277961,0.5334782210498359,0.7913666247333466,587,False
681,0.3044766075871384,0.5448119304704703,0.781328327816973,586,False
682,0.31927266777983615,0.5469795516430682,0.7738722980525239,586,False
683,0.29038250624195117,0.5494895607450415,0.7834151024207184,586,False
684,0.31190041846511996,0.5608387164306685,0.7669276778899581,586,False
685,0.319308621882758,0.5489743869159351,0.7724436073278145,586,False
686,0.31725984954136877,0.5468827392452943,0.7747680022978176,586,False
687,0.32645035082481366,0.5365197556909251,0.778188100782649,586,False
688,0.2959665721367586,0.5462229202217591,0.7836097942228841,561,False
689,0.3079833546967727,0.5418577562514566,0.7820079444736217,587,False
690,0.2995839036175494,0.5674666955983431,0.7669622116375542,586,False
691,0.301489598639975,0.54074393235066,0.7853025032036074,586,False
692,0.3257523651122963,0.5478083082777537,0.7705786488124431,641,False
693,0.3150308355374303,0.5316306581717344,0.7862088882431164,587,False
694,0.2969325170878911,0.5456470069229075,0.7836455985532758,586,False
695,0.3160073476453046,0.5381734854528016,0.7813505332370116,586,False
696,0.3167652740417713,0.5420054109133364,0.7783892957266993,586,False
697,0.3063133439099981,0.5514193601194016,0.7759567156924315,586,False
698,0.29577519861752216,0.5508014201763148,0.7804709010683999,586,False
699,0.2873017518534706,0.5676258906785647,0.7715300069428881,586,False
700,0.3124579263147501,0.5505533041335162,0.7741195667277466,641,False
701,0.31648627087068515,0.5433298386695715,0.7775790164103354,586,False
702,0.30864984107396176,0.5508701127113423,0.7754207854619395,586,False
703,0.3160333777849296,0.532378349413646,0.7853000682550902,586,False
704,0.3095984507634998,0.5497272679611201,0.7758535494182157,586,False
705,0.2877053364523503,0.5343545411476432,0.7947898236211455,587,False
706,0.2956005382254384,0.5529771968164119,0.7789971383785017,586,False
707,0.30573695780350446,0.5454721668443997,0.7803749277309809,586,False
708,0.2987686444999359,0.5418620180339551,0.7855716711260919,587,False
709,0.30423479371801365,0.5451548486616197,0.7811833211686514,586,False
710,0.31007393075680917,0.5478539242911106,0.7769879246834224,586,False
711,0.30411966182463523,0.5496458184593479,0.7780749999465497,586,False
712,0.2933165039453358,0.5425647552915699,0.7871397047720847,586,False
713,0.3205638486808175,0.5334315406329472,0.7827449203775788,587,False
714,0.28735385728232976,0.5394104954093224,0.7914948377262075,613,False
715,0.30017362699020017,0.5435194883060669,0.7838892520573677,587,False
716,0.29233155912559694,0.5473692104586957,0.7841742197885758,587,False
717,0.317148349459153,0.5529588955970928,0.7704890552210191,586,False
718,0.3262259007730178,0.5347089138484169,0.7795274460311706,661,False
719,0.29031818981767904,0.5523056238140512,0.7814562345802596,586,False
720,0.2989398075262926,0.5411760048062125,0.7859793402489212,586,False
721,0.32512586330731963,0.5512289737986237,0.7684008013098284,586,False
722,0.2975329144271025,0.5485887029925186,0.7813607360121833,586,False
723,0.30304643675201215,0.5593180868066,0.771573803950674,586,False
724,0.31979133214012057,0.5405185290841672,0.7781858541535789,586,False
725,0.3254337210282796,0.5558328052273155,0.764946263374638,586,False
726,0.32230925913985686,0.5486423768663731,0.7714326177827415,661,False
727,0.32504729234674656,0.5650305393254539,0.7583434231056765,672,False
728,0.34109911284695027,0.5330790386207708,0.7742597327758807,672,False
729,0.3189027964227129,0.5514161567583087,0.7708704356113745,641,False
730,0.32257002170848575,0.5256052551450324,0.7872024497287292,687,False
731,0.33387142303594175,0.5497044087407755,0.7657381640553836,672,False
732,0.326112764998785,0.5357032483333527,0.7788918373111516,661,False
733,0.32536687649986323,0.5285513763050685,0.784072597584395,661,False
734,0.3371212944763975,0.5433361527959172,0.7688530795122627,661,False
735,0.3238481892171931,0.5530290507566569,0.7676465458529309,586,False
736,0.3077704043021108,0.548435123909406,0.7774935968213436,586,False
737,0.3158004513818675,0.5479529911758927,0.7746080262741929,672,False
738,0.30577711180912215,0.5437692767041483,0.7815467558670556,661,False
739,0.3328100652335604,0.5509755516082395,0.7652864836185397,661,False
740,0.3341549210549811,0.5320262249099136,0.7780029464872515,661,False
741,0.325379410186534,0.5361115620720756,0.778917603113001,661,False
742,0.3114038950988657,0.5329423988444378,0.7867655391736414,661,False
743,0.32368406032392627,0.5433221165981756,0.7746158446013711,586,False
744,0.3053190602599238,0.5428548587506781,0.7823610891223939,586,False
745,0.30680261979276874,0.5462871914076214,0.7793859486751519,647,False
746,0.32405415582231867,0.5402936591859316,0.7765768899070851,661,False
747,0.33052302900672226,0.5262381680271856,0.7834717083645157,663,False
748,0.3248474001011729,0.5311354481099128,0.7825402880418302,661,False
749,0.3211036437190354,0.5472684280428446,0.7729099026781016,641,False
750,0.3120473662910297,0.541977162458161,0.7803122429929139,661,False
751,0.321671889007494,0.5283640125032979,0.7857217485304611,661,False
752,0.3332964364755688,0.5538507376136632,0.7629959671436597,672,False
753,0.3172583286016957,0.5443438628278425,0.7765545131763267,663,False
754,0.32264778766949637,0.5297452731860969,0.7843904325327835,672,False
755,0.32275571996995966,0.5227850524909937,0.7890022396157452,687,False
756,0.31687135637902636,0.545204375812581,0.7761087115226385,661,False
757,0.32191092365992713,0.5294165664574282,0.7849149357661886,661,False
758,0.318818724590837,0.5319981521549381,0.7844313781039127,687,False
759,0.3393076042921922,0.5378075467207492,0.7717728891064405,661,False
760,0.32406749734980145,0.5407501010264469,0.7762535574162117,687,False
761,0.33182238218897114,0.5502315695223937,0.7662500418136103,672,False
762,0.33179881783662846,0.5398826093325955,0.773586654889059,687,False
763,0.3074520895883968,0.5416850663386348,0.7823365653690472,586,False
764,0.32678096495339193,0.5424249441632576,0.7739440424821532,687,False
765,0.31889346168720417,0.5433190209212042,0.7766024733403672,672,False
766,0.3313023404135896,0.5428433183859629,0.7717252690693717,672,False
767,0.3289954104833722,0.5337086737446485,0.7790488248181918,661,False
768,0.31895031809603397,0.5314096300481838,0.7847767196333562,661,False
769,0.3225767974884485,0.5460475116700424,0.7731599606297854,663,False
770,0.3094332936967087,0.5330959736206595,0.7874387085109847,661,False
771,0.3194007087751959,0.5572099281973452,0.7664856705459092,672,False
772,0.32230515692439576,0.542063410466538,0.7760712885124188,661,False
773,0.3229105672601343,0.5532297823358238,0.767896850812917,672,False
774,0.30659777616176864,0.5425847511987765,0.7820483306159665,661,False
775,0.32312692416094896,0.5408961881004637,0.7765438201290846,661,False
776,0.31914865034592727,0.5305800136281869,0.7852572751147779,687,False
777,0.3138939053722521,0.5466827399384142,0.7762786857975582,672,False
778,0.31960029150391406,0.557708739163729,0.7660395655127853,672,False
779,0.32594058611693466,0.5461805980440317,0.7716537362327827,672,False
780,0.3216929483264475,0.5345527730064269,0.7815158218924151,687,False
781,0.3260834164895269,0.5537246839617281,0.7661974809812429,672,False
782,0.32397338505002593,0.5619135511635216,0.7611139249797156,672,False
783,0.3349122536218229,0.5358461247861699,0.7750501357496792,661,False
784,0.31847861237810104,0.5429625406709062,0.77702191274501,661,False
785,0.34429288219706994,0.5244810208804787,0.7787053807471768,728,False
786,0.34579145881167644,0.5354530822057105,0.7705311569101522,687,False
787,0.3282117432797165,0.5475990292416347,0.7696832821017414,661,False
788,0.3022694509972745,0.5398593134581137,0.7856112910761534,672,False
789,0.3304241426612736,0.5380586698971888,0.7754435851143718,687,False
790,0.3245988347833821,0.5494084040487196,0.769925971777748,661,False
791,0.3185938117848924,0.5295418772526066,0.7861827925668166,687,False
792,0.3129492958112182,0.5460702410796561,0.7770907476340642,661,False
793,0.30790332065505965,0.5436744364261183,0.7807775946492893,672,False
794,0.32223882774087753,0.5412147114105912,0.7766909128147023,661,False
795,0.34955155203563415,0.5259687585438614,0.7753519055921049,728,False
796,0.3119706154844039,0.545720723425017,0.777729533384684,661,False
797,0.3174491133807211,0.5358475932548666,0.7823639927915658,661,False
798,0.34234811121073117,0.5460627395941745,0.7646000622399592,687,False
799,0.32404812705698294,0.5497620350916465,0.7699055241539398,687,False
800,0.3200055357436249,0.5585242448581932,0.7652758489584136,672,False
801,0.3289634487811727,0.538902818886605,0.7754784337182227,687,False
802,0.3482270366902272,0.5392631909796277,0.7667679843162551,728,False
803,0.3222804341480698,0.5368351269152078,0.7797072324117972,687,False
804,0.33011144303806755,0.5306240883786902,0.7806820812645879,728,False
805,0.32030570422750654,0.5298961995995213,0.7852479057528937,687,False
806,0.33384324954345596,0.5348518431792637,0.7761972626736131,687,False
807,0.31820581542684473,0.5376166590508934,0.7808414608225489,661,False
808,0.352743169024289,0.5230230667641731,0.7758989163153286,728,True
809,0.32121677985282526,0.5473279947748675,0.7728207078467193,687,False
810,0.31697865575195383,0.5307811645369803,0.7859999282254747,687,False
811,0.3541114967294649,0.5295885176850176,0.7708054552351092,728,True
812,0.3642189010556652,0.5334834889761441,0.7633740623728604,728,True
813,0.3403356677649531,0.5398515212153115,0.7698908807672018,687,False
814,0.32122781668925016,0.5573599882432702,0.7656125216390595,672,False
815,0.32349655034227,0.5298709280045301,0.783955854351678,687,False
816,0.3301529264119636,0.5407506413455032,0.7736845539792322,728,False
817,0.32927724600511027,0.5309033531251769,0.7808444947002791,728,False
818,0.32952210831867074,0.5495421751347644,0.7677360079333064,728,False
819,0.3599240195147658,0.5239617838609637,0.771957737981537,728,True
820,0.31397024333813917,0.5451531669069624,0.7773227842469943,672,False
821,0.34767826765050497,0.5282482470692339,0.7746441839140248,728,False
822,0.3557157646970224,0.5236507732380628,0.7741163752519329,728,True
823,0.3376561292020321,0.5297518277929509,0.7780432760215386,728,False
824,0.34557806399887936,0.5224728014322392,0.7794857108673221,728,False
825,0.3588554108064363,0.5395609834802237,0.7616408203614072,728,True
826,0.3461377584844738,0.5191266152500605,0.7814705429447483,728,False
827,0.3603638953607842,0.5288503382497532,0.7684108163303816,728,True
828,0.34567326074897,0.5313879929755458,0.773393042200792,728,False
829,0.3387710683146662,0.5325239101901409,0.7756625866630041,728,False
830,0.3291219897383877,0.54409211549202,0.7717787803056412,687,False
831,0.351619173672963,0.5330971721632034,0.7695267128158311,728,False
832,0.35766131604351703,0.5217684104718381,0.7744908707271576,728,True
833,0.34097493866714035,0.5300282502123227,0.7764059152130434,728,False
834,0.3447720070114542,0.5367140103816053,0.7701105987073465,728,False
835,0.35521132888796764,0.5238451910340449,0.7742164604683558,728,False
836,0.34322375108359965,0.5460447895001537,0.7642202199312945,734,False
837,0.32754480342490844,0.5275256447354156,0.7838565531370023,728,False
838,0.3535987484192707,0.5310523528142709,0.7700333263481216,728,False
839,0.3437290764409425,0.5393900350824656,0.7687058683676046,728,False
840,0.32829302922007153,0.5482469908044378,0.7691871840062001,728,False
841,0.3260735518037404,0.544175899431392,0.7730126967211658,728,False
842,0.34227247124574184,0.5359093296080965,0.7717841316497338,728,False
843,0.33566334861904956,0.5418889418552421,0.7705105392457994,728,False
844,0.34982158477660186,0.5384518126767126,0.7666123559202195,728,False
845,0.3355544515473982,0.549536719704773,0.765122607000239,728,False
846,0.3356086390345164,0.5316384049931007,0.7776422363412314,728,False
847,0.3446570259744522,0.5459669643908839,0.763630544334267,728,False
848,0.32865189404977996,0.5471058101374527,0.7698461957114121,728,False
849,0.3583341325200969,0.5303463905707871,0.7683289370312741,728,True
850,0.335804685951294,0.5338132522666483,0.7760661212794026,728,False
851,0.3506742486466459,0.5230039000763552,0.7768490791917257,728,False
852,0.34247353785056367,0.5189932683984886,0.7831716690669887,728,False
853,0.34639656551040043,0.5280305757631556,0.7753664491463564,728,False
854,0.3523915556387085,0.5408675363988805,0.7637293366005634,728,False
855,0.3411593729784255,0.5278959694233699,0.7777763995490786,728,False
856,0.3432505207936766,0.5473020102472076,0.7633083188032442,786,False
857,0.3532398840372889,0.5403927457807126,0.763673532756573,795,False
858,0.3430764446199018,0.5252892435556317,0.7786974789683859,821,False
859,0.34891693339195656,0.5380348565045247,0.7673170575313105,728,False
860,0.3572583615212835,0.5528636499926074,0.7528002707491408,728,False
861,0.3294829470098734,0.5340072938182368,0.7786380402848375,728,False
862,0.3583939952393795,0.520321174742511,0.7751255506632,808,True
863,0.35304140202943385,0.5283034450522855,0.7721769475961959,728,False
864,0.34349743093113205,0.5234189649744764,0.7797705444864919,759,False
865,0.3304869433422416,0.5265764322476197,0.7832596257191289,728,False
866,0.3344623937488024,0.5348368027513732,0.7759410425995715,759,False
867,0.33929726599709004,0.5297116233861606,0.7773563927417707,728,False
868,0.33373370405189,0.5340314274378904,0.7768090172548555,728,False
869,0.34722768830467204,0.5321051028824212,0.7722027531426455,728,False
870,0.33647166105767673,0.5369354808856152,0.7736194870032819,728,False
871,0.35710488860405715,0.5346000366610739,0.765949671543152,812,False
872,0.3398552293890398,0.5518883423018399,0.7615232633926887,728,False
873,0.34007164206783086,0.5299179084852019,0.7768772673517731,728,False
874,0.327214724417458,0.5363434512662458,0.7779885772993197,728,False
875,0.3409364700902958,0.5158524057665111,0.7859126025375032,728,False
876,0.3577896265310131,0.5224679605873378,0.7739598266748127,822,False
877,0.3544712671085004,0.5320132561110308,0.7689681502615261,728,False
878,0.35801740815903577,0.5349804551441356,0.7652577657684106,812,False
879,0.32813154673774514,0.5321284772670738,0.780492774929352,728,False
880,0.3473415204001846,0.5301552280015838,0.7734916304839224,728,False
881,0.34520522196336334,0.522275072763672,0.779783369339797,728,False
882,0.3675525246453259,0.5351031875023319,0.7606377063699191,812,True
883,0.36176685501924377,0.5379258507805618,0.7614200691283979,812,True
884,0.3598407279778546,0.5237616619073566,0.7721323539422575,827,False
885,0.3301562934891914,0.5417285601477956,0.7729986992160304,728,False
886,0.35115257964998553,0.5319129036407645,0.7705585822931383,728,False
887,0.33440222076661713,0.5339354881941143,0.7765874382149556,728,False
888,0.372427347590476,0.5185926235754365,0.7696489859279154,819,True
889,0.3459517300841701,0.5449262297709749,0.7637884553718786,728,False
890,0.33609217989048407,0.5296524059311458,0.7787877602452489,728,False
891,0.34914417904457107,0.5393336648865787,0.7663012072020402,812,False
892,0.33932572136297495,0.5431125091397687,0.7680409215903806,728,False
893,0.3765972619716151,0.5513022810365849,0.7444731675482609,812,True
894,0.3709739457410206,0.539528880782209,0.7558352455285712,812,True
895,0.36575590377896167,0.520768882838067,0.7713769438597623,812,True
896,0.34799518753787323,0.5461847308301052,0.7619590469694064,825,False
897,0.36345850931408485,0.5254758725446363,0.7692678463192366,812,True
898,0.373822960760804,0.533148592103876,0.7589525497326437,812,True
899,0.3631143758268048,0.5364662478028766,0.7618083190909724,812,True
900,0.3570861552355309,0.5322121336820436,0.7676195167533932,812,False
901,0.35563739596845884,0.5288103187456993,0.770637196984966,812,False
902,0.3604367010560683,0.5327990250085213,0.7656439012241838,812,False
903,0.3627716848605908,0.5304231568584127,0.766190563327273,812,True
904,0.3758789064230891,0.5335605534034101,0.7576464766353957,812,True
905,0.37626971740259707,0.5299424713366041,0.7599882083555127,812,True
906,0.35700268154281545,0.520748733818933,0.7754803940766117,812,False
907,0.36587228275630923,0.5298521049794594,0.765110593025298,812,True
908,0.35720722164942026,0.5340841563623581,0.7662617795011115,812,False
909,0.3671243483207227,0.5419182792343074,0.756005483777606,812,True
910,0.37170528691660054,0.531462111058642,0.7611722565801642,812,True
911,0.34606176111434434,0.5455894754644425,0.7632649485970603,825,False
912,0.3634408180736032,0.531061759890608,0.765430714656709,812,True
913,0.3465208110282545,0.5244618367736007,0.7777294576473119,819,False
914,0.36696889265904553,0.5263120369158772,0.7670263826088736,812,True
915,0.3768410113361676,0.5351789887598106,0.7560253316954142,812,True
916,0.36875541747536444,0.5240175637311061,0.7677402132127026,812,True
917,0.36865256756396164,0.5339130935525748,0.7609415831465766,812,True
918,0.3639736981440138,0.5397997451106247,0.759038458997879,812,True
919,0.3534558289921806,0.5460211296673342,0.759559018713002,812,False
920,0.38927328626501534,0.5151775033631734,0.7635826403402076,812,True
921,0.3609592540803065,0.5340628745466673,0.7645163588339621,812,True
922,0.35278672901394187,0.5316612739002797,0.7699855931550766,812,False
923,0.3559318537991614,0.5421283371679313,0.7611894517730958,812,False
924,0.3787575600284994,0.5196312164414041,0.7658499263046803,819,True
925,0.36127186537408845,0.5227731255546932,0.7721339899828937,812,True
926,0.34669313193390117,0.5331546908541768,0.7717188269635837,812,False
927,0.36729086716073495,0.5260085594932442,0.7670804483495571,812,True
928,0.36320009457725333,0.5148948905982158,0.7765107487568512,812,True
929,0.35047442331805984,0.5468964039682933,0.7603104641700145,812,False
930,0.36086629725895963,0.529851133578013,0.7674850433387629,812,True
931,0.3656286716523614,0.5332279094129693,0.7628785428158298,812,True
932,0.36699888799794017,0.5375897270964215,0.7591502496401292,812,True
933,0.3644466940936102,0.5185016522920158,0.773520939428719,812,True
934,0.37044857408556103,0.5324067526387439,0.7611247622450881,812,True
935,0.3536419579290986,0.5446461087098335,0.7604590599495216,812,False
936,0.34223868805515983,0.5314142226867167,0.774901028728544,812,False
937,0.35581885283073533,0.5391339119937636,0.763365946914401,812,False
938,0.36966409606267764,0.5343422529272532,0.7601492043137258,812,True
939,0.3689407339093134,0.5432354290439493,0.7541737223570532,812,True
940,0.3626264441334001,0.5356381663326162,0.7626229846936154,812,True
941,0.36920073313203705,0.5425111496648504,0.7545677379427831,812,True
942,0.3748878677355419,0.5345382664423451,0.757448300766139,812,True
943,0.3586671409673031,0.5286959486560305,0.7693103898070274,812,False
944,0.36462233301576225,0.5343103007166797,0.7626028172084036,812,True
945,0.3697184768444232,0.5366798088517406,0.7584741463297867,812,True
946,0.34873833183827974,0.5215157184404536,0.7787187755064029,812,False
947,0.35526120260524113,0.5469790269952618,0.7580260034792966,812,False
948,0.37404455893872907,0.5374921176460331,0.7557730422532379,904,True
949,0.3552396004425902,0.5345783442106136,0.7668316765617,812,False
950,0.3589756917347741,0.5393389177916129,0.761741415769756,812,True
951,0.3506904075472619,0.5453195940812554,0.7613427469710276,812,False
952,0.3607723744470128,0.53580608992717,0.7633839976268966,812,True
953,0.37059401416332455,0.5263015032332493,0.7652887065420054,812,True
954,0.3569282926016734,0.5534942537001324,0.752493392038354,812,False
955,0.3601285650572874,0.5393498113081174,0.7611893310285406,812,True
956,0.3943951900154529,0.5325063972487108,0.748925477588974,812,True
957,0.3603495837473229,0.5436080055544966,0.7580491499831613,812,True
958,0.37194479092692845,0.5138322681951314,0.7730675731550056,812,True
959,0.38318644349699316,0.5370804853027968,0.7514736867163333,812,True
960,0.35267430005169076,0.5252780446983135,0.7744054582975035,812,False
961,0.3537762542135101,0.5252299333443746,0.7739353196964989,812,False
962,0.36852398352786575,0.5330324854687921,0.7616209313035688,812,True
963,0.35796588418200065,0.5301983236276606,0.7686027344371191,812,True
964,0.38606937451308027,0.5317567465775752,0.7537806050385691,812,True
965,0.3740624654156884,0.5196799853223862,0.7681210743251752,812,True
966,0.37217773498914514,0.5297947775836875,0.7621031604864269,812,True
967,0.3618517669091063,0.5384191468337312,0.7610309593620977,812,True
968,0.36748529325198787,0.5343828440357073,0.7611764153228928,812,True
969,0.38340251813185583,0.5171259175679433,0.7652341435597765,888,True
970,0.3618638267513697,0.5337106058795367,0.7643347172937734,812,True
971,0.35604758922745977,0.5358523193959956,0.7655667221106505,812,True
972,0.37722361893695394,0.5341923187893861,0.7565321591727128,812,True
973,0.35590078485472615,0.5307817413878285,0.7691588745825496,812,True
974,0.3639382489671569,0.5384869692580043,0.7599873254719772,812,True
975,0.35895540830449485,0.534480940860509,0.7651673926049243,812,True
976,0.35605466542322944,0.5332360022473802,0.7673880642397196,812,True
977,0.36355619057903954,0.5233147553702664,0.7706935597910595,812,True
978,0.36295078511211476,0.5280227965528906,0.7677621076264209,812,True
979,0.3769341912804106,0.5211663821526163,0.7657063520421755,812,True
980,0.36881249028045665,0.5431373970011792,0.7543070429154901,812,True
981,0.3759927472308723,0.5281349358746773,0.7613822584867812,812,True
982,0.35739100906205556,0.5329772175156362,0.7669465119882192,812,True
983,0.3600512406721459,0.5405710895664134,0.7603591264760546,812,True
984,0.36143952114278244,0.5499616841215061,0.7529300223488984,812,True
985,0.37102331838474856,0.5437821577151325,0.7527567084825244,812,True
986,0.3953563381535963,0.506056719889698,0.7665506911719923,920,True
987,0.36318927420059977,0.517489653418976,0.774789009801991,812,True
988,0.38712468966317104,0.5360373455352888,0.7501989328469317,893,True
989,0.37157081420027155,0.5244180328311308,0.7661076013694647,812,True
990,0.38090987629764556,0.5217735931785767,0.7633216776696633,812,True
991,0.3720641942389211,0.5389799818500873,0.7556909517324008,812,True
992,0.38601280119712317,0.5181340349977872,0.763237341256874,920,True
993,0.35894519834777117,0.5420485399863741,0.7598300631599932,812,True
994,0.3641323294205648,0.5352862987794087,0.7621523633826736,920,True
995,0.3650755880306228,0.5212378418751158,0.7713824779066909,812,True
996,0.4020072245908352,0.49832606990368356,0.768154489299596,920,True
997,0.3724349723518046,0.5436007447726114,0.7521904158203379,812,True
998,0.354949813386924,0.5423677410399435,0.7614774215010034,812,True
999,0.39336592611250637,0.509439072176278,0.7653333129518295,920,True
