STARTTIME,GAMMA,D_DIMENSION,P_NORM,K_SPECIES_MAX,ABUNDANCE_SPAWN,ABUNDANCE_DEATH,DEATH_RATE,ALPHA,BETA,DT_TIMESCALE,SEED,MONOD,MONOD_HALF_VELOCITY,MONOD_ALPHAMAX,MONOD_BETAMAX,save_every
1204_103242,"[0.07742637 0.07742637 0.07742637 0.07742637 0.07742637 0.07742637
 0.07742637 0.07742637 0.07742637 0.07742637]",10,0.9,500,0.01,0.001,0.1,0.05,0.01,0.1,123456,False,,,,1000
1204_103257,"[0.07742637 0.07742637 0.07742637 0.07742637 0.07742637 0.07742637
 0.07742637 0.07742637 0.07742637 0.07742637]",10,0.9,500,0.01,0.001,0.1,0.05,0.01,0.1,123457,False,,,,1000
1204_103313,"[0.07742637 0.07742637 0.07742637 0.07742637 0.07742637 0.07742637
 0.07742637 0.07742637 0.07742637 0.07742637]",10,0.9,500,0.01,0.001,0.1,0.05,0.01,0.1,123458,False,,,,1000
1204_103329,"[0.07742637 0.07742637 0.07742637 0.07742637 0.07742637 0.07742637
 0.07742637 0.07742637 0.07742637 0.07742637]",10,0.9,500,0.01,0.001,0.1,0.05,0.01,0.1,123459,False,,,,1000
1204_103346,"[0.07742637 0.07742637 0.07742637 0.07742637 0.07742637 0.07742637
 0.07742637 0.07742637 0.07742637 0.07742637]",10,0.9,500,0.01,0.001,0.1,0.05,0.01,0.1,123460,False,,,,1000
1204_103402,"[0.07742637 0.07742637 0.07742637 0.07742637 0.07742637 0.07742637
 0.07742637 0.07742637 0.07742637 0.07742637]",10,0.9,500,0.01,0.001,0.1,0.05,0.01,0.1,123461,False,,,,1000
1204_103420,"[0.07742637 0.07742637 0.07742637 0.07742637 0.07742637 0.07742637
 0.07742637 0.07742637 0.07742637 0.07742637]",10,0.9,500,0.01,0.001,0.1,0.05,0.01,0.1,123462,False,,,,1000
1204_103435,"[0.07742637 0.07742637 0.07742637 0.07742637 0.07742637 0.07742637
 0.07742637 0.07742637 0.07742637 0.07742637]",10,0.9,500,0.01,0.001,0.1,0.05,0.01,0.1,123463,False,,,,1000
1204_103451,"[0.07742637 0.07742637 0.07742637 0.07742637 0.07742637 0.07742637
 0.07742637 0.07742637 0.07742637 0.07742637]",10,0.9,500,0.01,0.001,0.1,0.05,0.01,0.1,123464,False,,,,1000
1204_103510,"[0.07742637 0.07742637 0.07742637 0.07742637 0.07742637 0.07742637
 0.07742637 0.07742637 0.07742637 0.07742637]",10,0.9,500,0.01,0.001,0.1,0.05,0.01,0.1,123465,False,,,,1000
1204_103527,"[0.07742637 0.07742637 0.07742637 0.07742637 0.07742637 0.07742637
 0.07742637 0.07742637 0.07742637 0.07742637]",10,0.9,500,0.01,0.001,0.1,0.05,0.01,0.1,123466,False,,,,1000
1204_103543,"[0.07742637 0.07742637 0.07742637 0.07742637 0.07742637 0.07742637
 0.07742637 0.07742637 0.07742637 0.07742637]",10,0.9,500,0.01,0.001,0.1,0.05,0.01,0.1,123467,False,,,,1000
1204_103600,"[0.07742637 0.07742637 0.07742637 0.07742637 0.07742637 0.07742637
 0.07742637 0.07742637 0.07742637 0.07742637]",10,0.9,500,0.01,0.001,0.1,0.05,0.01,0.1,123468,False,,,,1000
1204_103617,"[0.07742637 0.07742637 0.07742637 0.07742637 0.07742637 0.07742637
 0.07742637 0.07742637 0.07742637 0.07742637]",10,0.9,500,0.01,0.001,0.1,0.05,0.01,0.1,123469,False,,,,1000
1204_103632,"[0.07742637 0.07742637 0.07742637 0.07742637 0.07742637 0.07742637
 0.07742637 0.07742637 0.07742637 0.07742637]",10,0.9,500,0.01,0.001,0.1,0.05,0.01,0.1,123470,False,,,,1000
1204_103649,"[0.07742637 0.07742637 0.07742637 0.07742637 0.07742637 0.07742637
 0.07742637 0.07742637 0.07742637 0.07742637]",10,0.9,500,0.01,0.001,0.1,0.05,0.01,0.1,123471,False,,,,1000
1204_103705,"[0.07742637 0.07742637 0.07742637 0.07742637 0.07742637 0.07742637
 0.07742637 0.07742637 0.07742637 0.07742637]",10,0.9,500,0.01,0.001,0.1,0.05,0.01,0.1,123472,False,,,,1000
1204_103721,"[0.07742637 0.07742637 0.07742637 0.07742637 0.07742637 0.07742637
 0.07742637 0.07742637 0.07742637 0.07742637]",10,0.9,500,0.01,0.001,0.1,0.05,0.01,0.1,123473,False,,,,1000
1204_103737,"[0.07742637 0.07742637 0.07742637 0.07742637 0.07742637 0.07742637
 0.07742637 0.07742637 0.07742637 0.07742637]",10,0.9,500,0.01,0.001,0.1,0.05,0.01,0.1,123474,False,,,,1000
1204_103753,"[0.07742637 0.07742637 0.07742637 0.07742637 0.07742637 0.07742637
 0.07742637 0.07742637 0.07742637 0.07742637]",10,0.9,500,0.01,0.001,0.1,0.05,0.01,0.1,123475,False,,,,1000
1204_103809,"[0.07742637 0.07742637 0.07742637 0.07742637 0.07742637 0.07742637
 0.07742637 0.07742637 0.07742637 0.07742637]",10,0.9,500,0.01,0.001,0.1,0.05,0.01,0.1,123476,False,,,,1000
1204_103825,"[0.07742637 0.07742637 0.07742637 0.07742637 0.07742637 0.07742637
 0.07742637 0.07742637 0.07742637 0.07742637]",10,0.9,500,0.01,0.001,0.1,0.05,0.01,0.1,123477,False,,,,1000
1204_103841,"[0.07742637 0.07742637 0.07742637 0.07742637 0.07742637 0.07742637
 0.07742637 0.07742637 0.07742637 0.07742637]",10,0.9,500,0.01,0.001,0.1,0.05,0.01,0.1,123478,False,,,,1000
1204_103857,"[0.07742637 0.07742637 0.07742637 0.07742637 0.07742637 0.07742637
 0.07742637 0.07742637 0.07742637 0.07742637]",10,0.9,500,0.01,0.001,0.1,0.05,0.01,0.1,123479,False,,,,1000
1204_103912,"[0.07742637 0.07742637 0.07742637 0.07742637 0.07742637 0.07742637
 0.07742637 0.07742637 0.07742637 0.07742637]",10,0.9,500,0.01,0.001,0.1,0.05,0.01,0.1,123480,False,,,,1000
1204_103928,"[0.07742637 0.07742637 0.07742637 0.07742637 0.07742637 0.07742637
 0.07742637 0.07742637 0.07742637 0.07742637]",10,0.9,500,0.01,0.001,0.1,0.05,0.01,0.1,123481,False,,,,1000
1204_103944,"[0.07742637 0.07742637 0.07742637 0.07742637 0.07742637 0.07742637
 0.07742637 0.07742637 0.07742637 0.07742637]",10,0.9,500,0.01,0.001,0.1,0.05,0.01,0.1,123482,False,,,,1000
1204_104000,"[0.07742637 0.07742637 0.07742637 0.07742637 0.07742637 0.07742637
 0.07742637 0.07742637 0.07742637 0.07742637]",10,0.9,500,0.01,0.001,0.1,0.05,0.01,0.1,123483,False,,,,1000
1204_104016,"[0.07742637 0.07742637 0.07742637 0.07742637 0.07742637 0.07742637
 0.07742637 0.07742637 0.07742637 0.07742637]",10,0.9,500,0.01,0.001,0.1,0.05,0.01,0.1,123484,False,,,,1000
1204_104032,"[0.07742637 0.07742637 0.07742637 0.07742637 0.07742637 0.07742637
 0.07742637 0.07742637 0.07742637 0.07742637]",10,0.9,500,0.01,0.001,0.1,0.05,0.01,0.1,123485,False,,,,1000
1204_104048,"[0.07742637 0.07742637 0.07742637 0.07742637 0.07742637 0.07742637
 0.07742637 0.07742637 0.07742637 0.07742637]",10,0.9,500,0.01,0.001,0.1,0.05,0.01,0.1,123486,False,,,,1000
1204_104104,"[0.07742637 0.07742637 0.07742637 0.07742637 0.07742637 0.07742637
 0.07742637 0.07742637 0.07742637 0.07742637]",10,0.9,500,0.01,0.001,0.1,0.05,0.01,0.1,123487,False,,,,1000
1204_104120,"[0.07742637 0.07742637 0.07742637 0.07742637 0.07742637 0.07742637
 0.07742637 0.07742637 0.07742637 0.07742637]",10,0.9,500,0.01,0.001,0.1,0.05,0.01,0.1,123488,False,,,,1000
1204_104136,"[0.07742637 0.07742637 0.07742637 0.07742637 0.07742637 0.07742637
 0.07742637 0.07742637 0.07742637 0.07742637]",10,0.9,500,0.01,0.001,0.1,0.05,0.01,0.1,123489,False,,,,1000
1204_104152,"[0.07742637 0.07742637 0.07742637 0.07742637 0.07742637 0.07742637
 0.07742637 0.07742637 0.07742637 0.07742637]",10,0.9,500,0.01,0.001,0.1,0.05,0.01,0.1,123490,False,,,,1000
1204_104209,"[0.07742637 0.07742637 0.07742637 0.07742637 0.07742637 0.07742637
 0.07742637 0.07742637 0.07742637 0.07742637]",10,0.9,500,0.01,0.001,0.1,0.05,0.01,0.1,123491,False,,,,1000
1204_104224,"[0.07742637 0.07742637 0.07742637 0.07742637 0.07742637 0.07742637
 0.07742637 0.07742637 0.07742637 0.07742637]",10,0.9,500,0.01,0.001,0.1,0.05,0.01,0.1,123492,False,,,,1000
1204_104240,"[0.07742637 0.07742637 0.07742637 0.07742637 0.07742637 0.07742637
 0.07742637 0.07742637 0.07742637 0.07742637]",10,0.9,500,0.01,0.001,0.1,0.05,0.01,0.1,123493,False,,,,1000
1204_104256,"[0.07742637 0.07742637 0.07742637 0.07742637 0.07742637 0.07742637
 0.07742637 0.07742637 0.07742637 0.07742637]",10,0.9,500,0.01,0.001,0.1,0.05,0.01,0.1,123494,False,,,,1000
1204_104312,"[0.07742637 0.07742637 0.07742637 0.07742637 0.07742637 0.07742637
 0.07742637 0.07742637 0.07742637 0.07742637]",10,0.9,500,0.01,0.001,0.1,0.05,0.01,0.1,123495,False,,,,1000
1204_104328,"[0.07742637 0.07742637 0.07742637 0.07742637 0.07742637 0.07742637
 0.07742637 0.07742637 0.07742637 0.07742637]",10,0.9,500,0.01,0.001,0.1,0.05,0.01,0.1,123496,False,,,,1000
1204_104344,"[0.07742637 0.07742637 0.07742637 0.07742637 0.07742637 0.07742637
 0.07742637 0.07742637 0.07742637 0.07742637]",10,0.9,500,0.01,0.001,0.1,0.05,0.01,0.1,123497,False,,,,1000
1204_104400,"[0.07742637 0.07742637 0.07742637 0.07742637 0.07742637 0.07742637
 0.07742637 0.07742637 0.07742637 0.07742637]",10,0.9,500,0.01,0.001,0.1,0.05,0.01,0.1,123498,False,,,,1000
1204_104415,"[0.07742637 0.07742637 0.07742637 0.07742637 0.07742637 0.07742637
 0.07742637 0.07742637 0.07742637 0.07742637]",10,0.9,500,0.01,0.001,0.1,0.05,0.01,0.1,123499,False,,,,1000
1204_104431,"[0.07742637 0.07742637 0.07742637 0.07742637 0.07742637 0.07742637
 0.07742637 0.07742637 0.07742637 0.07742637]",10,0.9,500,0.01,0.001,0.1,0.05,0.01,0.1,123500,False,,,,1000
1204_104447,"[0.07742637 0.07742637 0.07742637 0.07742637 0.07742637 0.07742637
 0.07742637 0.07742637 0.07742637 0.07742637]",10,0.9,500,0.01,0.001,0.1,0.05,0.01,0.1,123501,False,,,,1000
1204_104504,"[0.07742637 0.07742637 0.07742637 0.07742637 0.07742637 0.07742637
 0.07742637 0.07742637 0.07742637 0.07742637]",10,0.9,500,0.01,0.001,0.1,0.05,0.01,0.1,123502,False,,,,1000
1204_104520,"[0.07742637 0.07742637 0.07742637 0.07742637 0.07742637 0.07742637
 0.07742637 0.07742637 0.07742637 0.07742637]",10,0.9,500,0.01,0.001,0.1,0.05,0.01,0.1,123503,False,,,,1000
1204_104536,"[0.07742637 0.07742637 0.07742637 0.07742637 0.07742637 0.07742637
 0.07742637 0.07742637 0.07742637 0.07742637]",10,0.9,500,0.01,0.001,0.1,0.05,0.01,0.1,123504,False,,,,1000
1204_104608,"[0.07742637 0.07742637 0.07742637 0.07742637 0.07742637 0.07742637
 0.07742637 0.07742637 0.07742637 0.07742637]",10,0.9,500,0.01,0.001,0.1,0.05,0.01,0.1,123505,False,,,,1000
1204_104630,"[0.07742637 0.07742637 0.07742637 0.07742637 0.07742637 0.07742637
 0.07742637 0.07742637 0.07742637 0.07742637]",10,0.9,500,0.01,0.001,0.1,0.05,0.01,0.1,123506,False,,,,1000
1204_104649,"[0.07742637 0.07742637 0.07742637 0.07742637 0.07742637 0.07742637
 0.07742637 0.07742637 0.07742637 0.07742637]",10,0.9,500,0.01,0.001,0.1,0.05,0.01,0.1,123507,False,,,,1000
1204_104708,"[0.07742637 0.07742637 0.07742637 0.07742637 0.07742637 0.07742637
 0.07742637 0.07742637 0.07742637 0.07742637]",10,0.9,500,0.01,0.001,0.1,0.05,0.01,0.1,123508,False,,,,1000
1204_104730,"[0.07742637 0.07742637 0.07742637 0.07742637 0.07742637 0.07742637
 0.07742637 0.07742637 0.07742637 0.07742637]",10,0.9,500,0.01,0.001,0.1,0.05,0.01,0.1,123509,False,,,,1000
1204_104746,"[0.07742637 0.07742637 0.07742637 0.07742637 0.07742637 0.07742637
 0.07742637 0.07742637 0.07742637 0.07742637]",10,0.9,500,0.01,0.001,0.1,0.05,0.01,0.1,123510,False,,,,1000
1204_104802,"[0.07742637 0.07742637 0.07742637 0.07742637 0.07742637 0.07742637
 0.07742637 0.07742637 0.07742637 0.07742637]",10,0.9,500,0.01,0.001,0.1,0.05,0.01,0.1,123511,False,,,,1000
1204_104821,"[0.07742637 0.07742637 0.07742637 0.07742637 0.07742637 0.07742637
 0.07742637 0.07742637 0.07742637 0.07742637]",10,0.9,500,0.01,0.001,0.1,0.05,0.01,0.1,123512,False,,,,1000
1204_104839,"[0.07742637 0.07742637 0.07742637 0.07742637 0.07742637 0.07742637
 0.07742637 0.07742637 0.07742637 0.07742637]",10,0.9,500,0.01,0.001,0.1,0.05,0.01,0.1,123513,False,,,,1000
1204_104854,"[0.07742637 0.07742637 0.07742637 0.07742637 0.07742637 0.07742637
 0.07742637 0.07742637 0.07742637 0.07742637]",10,0.9,500,0.01,0.001,0.1,0.05,0.01,0.1,123514,False,,,,1000
1204_104910,"[0.07742637 0.07742637 0.07742637 0.07742637 0.07742637 0.07742637
 0.07742637 0.07742637 0.07742637 0.07742637]",10,0.9,500,0.01,0.001,0.1,0.05,0.01,0.1,123515,False,,,,1000
1204_104925,"[0.07742637 0.07742637 0.07742637 0.07742637 0.07742637 0.07742637
 0.07742637 0.07742637 0.07742637 0.07742637]",10,0.9,500,0.01,0.001,0.1,0.05,0.01,0.1,123516,False,,,,1000
1204_104942,"[0.07742637 0.07742637 0.07742637 0.07742637 0.07742637 0.07742637
 0.07742637 0.07742637 0.07742637 0.07742637]",10,0.9,500,0.01,0.001,0.1,0.05,0.01,0.1,123517,False,,,,1000
1204_104958,"[0.07742637 0.07742637 0.07742637 0.07742637 0.07742637 0.07742637
 0.07742637 0.07742637 0.07742637 0.07742637]",10,0.9,500,0.01,0.001,0.1,0.05,0.01,0.1,123518,False,,,,1000
1204_105013,"[0.07742637 0.07742637 0.07742637 0.07742637 0.07742637 0.07742637
 0.07742637 0.07742637 0.07742637 0.07742637]",10,0.9,500,0.01,0.001,0.1,0.05,0.01,0.1,123519,False,,,,1000
1204_105029,"[0.07742637 0.07742637 0.07742637 0.07742637 0.07742637 0.07742637
 0.07742637 0.07742637 0.07742637 0.07742637]",10,0.9,500,0.01,0.001,0.1,0.05,0.01,0.1,123520,False,,,,1000
1204_105044,"[0.07742637 0.07742637 0.07742637 0.07742637 0.07742637 0.07742637
 0.07742637 0.07742637 0.07742637 0.07742637]",10,0.9,500,0.01,0.001,0.1,0.05,0.01,0.1,123521,False,,,,1000
1204_105100,"[0.07742637 0.07742637 0.07742637 0.07742637 0.07742637 0.07742637
 0.07742637 0.07742637 0.07742637 0.07742637]",10,0.9,500,0.01,0.001,0.1,0.05,0.01,0.1,123522,False,,,,1000
1204_105116,"[0.07742637 0.07742637 0.07742637 0.07742637 0.07742637 0.07742637
 0.07742637 0.07742637 0.07742637 0.07742637]",10,0.9,500,0.01,0.001,0.1,0.05,0.01,0.1,123523,False,,,,1000
1204_105131,"[0.07742637 0.07742637 0.07742637 0.07742637 0.07742637 0.07742637
 0.07742637 0.07742637 0.07742637 0.07742637]",10,0.9,500,0.01,0.001,0.1,0.05,0.01,0.1,123524,False,,,,1000
1204_105147,"[0.07742637 0.07742637 0.07742637 0.07742637 0.07742637 0.07742637
 0.07742637 0.07742637 0.07742637 0.07742637]",10,0.9,500,0.01,0.001,0.1,0.05,0.01,0.1,123525,False,,,,1000
1204_105203,"[0.07742637 0.07742637 0.07742637 0.07742637 0.07742637 0.07742637
 0.07742637 0.07742637 0.07742637 0.07742637]",10,0.9,500,0.01,0.001,0.1,0.05,0.01,0.1,123526,False,,,,1000
1204_105219,"[0.07742637 0.07742637 0.07742637 0.07742637 0.07742637 0.07742637
 0.07742637 0.07742637 0.07742637 0.07742637]",10,0.9,500,0.01,0.001,0.1,0.05,0.01,0.1,123527,False,,,,1000
1204_105235,"[0.07742637 0.07742637 0.07742637 0.07742637 0.07742637 0.07742637
 0.07742637 0.07742637 0.07742637 0.07742637]",10,0.9,500,0.01,0.001,0.1,0.05,0.01,0.1,123528,False,,,,1000
1204_105250,"[0.07742637 0.07742637 0.07742637 0.07742637 0.07742637 0.07742637
 0.07742637 0.07742637 0.07742637 0.07742637]",10,0.9,500,0.01,0.001,0.1,0.05,0.01,0.1,123529,False,,,,1000
1204_105306,"[0.07742637 0.07742637 0.07742637 0.07742637 0.07742637 0.07742637
 0.07742637 0.07742637 0.07742637 0.07742637]",10,0.9,500,0.01,0.001,0.1,0.05,0.01,0.1,123530,False,,,,1000
1204_105322,"[0.07742637 0.07742637 0.07742637 0.07742637 0.07742637 0.07742637
 0.07742637 0.07742637 0.07742637 0.07742637]",10,0.9,500,0.01,0.001,0.1,0.05,0.01,0.1,123531,False,,,,1000
1204_105338,"[0.07742637 0.07742637 0.07742637 0.07742637 0.07742637 0.07742637
 0.07742637 0.07742637 0.07742637 0.07742637]",10,0.9,500,0.01,0.001,0.1,0.05,0.01,0.1,123532,False,,,,1000
1204_105354,"[0.07742637 0.07742637 0.07742637 0.07742637 0.07742637 0.07742637
 0.07742637 0.07742637 0.07742637 0.07742637]",10,0.9,500,0.01,0.001,0.1,0.05,0.01,0.1,123533,False,,,,1000
1204_105410,"[0.07742637 0.07742637 0.07742637 0.07742637 0.07742637 0.07742637
 0.07742637 0.07742637 0.07742637 0.07742637]",10,0.9,500,0.01,0.001,0.1,0.05,0.01,0.1,123534,False,,,,1000
1204_105426,"[0.07742637 0.07742637 0.07742637 0.07742637 0.07742637 0.07742637
 0.07742637 0.07742637 0.07742637 0.07742637]",10,0.9,500,0.01,0.001,0.1,0.05,0.01,0.1,123535,False,,,,1000
1204_105442,"[0.07742637 0.07742637 0.07742637 0.07742637 0.07742637 0.07742637
 0.07742637 0.07742637 0.07742637 0.07742637]",10,0.9,500,0.01,0.001,0.1,0.05,0.01,0.1,123536,False,,,,1000
1204_105457,"[0.07742637 0.07742637 0.07742637 0.07742637 0.07742637 0.07742637
 0.07742637 0.07742637 0.07742637 0.07742637]",10,0.9,500,0.01,0.001,0.1,0.05,0.01,0.1,123537,False,,,,1000
1204_105513,"[0.07742637 0.07742637 0.07742637 0.07742637 0.07742637 0.07742637
 0.07742637 0.07742637 0.07742637 0.07742637]",10,0.9,500,0.01,0.001,0.1,0.05,0.01,0.1,123538,False,,,,1000
1204_105529,"[0.07742637 0.07742637 0.07742637 0.07742637 0.07742637 0.07742637
 0.07742637 0.07742637 0.07742637 0.07742637]",10,0.9,500,0.01,0.001,0.1,0.05,0.01,0.1,123539,False,,,,1000
1204_105545,"[0.07742637 0.07742637 0.07742637 0.07742637 0.07742637 0.07742637
 0.07742637 0.07742637 0.07742637 0.07742637]",10,0.9,500,0.01,0.001,0.1,0.05,0.01,0.1,123540,False,,,,1000
1204_105600,"[0.07742637 0.07742637 0.07742637 0.07742637 0.07742637 0.07742637
 0.07742637 0.07742637 0.07742637 0.07742637]",10,0.9,500,0.01,0.001,0.1,0.05,0.01,0.1,123541,False,,,,1000
1204_105616,"[0.07742637 0.07742637 0.07742637 0.07742637 0.07742637 0.07742637
 0.07742637 0.07742637 0.07742637 0.07742637]",10,0.9,500,0.01,0.001,0.1,0.05,0.01,0.1,123542,False,,,,1000
1204_105632,"[0.07742637 0.07742637 0.07742637 0.07742637 0.07742637 0.07742637
 0.07742637 0.07742637 0.07742637 0.07742637]",10,0.9,500,0.01,0.001,0.1,0.05,0.01,0.1,123543,False,,,,1000
1204_105647,"[0.07742637 0.07742637 0.07742637 0.07742637 0.07742637 0.07742637
 0.07742637 0.07742637 0.07742637 0.07742637]",10,0.9,500,0.01,0.001,0.1,0.05,0.01,0.1,123544,False,,,,1000
1204_105703,"[0.07742637 0.07742637 0.07742637 0.07742637 0.07742637 0.07742637
 0.07742637 0.07742637 0.07742637 0.07742637]",10,0.9,500,0.01,0.001,0.1,0.05,0.01,0.1,123545,False,,,,1000
1204_105718,"[0.07742637 0.07742637 0.07742637 0.07742637 0.07742637 0.07742637
 0.07742637 0.07742637 0.07742637 0.07742637]",10,0.9,500,0.01,0.001,0.1,0.05,0.01,0.1,123546,False,,,,1000
1204_105734,"[0.07742637 0.07742637 0.07742637 0.07742637 0.07742637 0.07742637
 0.07742637 0.07742637 0.07742637 0.07742637]",10,0.9,500,0.01,0.001,0.1,0.05,0.01,0.1,123547,False,,,,1000
1204_105749,"[0.07742637 0.07742637 0.07742637 0.07742637 0.07742637 0.07742637
 0.07742637 0.07742637 0.07742637 0.07742637]",10,0.9,500,0.01,0.001,0.1,0.05,0.01,0.1,123548,False,,,,1000
1204_105806,"[0.07742637 0.07742637 0.07742637 0.07742637 0.07742637 0.07742637
 0.07742637 0.07742637 0.07742637 0.07742637]",10,0.9,500,0.01,0.001,0.1,0.05,0.01,0.1,123549,False,,,,1000
1204_105822,"[0.07742637 0.07742637 0.07742637 0.07742637 0.07742637 0.07742637
 0.07742637 0.07742637 0.07742637 0.07742637]",10,0.9,500,0.01,0.001,0.1,0.05,0.01,0.1,123550,False,,,,1000
1204_105838,"[0.07742637 0.07742637 0.07742637 0.07742637 0.07742637 0.07742637
 0.07742637 0.07742637 0.07742637 0.07742637]",10,0.9,500,0.01,0.001,0.1,0.05,0.01,0.1,123551,False,,,,1000
1204_105900,"[0.07742637 0.07742637 0.07742637 0.07742637 0.07742637 0.07742637
 0.07742637 0.07742637 0.07742637 0.07742637]",10,0.9,500,0.01,0.001,0.1,0.05,0.01,0.1,123552,False,,,,1000
1204_105916,"[0.07742637 0.07742637 0.07742637 0.07742637 0.07742637 0.07742637
 0.07742637 0.07742637 0.07742637 0.07742637]",10,0.9,500,0.01,0.001,0.1,0.05,0.01,0.1,123553,False,,,,1000
1204_105931,"[0.07742637 0.07742637 0.07742637 0.07742637 0.07742637 0.07742637
 0.07742637 0.07742637 0.07742637 0.07742637]",10,0.9,500,0.01,0.001,0.1,0.05,0.01,0.1,123554,False,,,,1000
1204_105947,"[0.07742637 0.07742637 0.07742637 0.07742637 0.07742637 0.07742637
 0.07742637 0.07742637 0.07742637 0.07742637]",10,0.9,500,0.01,0.001,0.1,0.05,0.01,0.1,123555,False,,,,1000
1204_110002,[0.1 0.1 0.1 0.1 0.1 0.1 0.1 0.1 0.1 0.1],10,1,500,0.01,0.001,0.1,0.05,0.01,0.1,123556,False,,,,1000
1204_110011,[0.1 0.1 0.1 0.1 0.1 0.1 0.1 0.1 0.1 0.1],10,1,500,0.01,0.001,0.1,0.05,0.01,0.1,123557,False,,,,1000
1204_110020,[0.1 0.1 0.1 0.1 0.1 0.1 0.1 0.1 0.1 0.1],10,1,500,0.01,0.001,0.1,0.05,0.01,0.1,123558,False,,,,1000
1204_110028,[0.1 0.1 0.1 0.1 0.1 0.1 0.1 0.1 0.1 0.1],10,1,500,0.01,0.001,0.1,0.05,0.01,0.1,123559,False,,,,1000
1204_110037,[0.1 0.1 0.1 0.1 0.1 0.1 0.1 0.1 0.1 0.1],10,1,500,0.01,0.001,0.1,0.05,0.01,0.1,123560,False,,,,1000
1204_110046,[0.1 0.1 0.1 0.1 0.1 0.1 0.1 0.1 0.1 0.1],10,1,500,0.01,0.001,0.1,0.05,0.01,0.1,123561,False,,,,1000
1204_110054,[0.1 0.1 0.1 0.1 0.1 0.1 0.1 0.1 0.1 0.1],10,1,500,0.01,0.001,0.1,0.05,0.01,0.1,123562,False,,,,1000
1204_110103,[0.1 0.1 0.1 0.1 0.1 0.1 0.1 0.1 0.1 0.1],10,1,500,0.01,0.001,0.1,0.05,0.01,0.1,123563,False,,,,1000
1204_110112,[0.1 0.1 0.1 0.1 0.1 0.1 0.1 0.1 0.1 0.1],10,1,500,0.01,0.001,0.1,0.05,0.01,0.1,123564,False,,,,1000
1204_110122,[0.1 0.1 0.1 0.1 0.1 0.1 0.1 0.1 0.1 0.1],10,1,500,0.01,0.001,0.1,0.05,0.01,0.1,123565,False,,,,1000
1204_110136,[0.1 0.1 0.1 0.1 0.1 0.1 0.1 0.1 0.1 0.1],10,1,500,0.01,0.001,0.1,0.05,0.01,0.1,123566,False,,,,1000
1204_110146,[0.1 0.1 0.1 0.1 0.1 0.1 0.1 0.1 0.1 0.1],10,1,500,0.01,0.001,0.1,0.05,0.01,0.1,123567,False,,,,1000
1204_110155,[0.1 0.1 0.1 0.1 0.1 0.1 0.1 0.1 0.1 0.1],10,1,500,0.01,0.001,0.1,0.05,0.01,0.1,123568,False,,,,1000
1204_110205,[0.1 0.1 0.1 0.1 0.1 0.1 0.1 0.1 0.1 0.1],10,1,500,0.01,0.001,0.1,0.05,0.01,0.1,123569,False,,,,1000
1204_110217,[0.1 0.1 0.1 0.1 0.1 0.1 0.1 0.1 0.1 0.1],10,1,500,0.01,0.001,0.1,0.05,0.01,0.1,123570,False,,,,1000
1204_110229,[0.1 0.1 0.1 0.1 0.1 0.1 0.1 0.1 0.1 0.1],10,1,500,0.01,0.001,0.1,0.05,0.01,0.1,123571,False,,,,1000
1204_110251,[0.1 0.1 0.1 0.1 0.1 0.1 0.1 0.1 0.1 0.1],10,1,500,0.01,0.001,0.1,0.05,0.01,0.1,123572,False,,,,1000
1204_110302,[0.1 0.1 0.1 0.1 0.1 0.1 0.1 0.1 0.1 0.1],10,1,500,0.01,0.001,0.1,0.05,0.01,0.1,123573,False,,,,1000
1204_110314,[0.1 0.1 0.1 0.1 0.1 0.1 0.1 0.1 0.1 0.1],10,1,500,0.01,0.001,0.1,0.05,0.01,0.1,123574,False,,,,1000
1204_110327,[0.1 0.1 0.1 0.1 0.1 0.1 0.1 0.1 0.1 0.1],10,1,500,0.01,0.001,0.1,0.05,0.01,0.1,123575,False,,,,1000
1204_110345,[0.1 0.1 0.1 0.1 0.1 0.1 0.1 0.1 0.1 0.1],10,1,500,0.01,0.001,0.1,0.05,0.01,0.1,123576,False,,,,1000
1204_110359,[0.1 0.1 0.1 0.1 0.1 0.1 0.1 0.1 0.1 0.1],10,1,500,0.01,0.001,0.1,0.05,0.01,0.1,123577,False,,,,1000
1204_110410,[0.1 0.1 0.1 0.1 0.1 0.1 0.1 0.1 0.1 0.1],10,1,500,0.01,0.001,0.1,0.05,0.01,0.1,123578,False,,,,1000
1204_110420,[0.1 0.1 0.1 0.1 0.1 0.1 0.1 0.1 0.1 0.1],10,1,500,0.01,0.001,0.1,0.05,0.01,0.1,123579,False,,,,1000
1204_110429,[0.1 0.1 0.1 0.1 0.1 0.1 0.1 0.1 0.1 0.1],10,1,500,0.01,0.001,0.1,0.05,0.01,0.1,123580,False,,,,1000
1204_110439,[0.1 0.1 0.1 0.1 0.1 0.1 0.1 0.1 0.1 0.1],10,1,500,0.01,0.001,0.1,0.05,0.01,0.1,123581,False,,,,1000
1204_110449,[0.1 0.1 0.1 0.1 0.1 0.1 0.1 0.1 0.1 0.1],10,1,500,0.01,0.001,0.1,0.05,0.01,0.1,123582,False,,,,1000
1204_110459,[0.1 0.1 0.1 0.1 0.1 0.1 0.1 0.1 0.1 0.1],10,1,500,0.01,0.001,0.1,0.05,0.01,0.1,123583,False,,,,1000
1204_110514,[0.1 0.1 0.1 0.1 0.1 0.1 0.1 0.1 0.1 0.1],10,1,500,0.01,0.001,0.1,0.05,0.01,0.1,123584,False,,,,1000
1204_110531,[0.1 0.1 0.1 0.1 0.1 0.1 0.1 0.1 0.1 0.1],10,1,500,0.01,0.001,0.1,0.05,0.01,0.1,123585,False,,,,1000
1204_110540,[0.1 0.1 0.1 0.1 0.1 0.1 0.1 0.1 0.1 0.1],10,1,500,0.01,0.001,0.1,0.05,0.01,0.1,123586,False,,,,1000
1204_110549,[0.1 0.1 0.1 0.1 0.1 0.1 0.1 0.1 0.1 0.1],10,1,500,0.01,0.001,0.1,0.05,0.01,0.1,123587,False,,,,1000
1204_110558,[0.1 0.1 0.1 0.1 0.1 0.1 0.1 0.1 0.1 0.1],10,1,500,0.01,0.001,0.1,0.05,0.01,0.1,123588,False,,,,1000
1204_110607,[0.1 0.1 0.1 0.1 0.1 0.1 0.1 0.1 0.1 0.1],10,1,500,0.01,0.001,0.1,0.05,0.01,0.1,123589,False,,,,1000
1204_110615,[0.1 0.1 0.1 0.1 0.1 0.1 0.1 0.1 0.1 0.1],10,1,500,0.01,0.001,0.1,0.05,0.01,0.1,123590,False,,,,1000
1204_110624,[0.1 0.1 0.1 0.1 0.1 0.1 0.1 0.1 0.1 0.1],10,1,500,0.01,0.001,0.1,0.05,0.01,0.1,123591,False,,,,1000
1204_110633,[0.1 0.1 0.1 0.1 0.1 0.1 0.1 0.1 0.1 0.1],10,1,500,0.01,0.001,0.1,0.05,0.01,0.1,123592,False,,,,1000
1204_110642,[0.1 0.1 0.1 0.1 0.1 0.1 0.1 0.1 0.1 0.1],10,1,500,0.01,0.001,0.1,0.05,0.01,0.1,123593,False,,,,1000
1204_110651,[0.1 0.1 0.1 0.1 0.1 0.1 0.1 0.1 0.1 0.1],10,1,500,0.01,0.001,0.1,0.05,0.01,0.1,123594,False,,,,1000
1204_110659,[0.1 0.1 0.1 0.1 0.1 0.1 0.1 0.1 0.1 0.1],10,1,500,0.01,0.001,0.1,0.05,0.01,0.1,123595,False,,,,1000
1204_110708,[0.1 0.1 0.1 0.1 0.1 0.1 0.1 0.1 0.1 0.1],10,1,500,0.01,0.001,0.1,0.05,0.01,0.1,123596,False,,,,1000
1204_110717,[0.1 0.1 0.1 0.1 0.1 0.1 0.1 0.1 0.1 0.1],10,1,500,0.01,0.001,0.1,0.05,0.01,0.1,123597,False,,,,1000
1204_110726,[0.1 0.1 0.1 0.1 0.1 0.1 0.1 0.1 0.1 0.1],10,1,500,0.01,0.001,0.1,0.05,0.01,0.1,123598,False,,,,1000
1204_110735,[0.1 0.1 0.1 0.1 0.1 0.1 0.1 0.1 0.1 0.1],10,1,500,0.01,0.001,0.1,0.05,0.01,0.1,123599,False,,,,1000
1204_110743,[0.1 0.1 0.1 0.1 0.1 0.1 0.1 0.1 0.1 0.1],10,1,500,0.01,0.001,0.1,0.05,0.01,0.1,123600,False,,,,1000
1204_110753,[0.1 0.1 0.1 0.1 0.1 0.1 0.1 0.1 0.1 0.1],10,1,500,0.01,0.001,0.1,0.05,0.01,0.1,123601,False,,,,1000
1204_110803,[0.1 0.1 0.1 0.1 0.1 0.1 0.1 0.1 0.1 0.1],10,1,500,0.01,0.001,0.1,0.05,0.01,0.1,123602,False,,,,1000
1204_110813,[0.1 0.1 0.1 0.1 0.1 0.1 0.1 0.1 0.1 0.1],10,1,500,0.01,0.001,0.1,0.05,0.01,0.1,123603,False,,,,1000
1204_110825,[0.1 0.1 0.1 0.1 0.1 0.1 0.1 0.1 0.1 0.1],10,1,500,0.01,0.001,0.1,0.05,0.01,0.1,123604,False,,,,1000
1204_110837,[0.1 0.1 0.1 0.1 0.1 0.1 0.1 0.1 0.1 0.1],10,1,500,0.01,0.001,0.1,0.05,0.01,0.1,123605,False,,,,1000
1204_110850,[0.1 0.1 0.1 0.1 0.1 0.1 0.1 0.1 0.1 0.1],10,1,500,0.01,0.001,0.1,0.05,0.01,0.1,123606,False,,,,1000
1204_110905,[0.1 0.1 0.1 0.1 0.1 0.1 0.1 0.1 0.1 0.1],10,1,500,0.01,0.001,0.1,0.05,0.01,0.1,123607,False,,,,1000
1204_110916,[0.1 0.1 0.1 0.1 0.1 0.1 0.1 0.1 0.1 0.1],10,1,500,0.01,0.001,0.1,0.05,0.01,0.1,123608,False,,,,1000
1204_110927,[0.1 0.1 0.1 0.1 0.1 0.1 0.1 0.1 0.1 0.1],10,1,500,0.01,0.001,0.1,0.05,0.01,0.1,123609,False,,,,1000
1204_110939,[0.1 0.1 0.1 0.1 0.1 0.1 0.1 0.1 0.1 0.1],10,1,500,0.01,0.001,0.1,0.05,0.01,0.1,123610,False,,,,1000
1204_110952,[0.1 0.1 0.1 0.1 0.1 0.1 0.1 0.1 0.1 0.1],10,1,500,0.01,0.001,0.1,0.05,0.01,0.1,123611,False,,,,1000
1204_111003,[0.1 0.1 0.1 0.1 0.1 0.1 0.1 0.1 0.1 0.1],10,1,500,0.01,0.001,0.1,0.05,0.01,0.1,123612,False,,,,1000
1204_111013,[0.1 0.1 0.1 0.1 0.1 0.1 0.1 0.1 0.1 0.1],10,1,500,0.01,0.001,0.1,0.05,0.01,0.1,123613,False,,,,1000
1204_111023,[0.1 0.1 0.1 0.1 0.1 0.1 0.1 0.1 0.1 0.1],10,1,500,0.01,0.001,0.1,0.05,0.01,0.1,123614,False,,,,1000
1204_111032,[0.1 0.1 0.1 0.1 0.1 0.1 0.1 0.1 0.1 0.1],10,1,500,0.01,0.001,0.1,0.05,0.01,0.1,123615,False,,,,1000
1204_111042,[0.1 0.1 0.1 0.1 0.1 0.1 0.1 0.1 0.1 0.1],10,1,500,0.01,0.001,0.1,0.05,0.01,0.1,123616,False,,,,1000
1204_111051,[0.1 0.1 0.1 0.1 0.1 0.1 0.1 0.1 0.1 0.1],10,1,500,0.01,0.001,0.1,0.05,0.01,0.1,123617,False,,,,1000
1204_111100,[0.1 0.1 0.1 0.1 0.1 0.1 0.1 0.1 0.1 0.1],10,1,500,0.01,0.001,0.1,0.05,0.01,0.1,123618,False,,,,1000
1204_111109,[0.1 0.1 0.1 0.1 0.1 0.1 0.1 0.1 0.1 0.1],10,1,500,0.01,0.001,0.1,0.05,0.01,0.1,123619,False,,,,1000
1204_111119,[0.1 0.1 0.1 0.1 0.1 0.1 0.1 0.1 0.1 0.1],10,1,500,0.01,0.001,0.1,0.05,0.01,0.1,123620,False,,,,1000
1204_111128,[0.1 0.1 0.1 0.1 0.1 0.1 0.1 0.1 0.1 0.1],10,1,500,0.01,0.001,0.1,0.05,0.01,0.1,123621,False,,,,1000
1204_111137,[0.1 0.1 0.1 0.1 0.1 0.1 0.1 0.1 0.1 0.1],10,1,500,0.01,0.001,0.1,0.05,0.01,0.1,123622,False,,,,1000
1204_111146,[0.1 0.1 0.1 0.1 0.1 0.1 0.1 0.1 0.1 0.1],10,1,500,0.01,0.001,0.1,0.05,0.01,0.1,123623,False,,,,1000
1204_111155,[0.1 0.1 0.1 0.1 0.1 0.1 0.1 0.1 0.1 0.1],10,1,500,0.01,0.001,0.1,0.05,0.01,0.1,123624,False,,,,1000
1204_111204,[0.1 0.1 0.1 0.1 0.1 0.1 0.1 0.1 0.1 0.1],10,1,500,0.01,0.001,0.1,0.05,0.01,0.1,123625,False,,,,1000
1204_111214,[0.1 0.1 0.1 0.1 0.1 0.1 0.1 0.1 0.1 0.1],10,1,500,0.01,0.001,0.1,0.05,0.01,0.1,123626,False,,,,1000
1204_111223,[0.1 0.1 0.1 0.1 0.1 0.1 0.1 0.1 0.1 0.1],10,1,500,0.01,0.001,0.1,0.05,0.01,0.1,123627,False,,,,1000
1204_111232,[0.1 0.1 0.1 0.1 0.1 0.1 0.1 0.1 0.1 0.1],10,1,500,0.01,0.001,0.1,0.05,0.01,0.1,123628,False,,,,1000
1204_111241,[0.1 0.1 0.1 0.1 0.1 0.1 0.1 0.1 0.1 0.1],10,1,500,0.01,0.001,0.1,0.05,0.01,0.1,123629,False,,,,1000
1204_111251,[0.1 0.1 0.1 0.1 0.1 0.1 0.1 0.1 0.1 0.1],10,1,500,0.01,0.001,0.1,0.05,0.01,0.1,123630,False,,,,1000
1204_111301,[0.1 0.1 0.1 0.1 0.1 0.1 0.1 0.1 0.1 0.1],10,1,500,0.01,0.001,0.1,0.05,0.01,0.1,123631,False,,,,1000
1204_111312,[0.1 0.1 0.1 0.1 0.1 0.1 0.1 0.1 0.1 0.1],10,1,500,0.01,0.001,0.1,0.05,0.01,0.1,123632,False,,,,1000
1204_111322,[0.1 0.1 0.1 0.1 0.1 0.1 0.1 0.1 0.1 0.1],10,1,500,0.01,0.001,0.1,0.05,0.01,0.1,123633,False,,,,1000
1204_111332,[0.1 0.1 0.1 0.1 0.1 0.1 0.1 0.1 0.1 0.1],10,1,500,0.01,0.001,0.1,0.05,0.01,0.1,123634,False,,,,1000
1204_111342,[0.1 0.1 0.1 0.1 0.1 0.1 0.1 0.1 0.1 0.1],10,1,500,0.01,0.001,0.1,0.05,0.01,0.1,123635,False,,,,1000
1204_111353,[0.1 0.1 0.1 0.1 0.1 0.1 0.1 0.1 0.1 0.1],10,1,500,0.01,0.001,0.1,0.05,0.01,0.1,123636,False,,,,1000
1204_111404,[0.1 0.1 0.1 0.1 0.1 0.1 0.1 0.1 0.1 0.1],10,1,500,0.01,0.001,0.1,0.05,0.01,0.1,123637,False,,,,1000
1204_111413,[0.1 0.1 0.1 0.1 0.1 0.1 0.1 0.1 0.1 0.1],10,1,500,0.01,0.001,0.1,0.05,0.01,0.1,123638,False,,,,1000
1204_111422,[0.1 0.1 0.1 0.1 0.1 0.1 0.1 0.1 0.1 0.1],10,1,500,0.01,0.001,0.1,0.05,0.01,0.1,123639,False,,,,1000
1204_111431,[0.1 0.1 0.1 0.1 0.1 0.1 0.1 0.1 0.1 0.1],10,1,500,0.01,0.001,0.1,0.05,0.01,0.1,123640,False,,,,1000
1204_111440,[0.1 0.1 0.1 0.1 0.1 0.1 0.1 0.1 0.1 0.1],10,1,500,0.01,0.001,0.1,0.05,0.01,0.1,123641,False,,,,1000
1204_111449,[0.1 0.1 0.1 0.1 0.1 0.1 0.1 0.1 0.1 0.1],10,1,500,0.01,0.001,0.1,0.05,0.01,0.1,123642,False,,,,1000
1204_111458,[0.1 0.1 0.1 0.1 0.1 0.1 0.1 0.1 0.1 0.1],10,1,500,0.01,0.001,0.1,0.05,0.01,0.1,123643,False,,,,1000
1204_111507,[0.1 0.1 0.1 0.1 0.1 0.1 0.1 0.1 0.1 0.1],10,1,500,0.01,0.001,0.1,0.05,0.01,0.1,123644,False,,,,1000
1204_111516,[0.1 0.1 0.1 0.1 0.1 0.1 0.1 0.1 0.1 0.1],10,1,500,0.01,0.001,0.1,0.05,0.01,0.1,123645,False,,,,1000
1204_111525,[0.1 0.1 0.1 0.1 0.1 0.1 0.1 0.1 0.1 0.1],10,1,500,0.01,0.001,0.1,0.05,0.01,0.1,123646,False,,,,1000
1204_111534,[0.1 0.1 0.1 0.1 0.1 0.1 0.1 0.1 0.1 0.1],10,1,500,0.01,0.001,0.1,0.05,0.01,0.1,123647,False,,,,1000
1204_111543,[0.1 0.1 0.1 0.1 0.1 0.1 0.1 0.1 0.1 0.1],10,1,500,0.01,0.001,0.1,0.05,0.01,0.1,123648,False,,,,1000
1204_111552,[0.1 0.1 0.1 0.1 0.1 0.1 0.1 0.1 0.1 0.1],10,1,500,0.01,0.001,0.1,0.05,0.01,0.1,123649,False,,,,1000
1204_111600,[0.1 0.1 0.1 0.1 0.1 0.1 0.1 0.1 0.1 0.1],10,1,500,0.01,0.001,0.1,0.05,0.01,0.1,123650,False,,,,1000
1204_111609,[0.1 0.1 0.1 0.1 0.1 0.1 0.1 0.1 0.1 0.1],10,1,500,0.01,0.001,0.1,0.05,0.01,0.1,123651,False,,,,1000
1204_111618,[0.1 0.1 0.1 0.1 0.1 0.1 0.1 0.1 0.1 0.1],10,1,500,0.01,0.001,0.1,0.05,0.01,0.1,123652,False,,,,1000
1204_111627,[0.1 0.1 0.1 0.1 0.1 0.1 0.1 0.1 0.1 0.1],10,1,500,0.01,0.001,0.1,0.05,0.01,0.1,123653,False,,,,1000
1204_111636,[0.1 0.1 0.1 0.1 0.1 0.1 0.1 0.1 0.1 0.1],10,1,500,0.01,0.001,0.1,0.05,0.01,0.1,123654,False,,,,1000
1204_111645,[0.1 0.1 0.1 0.1 0.1 0.1 0.1 0.1 0.1 0.1],10,1,500,0.01,0.001,0.1,0.05,0.01,0.1,123655,False,,,,1000
1204_111656,"[0.12328467 0.12328467 0.12328467 0.12328467 0.12328467 0.12328467
 0.12328467 0.12328467 0.12328467 0.12328467]",10,1.1,500,0.01,0.001,0.1,0.05,0.01,0.1,123656,False,,,,1000
1204_111717,"[0.12328467 0.12328467 0.12328467 0.12328467 0.12328467 0.12328467
 0.12328467 0.12328467 0.12328467 0.12328467]",10,1.1,500,0.01,0.001,0.1,0.05,0.01,0.1,123657,False,,,,1000
1204_111734,"[0.12328467 0.12328467 0.12328467 0.12328467 0.12328467 0.12328467
 0.12328467 0.12328467 0.12328467 0.12328467]",10,1.1,500,0.01,0.001,0.1,0.05,0.01,0.1,123658,False,,,,1000
1204_111751,"[0.12328467 0.12328467 0.12328467 0.12328467 0.12328467 0.12328467
 0.12328467 0.12328467 0.12328467 0.12328467]",10,1.1,500,0.01,0.001,0.1,0.05,0.01,0.1,123659,False,,,,1000
1204_111808,"[0.12328467 0.12328467 0.12328467 0.12328467 0.12328467 0.12328467
 0.12328467 0.12328467 0.12328467 0.12328467]",10,1.1,500,0.01,0.001,0.1,0.05,0.01,0.1,123660,False,,,,1000
1204_111825,"[0.12328467 0.12328467 0.12328467 0.12328467 0.12328467 0.12328467
 0.12328467 0.12328467 0.12328467 0.12328467]",10,1.1,500,0.01,0.001,0.1,0.05,0.01,0.1,123661,False,,,,1000
1204_111841,"[0.12328467 0.12328467 0.12328467 0.12328467 0.12328467 0.12328467
 0.12328467 0.12328467 0.12328467 0.12328467]",10,1.1,500,0.01,0.001,0.1,0.05,0.01,0.1,123662,False,,,,1000
1204_111856,"[0.12328467 0.12328467 0.12328467 0.12328467 0.12328467 0.12328467
 0.12328467 0.12328467 0.12328467 0.12328467]",10,1.1,500,0.01,0.001,0.1,0.05,0.01,0.1,123663,False,,,,1000
1204_111914,"[0.12328467 0.12328467 0.12328467 0.12328467 0.12328467 0.12328467
 0.12328467 0.12328467 0.12328467 0.12328467]",10,1.1,500,0.01,0.001,0.1,0.05,0.01,0.1,123664,False,,,,1000
1204_111931,"[0.12328467 0.12328467 0.12328467 0.12328467 0.12328467 0.12328467
 0.12328467 0.12328467 0.12328467 0.12328467]",10,1.1,500,0.01,0.001,0.1,0.05,0.01,0.1,123665,False,,,,1000
1204_111947,"[0.12328467 0.12328467 0.12328467 0.12328467 0.12328467 0.12328467
 0.12328467 0.12328467 0.12328467 0.12328467]",10,1.1,500,0.01,0.001,0.1,0.05,0.01,0.1,123666,False,,,,1000
1204_112005,"[0.12328467 0.12328467 0.12328467 0.12328467 0.12328467 0.12328467
 0.12328467 0.12328467 0.12328467 0.12328467]",10,1.1,500,0.01,0.001,0.1,0.05,0.01,0.1,123667,False,,,,1000
1204_112020,"[0.12328467 0.12328467 0.12328467 0.12328467 0.12328467 0.12328467
 0.12328467 0.12328467 0.12328467 0.12328467]",10,1.1,500,0.01,0.001,0.1,0.05,0.01,0.1,123668,False,,,,1000
1204_112035,"[0.12328467 0.12328467 0.12328467 0.12328467 0.12328467 0.12328467
 0.12328467 0.12328467 0.12328467 0.12328467]",10,1.1,500,0.01,0.001,0.1,0.05,0.01,0.1,123669,False,,,,1000
1204_112048,"[0.12328467 0.12328467 0.12328467 0.12328467 0.12328467 0.12328467
 0.12328467 0.12328467 0.12328467 0.12328467]",10,1.1,500,0.01,0.001,0.1,0.05,0.01,0.1,123670,False,,,,1000
1204_112102,"[0.12328467 0.12328467 0.12328467 0.12328467 0.12328467 0.12328467
 0.12328467 0.12328467 0.12328467 0.12328467]",10,1.1,500,0.01,0.001,0.1,0.05,0.01,0.1,123671,False,,,,1000
1204_112120,"[0.12328467 0.12328467 0.12328467 0.12328467 0.12328467 0.12328467
 0.12328467 0.12328467 0.12328467 0.12328467]",10,1.1,500,0.01,0.001,0.1,0.05,0.01,0.1,123672,False,,,,1000
1204_112135,"[0.12328467 0.12328467 0.12328467 0.12328467 0.12328467 0.12328467
 0.12328467 0.12328467 0.12328467 0.12328467]",10,1.1,500,0.01,0.001,0.1,0.05,0.01,0.1,123673,False,,,,1000
1204_112148,"[0.12328467 0.12328467 0.12328467 0.12328467 0.12328467 0.12328467
 0.12328467 0.12328467 0.12328467 0.12328467]",10,1.1,500,0.01,0.001,0.1,0.05,0.01,0.1,123674,False,,,,1000
1204_112202,"[0.12328467 0.12328467 0.12328467 0.12328467 0.12328467 0.12328467
 0.12328467 0.12328467 0.12328467 0.12328467]",10,1.1,500,0.01,0.001,0.1,0.05,0.01,0.1,123675,False,,,,1000
1204_112216,"[0.12328467 0.12328467 0.12328467 0.12328467 0.12328467 0.12328467
 0.12328467 0.12328467 0.12328467 0.12328467]",10,1.1,500,0.01,0.001,0.1,0.05,0.01,0.1,123676,False,,,,1000
1204_112230,"[0.12328467 0.12328467 0.12328467 0.12328467 0.12328467 0.12328467
 0.12328467 0.12328467 0.12328467 0.12328467]",10,1.1,500,0.01,0.001,0.1,0.05,0.01,0.1,123677,False,,,,1000
1204_112243,"[0.12328467 0.12328467 0.12328467 0.12328467 0.12328467 0.12328467
 0.12328467 0.12328467 0.12328467 0.12328467]",10,1.1,500,0.01,0.001,0.1,0.05,0.01,0.1,123678,False,,,,1000
1204_112257,"[0.12328467 0.12328467 0.12328467 0.12328467 0.12328467 0.12328467
 0.12328467 0.12328467 0.12328467 0.12328467]",10,1.1,500,0.01,0.001,0.1,0.05,0.01,0.1,123679,False,,,,1000
1204_112311,"[0.12328467 0.12328467 0.12328467 0.12328467 0.12328467 0.12328467
 0.12328467 0.12328467 0.12328467 0.12328467]",10,1.1,500,0.01,0.001,0.1,0.05,0.01,0.1,123680,False,,,,1000
1204_112325,"[0.12328467 0.12328467 0.12328467 0.12328467 0.12328467 0.12328467
 0.12328467 0.12328467 0.12328467 0.12328467]",10,1.1,500,0.01,0.001,0.1,0.05,0.01,0.1,123681,False,,,,1000
1204_112338,"[0.12328467 0.12328467 0.12328467 0.12328467 0.12328467 0.12328467
 0.12328467 0.12328467 0.12328467 0.12328467]",10,1.1,500,0.01,0.001,0.1,0.05,0.01,0.1,123682,False,,,,1000
1204_112352,"[0.12328467 0.12328467 0.12328467 0.12328467 0.12328467 0.12328467
 0.12328467 0.12328467 0.12328467 0.12328467]",10,1.1,500,0.01,0.001,0.1,0.05,0.01,0.1,123683,False,,,,1000
1204_112406,"[0.12328467 0.12328467 0.12328467 0.12328467 0.12328467 0.12328467
 0.12328467 0.12328467 0.12328467 0.12328467]",10,1.1,500,0.01,0.001,0.1,0.05,0.01,0.1,123684,False,,,,1000
1204_112420,"[0.12328467 0.12328467 0.12328467 0.12328467 0.12328467 0.12328467
 0.12328467 0.12328467 0.12328467 0.12328467]",10,1.1,500,0.01,0.001,0.1,0.05,0.01,0.1,123685,False,,,,1000
1204_112434,"[0.12328467 0.12328467 0.12328467 0.12328467 0.12328467 0.12328467
 0.12328467 0.12328467 0.12328467 0.12328467]",10,1.1,500,0.01,0.001,0.1,0.05,0.01,0.1,123686,False,,,,1000
1204_112448,"[0.12328467 0.12328467 0.12328467 0.12328467 0.12328467 0.12328467
 0.12328467 0.12328467 0.12328467 0.12328467]",10,1.1,500,0.01,0.001,0.1,0.05,0.01,0.1,123687,False,,,,1000
1204_112502,"[0.12328467 0.12328467 0.12328467 0.12328467 0.12328467 0.12328467
 0.12328467 0.12328467 0.12328467 0.12328467]",10,1.1,500,0.01,0.001,0.1,0.05,0.01,0.1,123688,False,,,,1000
1204_112515,"[0.12328467 0.12328467 0.12328467 0.12328467 0.12328467 0.12328467
 0.12328467 0.12328467 0.12328467 0.12328467]",10,1.1,500,0.01,0.001,0.1,0.05,0.01,0.1,123689,False,,,,1000
1204_112529,"[0.12328467 0.12328467 0.12328467 0.12328467 0.12328467 0.12328467
 0.12328467 0.12328467 0.12328467 0.12328467]",10,1.1,500,0.01,0.001,0.1,0.05,0.01,0.1,123690,False,,,,1000
1204_112544,"[0.12328467 0.12328467 0.12328467 0.12328467 0.12328467 0.12328467
 0.12328467 0.12328467 0.12328467 0.12328467]",10,1.1,500,0.01,0.001,0.1,0.05,0.01,0.1,123691,False,,,,1000
1204_112601,"[0.12328467 0.12328467 0.12328467 0.12328467 0.12328467 0.12328467
 0.12328467 0.12328467 0.12328467 0.12328467]",10,1.1,500,0.01,0.001,0.1,0.05,0.01,0.1,123692,False,,,,1000
1204_112617,"[0.12328467 0.12328467 0.12328467 0.12328467 0.12328467 0.12328467
 0.12328467 0.12328467 0.12328467 0.12328467]",10,1.1,500,0.01,0.001,0.1,0.05,0.01,0.1,123693,False,,,,1000
1204_112631,"[0.12328467 0.12328467 0.12328467 0.12328467 0.12328467 0.12328467
 0.12328467 0.12328467 0.12328467 0.12328467]",10,1.1,500,0.01,0.001,0.1,0.05,0.01,0.1,123694,False,,,,1000
1204_112646,"[0.12328467 0.12328467 0.12328467 0.12328467 0.12328467 0.12328467
 0.12328467 0.12328467 0.12328467 0.12328467]",10,1.1,500,0.01,0.001,0.1,0.05,0.01,0.1,123695,False,,,,1000
1204_112702,"[0.12328467 0.12328467 0.12328467 0.12328467 0.12328467 0.12328467
 0.12328467 0.12328467 0.12328467 0.12328467]",10,1.1,500,0.01,0.001,0.1,0.05,0.01,0.1,123696,False,,,,1000
1204_112720,"[0.12328467 0.12328467 0.12328467 0.12328467 0.12328467 0.12328467
 0.12328467 0.12328467 0.12328467 0.12328467]",10,1.1,500,0.01,0.001,0.1,0.05,0.01,0.1,123697,False,,,,1000
1204_112735,"[0.12328467 0.12328467 0.12328467 0.12328467 0.12328467 0.12328467
 0.12328467 0.12328467 0.12328467 0.12328467]",10,1.1,500,0.01,0.001,0.1,0.05,0.01,0.1,123698,False,,,,1000
1204_112753,"[0.12328467 0.12328467 0.12328467 0.12328467 0.12328467 0.12328467
 0.12328467 0.12328467 0.12328467 0.12328467]",10,1.1,500,0.01,0.001,0.1,0.05,0.01,0.1,123699,False,,,,1000
1204_112809,"[0.12328467 0.12328467 0.12328467 0.12328467 0.12328467 0.12328467
 0.12328467 0.12328467 0.12328467 0.12328467]",10,1.1,500,0.01,0.001,0.1,0.05,0.01,0.1,123700,False,,,,1000
1204_112824,"[0.12328467 0.12328467 0.12328467 0.12328467 0.12328467 0.12328467
 0.12328467 0.12328467 0.12328467 0.12328467]",10,1.1,500,0.01,0.001,0.1,0.05,0.01,0.1,123701,False,,,,1000
1204_112837,"[0.12328467 0.12328467 0.12328467 0.12328467 0.12328467 0.12328467
 0.12328467 0.12328467 0.12328467 0.12328467]",10,1.1,500,0.01,0.001,0.1,0.05,0.01,0.1,123702,False,,,,1000
1204_112851,"[0.12328467 0.12328467 0.12328467 0.12328467 0.12328467 0.12328467
 0.12328467 0.12328467 0.12328467 0.12328467]",10,1.1,500,0.01,0.001,0.1,0.05,0.01,0.1,123703,False,,,,1000
1204_112904,"[0.12328467 0.12328467 0.12328467 0.12328467 0.12328467 0.12328467
 0.12328467 0.12328467 0.12328467 0.12328467]",10,1.1,500,0.01,0.001,0.1,0.05,0.01,0.1,123704,False,,,,1000
1204_112917,"[0.12328467 0.12328467 0.12328467 0.12328467 0.12328467 0.12328467
 0.12328467 0.12328467 0.12328467 0.12328467]",10,1.1,500,0.01,0.001,0.1,0.05,0.01,0.1,123705,False,,,,1000
1204_112930,"[0.12328467 0.12328467 0.12328467 0.12328467 0.12328467 0.12328467
 0.12328467 0.12328467 0.12328467 0.12328467]",10,1.1,500,0.01,0.001,0.1,0.05,0.01,0.1,123706,False,,,,1000
1204_112943,"[0.12328467 0.12328467 0.12328467 0.12328467 0.12328467 0.12328467
 0.12328467 0.12328467 0.12328467 0.12328467]",10,1.1,500,0.01,0.001,0.1,0.05,0.01,0.1,123707,False,,,,1000
1204_112956,"[0.12328467 0.12328467 0.12328467 0.12328467 0.12328467 0.12328467
 0.12328467 0.12328467 0.12328467 0.12328467]",10,1.1,500,0.01,0.001,0.1,0.05,0.01,0.1,123708,False,,,,1000
1204_113010,"[0.12328467 0.12328467 0.12328467 0.12328467 0.12328467 0.12328467
 0.12328467 0.12328467 0.12328467 0.12328467]",10,1.1,500,0.01,0.001,0.1,0.05,0.01,0.1,123709,False,,,,1000
1204_113023,"[0.12328467 0.12328467 0.12328467 0.12328467 0.12328467 0.12328467
 0.12328467 0.12328467 0.12328467 0.12328467]",10,1.1,500,0.01,0.001,0.1,0.05,0.01,0.1,123710,False,,,,1000
1204_113036,"[0.12328467 0.12328467 0.12328467 0.12328467 0.12328467 0.12328467
 0.12328467 0.12328467 0.12328467 0.12328467]",10,1.1,500,0.01,0.001,0.1,0.05,0.01,0.1,123711,False,,,,1000
1204_113049,"[0.12328467 0.12328467 0.12328467 0.12328467 0.12328467 0.12328467
 0.12328467 0.12328467 0.12328467 0.12328467]",10,1.1,500,0.01,0.001,0.1,0.05,0.01,0.1,123712,False,,,,1000
1204_113102,"[0.12328467 0.12328467 0.12328467 0.12328467 0.12328467 0.12328467
 0.12328467 0.12328467 0.12328467 0.12328467]",10,1.1,500,0.01,0.001,0.1,0.05,0.01,0.1,123713,False,,,,1000
1204_113115,"[0.12328467 0.12328467 0.12328467 0.12328467 0.12328467 0.12328467
 0.12328467 0.12328467 0.12328467 0.12328467]",10,1.1,500,0.01,0.001,0.1,0.05,0.01,0.1,123714,False,,,,1000
1204_113129,"[0.12328467 0.12328467 0.12328467 0.12328467 0.12328467 0.12328467
 0.12328467 0.12328467 0.12328467 0.12328467]",10,1.1,500,0.01,0.001,0.1,0.05,0.01,0.1,123715,False,,,,1000
1204_113142,"[0.12328467 0.12328467 0.12328467 0.12328467 0.12328467 0.12328467
 0.12328467 0.12328467 0.12328467 0.12328467]",10,1.1,500,0.01,0.001,0.1,0.05,0.01,0.1,123716,False,,,,1000
1204_113155,"[0.12328467 0.12328467 0.12328467 0.12328467 0.12328467 0.12328467
 0.12328467 0.12328467 0.12328467 0.12328467]",10,1.1,500,0.01,0.001,0.1,0.05,0.01,0.1,123717,False,,,,1000
1204_113208,"[0.12328467 0.12328467 0.12328467 0.12328467 0.12328467 0.12328467
 0.12328467 0.12328467 0.12328467 0.12328467]",10,1.1,500,0.01,0.001,0.1,0.05,0.01,0.1,123718,False,,,,1000
1204_113222,"[0.12328467 0.12328467 0.12328467 0.12328467 0.12328467 0.12328467
 0.12328467 0.12328467 0.12328467 0.12328467]",10,1.1,500,0.01,0.001,0.1,0.05,0.01,0.1,123719,False,,,,1000
1204_113235,"[0.12328467 0.12328467 0.12328467 0.12328467 0.12328467 0.12328467
 0.12328467 0.12328467 0.12328467 0.12328467]",10,1.1,500,0.01,0.001,0.1,0.05,0.01,0.1,123720,False,,,,1000
1204_113249,"[0.12328467 0.12328467 0.12328467 0.12328467 0.12328467 0.12328467
 0.12328467 0.12328467 0.12328467 0.12328467]",10,1.1,500,0.01,0.001,0.1,0.05,0.01,0.1,123721,False,,,,1000
1204_113302,"[0.12328467 0.12328467 0.12328467 0.12328467 0.12328467 0.12328467
 0.12328467 0.12328467 0.12328467 0.12328467]",10,1.1,500,0.01,0.001,0.1,0.05,0.01,0.1,123722,False,,,,1000
1204_113315,"[0.12328467 0.12328467 0.12328467 0.12328467 0.12328467 0.12328467
 0.12328467 0.12328467 0.12328467 0.12328467]",10,1.1,500,0.01,0.001,0.1,0.05,0.01,0.1,123723,False,,,,1000
1204_113328,"[0.12328467 0.12328467 0.12328467 0.12328467 0.12328467 0.12328467
 0.12328467 0.12328467 0.12328467 0.12328467]",10,1.1,500,0.01,0.001,0.1,0.05,0.01,0.1,123724,False,,,,1000
1204_113342,"[0.12328467 0.12328467 0.12328467 0.12328467 0.12328467 0.12328467
 0.12328467 0.12328467 0.12328467 0.12328467]",10,1.1,500,0.01,0.001,0.1,0.05,0.01,0.1,123725,False,,,,1000
1204_113355,"[0.12328467 0.12328467 0.12328467 0.12328467 0.12328467 0.12328467
 0.12328467 0.12328467 0.12328467 0.12328467]",10,1.1,500,0.01,0.001,0.1,0.05,0.01,0.1,123726,False,,,,1000
1204_113408,"[0.12328467 0.12328467 0.12328467 0.12328467 0.12328467 0.12328467
 0.12328467 0.12328467 0.12328467 0.12328467]",10,1.1,500,0.01,0.001,0.1,0.05,0.01,0.1,123727,False,,,,1000
1204_113421,"[0.12328467 0.12328467 0.12328467 0.12328467 0.12328467 0.12328467
 0.12328467 0.12328467 0.12328467 0.12328467]",10,1.1,500,0.01,0.001,0.1,0.05,0.01,0.1,123728,False,,,,1000
1204_113435,"[0.12328467 0.12328467 0.12328467 0.12328467 0.12328467 0.12328467
 0.12328467 0.12328467 0.12328467 0.12328467]",10,1.1,500,0.01,0.001,0.1,0.05,0.01,0.1,123729,False,,,,1000
1204_113448,"[0.12328467 0.12328467 0.12328467 0.12328467 0.12328467 0.12328467
 0.12328467 0.12328467 0.12328467 0.12328467]",10,1.1,500,0.01,0.001,0.1,0.05,0.01,0.1,123730,False,,,,1000
1204_113501,"[0.12328467 0.12328467 0.12328467 0.12328467 0.12328467 0.12328467
 0.12328467 0.12328467 0.12328467 0.12328467]",10,1.1,500,0.01,0.001,0.1,0.05,0.01,0.1,123731,False,,,,1000
1204_113514,"[0.12328467 0.12328467 0.12328467 0.12328467 0.12328467 0.12328467
 0.12328467 0.12328467 0.12328467 0.12328467]",10,1.1,500,0.01,0.001,0.1,0.05,0.01,0.1,123732,False,,,,1000
1204_113528,"[0.12328467 0.12328467 0.12328467 0.12328467 0.12328467 0.12328467
 0.12328467 0.12328467 0.12328467 0.12328467]",10,1.1,500,0.01,0.001,0.1,0.05,0.01,0.1,123733,False,,,,1000
1204_113541,"[0.12328467 0.12328467 0.12328467 0.12328467 0.12328467 0.12328467
 0.12328467 0.12328467 0.12328467 0.12328467]",10,1.1,500,0.01,0.001,0.1,0.05,0.01,0.1,123734,False,,,,1000
1204_113554,"[0.12328467 0.12328467 0.12328467 0.12328467 0.12328467 0.12328467
 0.12328467 0.12328467 0.12328467 0.12328467]",10,1.1,500,0.01,0.001,0.1,0.05,0.01,0.1,123735,False,,,,1000
1204_113607,"[0.12328467 0.12328467 0.12328467 0.12328467 0.12328467 0.12328467
 0.12328467 0.12328467 0.12328467 0.12328467]",10,1.1,500,0.01,0.001,0.1,0.05,0.01,0.1,123736,False,,,,1000
1204_113620,"[0.12328467 0.12328467 0.12328467 0.12328467 0.12328467 0.12328467
 0.12328467 0.12328467 0.12328467 0.12328467]",10,1.1,500,0.01,0.001,0.1,0.05,0.01,0.1,123737,False,,,,1000
1204_113633,"[0.12328467 0.12328467 0.12328467 0.12328467 0.12328467 0.12328467
 0.12328467 0.12328467 0.12328467 0.12328467]",10,1.1,500,0.01,0.001,0.1,0.05,0.01,0.1,123738,False,,,,1000
1204_113646,"[0.12328467 0.12328467 0.12328467 0.12328467 0.12328467 0.12328467
 0.12328467 0.12328467 0.12328467 0.12328467]",10,1.1,500,0.01,0.001,0.1,0.05,0.01,0.1,123739,False,,,,1000
1204_113659,"[0.12328467 0.12328467 0.12328467 0.12328467 0.12328467 0.12328467
 0.12328467 0.12328467 0.12328467 0.12328467]",10,1.1,500,0.01,0.001,0.1,0.05,0.01,0.1,123740,False,,,,1000
1204_113713,"[0.12328467 0.12328467 0.12328467 0.12328467 0.12328467 0.12328467
 0.12328467 0.12328467 0.12328467 0.12328467]",10,1.1,500,0.01,0.001,0.1,0.05,0.01,0.1,123741,False,,,,1000
1204_113726,"[0.12328467 0.12328467 0.12328467 0.12328467 0.12328467 0.12328467
 0.12328467 0.12328467 0.12328467 0.12328467]",10,1.1,500,0.01,0.001,0.1,0.05,0.01,0.1,123742,False,,,,1000
1204_113739,"[0.12328467 0.12328467 0.12328467 0.12328467 0.12328467 0.12328467
 0.12328467 0.12328467 0.12328467 0.12328467]",10,1.1,500,0.01,0.001,0.1,0.05,0.01,0.1,123743,False,,,,1000
1204_113752,"[0.12328467 0.12328467 0.12328467 0.12328467 0.12328467 0.12328467
 0.12328467 0.12328467 0.12328467 0.12328467]",10,1.1,500,0.01,0.001,0.1,0.05,0.01,0.1,123744,False,,,,1000
1204_113805,"[0.12328467 0.12328467 0.12328467 0.12328467 0.12328467 0.12328467
 0.12328467 0.12328467 0.12328467 0.12328467]",10,1.1,500,0.01,0.001,0.1,0.05,0.01,0.1,123745,False,,,,1000
1204_113819,"[0.12328467 0.12328467 0.12328467 0.12328467 0.12328467 0.12328467
 0.12328467 0.12328467 0.12328467 0.12328467]",10,1.1,500,0.01,0.001,0.1,0.05,0.01,0.1,123746,False,,,,1000
1204_113832,"[0.12328467 0.12328467 0.12328467 0.12328467 0.12328467 0.12328467
 0.12328467 0.12328467 0.12328467 0.12328467]",10,1.1,500,0.01,0.001,0.1,0.05,0.01,0.1,123747,False,,,,1000
1204_113845,"[0.12328467 0.12328467 0.12328467 0.12328467 0.12328467 0.12328467
 0.12328467 0.12328467 0.12328467 0.12328467]",10,1.1,500,0.01,0.001,0.1,0.05,0.01,0.1,123748,False,,,,1000
1204_113900,"[0.12328467 0.12328467 0.12328467 0.12328467 0.12328467 0.12328467
 0.12328467 0.12328467 0.12328467 0.12328467]",10,1.1,500,0.01,0.001,0.1,0.05,0.01,0.1,123749,False,,,,1000
1204_113914,"[0.12328467 0.12328467 0.12328467 0.12328467 0.12328467 0.12328467
 0.12328467 0.12328467 0.12328467 0.12328467]",10,1.1,500,0.01,0.001,0.1,0.05,0.01,0.1,123750,False,,,,1000
1204_113933,"[0.12328467 0.12328467 0.12328467 0.12328467 0.12328467 0.12328467
 0.12328467 0.12328467 0.12328467 0.12328467]",10,1.1,500,0.01,0.001,0.1,0.05,0.01,0.1,123751,False,,,,1000
1204_113951,"[0.12328467 0.12328467 0.12328467 0.12328467 0.12328467 0.12328467
 0.12328467 0.12328467 0.12328467 0.12328467]",10,1.1,500,0.01,0.001,0.1,0.05,0.01,0.1,123752,False,,,,1000
1204_114008,"[0.12328467 0.12328467 0.12328467 0.12328467 0.12328467 0.12328467
 0.12328467 0.12328467 0.12328467 0.12328467]",10,1.1,500,0.01,0.001,0.1,0.05,0.01,0.1,123753,False,,,,1000
1204_114030,"[0.12328467 0.12328467 0.12328467 0.12328467 0.12328467 0.12328467
 0.12328467 0.12328467 0.12328467 0.12328467]",10,1.1,500,0.01,0.001,0.1,0.05,0.01,0.1,123754,False,,,,1000
1204_114045,"[0.12328467 0.12328467 0.12328467 0.12328467 0.12328467 0.12328467
 0.12328467 0.12328467 0.12328467 0.12328467]",10,1.1,500,0.01,0.001,0.1,0.05,0.01,0.1,123755,False,,,,1000
