ID,strat_res0,strat_res1,strat_res2,strat_res3,strat_res4,ancestor,alive_at_end,DIST_TO_GEN,DIFF_MAX_MIN,DIST_TO_GAMMA
0,0.3156891568142044,0.37115894630577906,0.6568974711751997,0.5316321960077809,0.22007797113453362,0,False,0.35463700782830454,0.43681950004066605,0.9325339702592125
1,0.4203318257353358,0.48275474860203277,0.38212181895912956,0.6527544001181618,0.13477246594884407,0,False,0.3822162009661796,0.5179819341693177,0.836602586035334
2,0.2599212518171917,0.34946563186458796,0.6531417362962002,0.5742577520033038,0.23226842568753286,0,False,0.3864985501863893,0.42087331060866734,0.945272883849304
3,0.47734457979912615,0.41141784847676305,0.6115655623491786,0.4735851047969482,0.0676920789616007,0,False,0.4170525371522974,0.5438734833875779,0.9521339022410473
4,0.39130107892748023,0.32594191683743934,0.6413445530250319,0.5420252621164725,0.18849698143794436,0,False,0.3625512332664293,0.45284757158708755,0.9815416427598772
5,0.3141635452111001,0.3842937901016641,0.6216776687914217,0.507349537998903,0.331259523890339,0,False,0.26298404697958594,0.3075141235803216,0.8837623194155102
6,0.27350882860038933,0.35354198521407154,0.7255848786340376,0.4346919848536967,0.29115364941919986,0,False,0.37543279744157154,0.4520760500336483,0.9400640859455331
7,0.32873160021607023,0.33208432900754786,0.6995205473907072,0.5178117893819069,0.1555554177851147,0,False,0.42544109673287184,0.5439651296055925,0.9922002453763562
8,0.26467095899043297,0.2122204400042975,0.7572977788029107,0.5374530029951077,0.1501869238755003,0,False,0.5301544985470693,0.6071108549274105,1.0967662838410792
9,0.22171665818218117,0.34397475297839136,0.5465119329232941,0.6301766079961402,0.36976376607897166,0,False,0.33292826131007097,0.408459949813959,0.8976261373723159
10,0.3194329390037766,0.403823464123991,0.7257659427216104,0.42238412365476996,0.17246639026811414,0,False,0.4146137229674516,0.5532995524534963,0.9339025829615497
11,0.41052312116447964,0.44308816869899137,0.638713304874795,0.4583500592894966,0.1307829464172608,0,False,0.37187057593809747,0.5079303584575343,0.902832660732773
12,0.3676703154977922,0.24849540011730029,0.7422364682975416,0.421977653527838,0.2721919548308313,0,False,0.40512217603226236,0.4937410681802413,1.0395996954323392
13,0.48745376840819105,0.25510638563811533,0.7314198272259205,0.37826376799679423,0.13874838317249907,0,False,0.46819066594433334,0.5926714440534214,1.0782796728803763
14,0.16645886047398117,0.23863755379330967,0.6906730205684809,0.5209291854048511,0.40859163983309543,0,False,0.434195027289322,0.5242141600944997,1.0003278118421326
15,0.32965587487313097,0.4579596057426976,0.6770711295486469,0.36086666687430946,0.3048769226103697,0,False,0.3073846139715143,0.3721942069382772,0.8405536478397917
16,0.36408983846426857,0.5058254239349556,0.6083706796749629,0.3737949599401648,0.31896970712473544,0,False,0.24114995780441226,0.2894009725502275,0.7796704409590325
17,0.3352696551678103,0.20961777789434857,0.7560351619277269,0.48528592986826513,0.19121465873489416,0,False,0.48097706440199584,0.5648205031928327,1.0903147870448993
18,0.5341740410355473,0.2970212987896384,0.587975761221751,0.5087459245830284,0.147981520417017,0,False,0.3784968885716083,0.439994240804734,1.0220506548533723
19,0.26785767806617566,0.4619972408884404,0.620919530763317,0.5138166288494865,0.2554647176164978,0,False,0.3221248972931601,0.36545481314681916,0.8332705898469305
20,0.5051899847275386,0.47041885078830037,0.6309159617919473,0.3324817978570236,0.12202494582628313,0,False,0.3956732847048288,0.5088910159656642,0.8965284166203245
21,0.37317208063127866,0.27200094635323935,0.703409491870631,0.5233259696892977,0.13454775960721774,0,False,0.45317874409715714,0.5688617322634132,1.0495573738116823
22,0.44176813868600145,0.4367082130124046,0.45542449078824226,0.6231388348186098,0.13569588814917669,1,False,0.3580508437149248,0.4874429466694331,0.8849923672702078
23,0.352621576968835,0.3507556060205233,0.5488930407405564,0.6703508168225968,0.0444380525344038,0,False,0.49051897092714786,0.625912764288193,0.994172987897014
24,0.34187858311243124,0.29307289831093986,0.7144968223157478,0.4412610228590061,0.3033320149453143,0,False,0.3564161683279901,0.421423924004808,0.9884027902758776
25,0.3104789916064329,0.4909915832298544,0.5262317737052488,0.5516153483769534,0.2851853585766521,0,False,0.2530012098049047,0.26642998980030125,0.7828473307834499
26,0.19145633259973419,0.49193271585679926,0.6480901065908533,0.5297306437064759,0.14391433088679106,0,False,0.4544914268931363,0.5041757757040622,0.8470088283620277
27,0.3141656164121935,0.34047550502926394,0.594276440656124,0.5993807751216627,0.27010108188427784,0,False,0.32441633460012975,0.3292796932373848,0.9354837289185686
28,0.15516241715054435,0.19500177225502402,0.75484825139062,0.6065981041054214,0.011907585382099139,0,False,0.6770808815000725,0.7429406660085208,1.1489467331778302
29,0.4632258914329362,0.1923509823406306,0.5379649326392061,0.6258564486734409,0.259461577122932,0,False,0.37498165261065425,0.4335054663328103,1.0646361711882308
30,0.4429233971243629,0.4446522989546434,0.4035281964091382,0.6540328149604583,0.12453621550316596,1,False,0.3857826606208007,0.5294965994572923,0.8782694948093214
31,0.34452297054047176,0.4026911890277549,0.6306925306466913,0.4625360528257665,0.32776677786532066,0,False,0.24636243365571914,0.3029257527813706,0.8720231917968868
32,0.3665385700362078,0.34219439649570466,0.640228366824675,0.5369753641511944,0.22431577806844985,0,False,0.3354590973125226,0.41591258875622517,0.9558632051924738
33,0.07816981316608052,0.4552575536941196,0.6695659581993088,0.483730169169178,0.3229807907139771,0,False,0.44996204470848267,0.5913961450332282,0.8295465786865364
34,0.39800602744234526,0.46958366966469156,0.529182083579036,0.5814663159662511,0.054273613472761696,1,False,0.4266922315186722,0.5271927024934894,0.8892162210748662
35,0.3262600533120852,0.3876321856996952,0.6389012946973687,0.4393222641068133,0.37695722584473934,0,False,0.24478992702614324,0.3126412413852835,0.873703316700365
36,0.223547636665434,0.339237102501806,0.7214478245058376,0.5578873753179535,0.05673936379725478,0,False,0.5491890455052928,0.6647084607085828,1.0180046997610346
37,0.138852997384343,0.3575561953743215,0.7140011501834144,0.5538398824463858,0.19062306894853603,0,False,0.5015059028420348,0.5751481527990714,0.9605126805867203
38,0.36746567847880085,0.459007593417684,0.42908513346994537,0.6686455426552126,0.1519213311138895,1,False,0.3782288968586212,0.5167242115413231,0.8528497323892245
39,0.5034750701764121,0.4683076929339843,0.5123902414487034,0.5049395861671181,0.09845310172475441,3,False,0.36445093177721805,0.41393713972394897,0.8819683213086453
40,0.32217697071877494,0.3301927994022611,0.7133574775906456,0.49914356012393096,0.17073819231118503,0,False,0.42343353672631145,0.5426192852794606,0.9915258948065316
41,0.3993292209323932,0.5614800234857962,0.38694455172328734,0.6090779363509792,0.06763385156868094,1,False,0.4350436005415931,0.5414440847822982,0.7867296729883941
42,0.5561502295226237,0.3384619005685248,0.15469249796272674,0.6637539528816614,0.3341277976665456,1,False,0.41102413303071306,0.5090614549189346,0.9121140339040829
43,0.49299043134645915,0.45747802946999305,0.34157971543261556,0.6563860404714319,0.012447932852224654,1,False,0.49611862198046075,0.6439381076192072,0.908535153787659
44,0.3031703378887655,0.18375056700926395,0.7172712709130731,0.5162710414298709,0.3054662191664525,0,False,0.4335361865289486,0.5335207039038091,1.0745917003827457
45,0.3898986668325531,0.4620782628035749,0.6342844539907345,0.43790352084151807,0.20096379401998218,0,False,0.31500334553421216,0.4333206599707523,0.8612315764827466
46,0.3127309393523873,0.47708662946250113,0.37409354571289216,0.7010695869745076,0.20770931812326784,1,False,0.38226913023778564,0.49336026885123974,0.810672138376901
47,0.4385671540233614,0.33022855325710376,0.4106939558793448,0.7079561886309823,0.16951832823868077,1,False,0.40024405863022267,0.5384378603923016,0.9651144741716751
48,0.3740315068119102,0.39573451239774493,0.68860084156374,0.4788773419227934,0.0,0,False,0.5169875332167849,0.68860084156374,0.9921810636776098
49,0.17992733120425128,0.5281531088853231,0.5703062846118331,0.530302503696809,0.28672363935613404,0,False,0.3546910693961692,0.3903789534075818,0.7496344470156773
50,0.20130196942138623,0.5677358725672444,0.46021924654449403,0.64653025373346,0.08573431182873717,1,False,0.49554182148635323,0.5607959419047228,0.773312270577699
51,0.3579760091982531,0.5124552610042719,0.4698614335063797,0.6231523800054986,0.012414785714971061,1,False,0.4824284477275613,0.6107375942905275,0.8591356898765018
52,0.4736411785933552,0.3562998799792218,0.48532106122868324,0.6388708068253488,0.07086599453674618,1,False,0.43449499786073503,0.5680048122886027,0.9813692165429787
53,0.45497960839076146,0.48272771931660174,0.3369616733917799,0.6566133338959199,0.12362550451698115,1,False,0.4025351578949799,0.5329878293789387,0.8409312993486222
54,0.5038659984795502,0.4737871759128456,0.4038149508739976,0.5986065609014388,0.015761922887744615,1,False,0.46354014720153763,0.5828446380136942,0.8971278148330087
55,0.07209835842169958,0.4331449104639142,0.5653933479649993,0.6724142033486183,0.18808725226361342,0,False,0.5222428538659633,0.6003158449269188,0.8771516954047806
56,0.4417375030318221,0.254361761841028,0.20415502020178591,0.8340094792268373,0.05400915491402431,1,False,0.6328665547529455,0.780000324312813,1.0630215611978224
57,0.43875643171410944,0.5449433596589686,0.4504951562008607,0.553807029355728,0.029688665662907687,1,False,0.44195319462484756,0.5241183636928203,0.8262751391798767
58,0.45061382839933783,0.45556735073282806,0.292874870631767,0.686681363088672,0.17916077232662728,1,False,0.3912785664067419,0.5075205907620447,0.8447963440071076
59,0.412425726297784,0.6592960373653555,0.4079736272425256,0.4704688886049939,0.08631511878833084,1,False,0.422513256892888,0.5729809185770246,0.685788784690538
60,0.4391458014948136,0.5409938258970897,0.24408525455122104,0.6613295719628052,0.132447088034679,1,False,0.4416384827079303,0.5288824839281262,0.7776801716542379
61,0.4568885303946462,0.3613677364385136,0.4307549136812823,0.6892869026715628,0.0,1,False,0.5160750818780349,0.6892869026715628,0.9967994190116791
62,0.5104903273138132,0.4574962946203553,0.12874242037095146,0.6864682705924507,0.20562944534895772,1,False,0.470254472850699,0.5577258502214992,0.83843890528492
63,0.46731856333628574,0.45569680180870475,0.5454499379092798,0.30068476344330886,0.43130826962908103,16,False,0.17846633157512515,0.2447651744659709,0.8011522995269909
64,0.4214419790690987,0.4671984524854739,0.40941911034817097,0.6382905713726069,0.1705092456497388,1,False,0.3399524992771032,0.4677813257228681,0.839954505359425
65,0.4426503685648964,0.35794985649158556,0.3605306593221004,0.7388844261017999,0.0,1,False,0.5482468814231402,0.7388844261017999,0.9961794927090695
66,0.41151227503543564,0.6333559253027409,0.29895708521223474,0.567669148541742,0.133769646685514,1,False,0.41311038885146195,0.4995862786172269,0.681057026520635
67,0.6376947957803272,0.4188877893162093,0.2364718913559871,0.573615814565138,0.18145056978626803,1,False,0.4100061117139738,0.4562442259940591,0.895519908873946
68,0.21922118483483166,0.4758596088384848,0.4109327480196612,0.7456884950685674,0.024138138351614446,1,False,0.5676244721721806,0.7215503567169529,0.8823107035697565
69,0.48331767677944715,0.6257123390438869,0.3598895556525313,0.49335683349678233,0.0443467547290378,1,False,0.45301399964310785,0.5813655843148491,0.74151971909389
70,0.45155845336606387,0.4870791795180348,0.46273652645927776,0.5392349503096272,0.23227012618643478,1,False,0.23773457616864932,0.3069648241231924,0.8067231658314227
71,0.49201727849269083,0.38174872588512204,0.39196404033873383,0.6380727392714919,0.22674716851515936,1,False,0.3072103362479207,0.4113255707563325,0.9038259600317634
72,0.38516675544466517,0.5735018566068302,0.2653139303038663,0.6417069044435391,0.2014024780010267,1,False,0.38876313632158016,0.44030442644251233,0.7129810357679468
73,0.3772491054294766,0.5091078897674947,0.6208015044721099,0.2907504248768818,0.3585553674235343,16,False,0.26683272071112274,0.3300510795952281,0.7746890606803496
74,0.2102671402806347,0.4242528772147279,0.7056892010753103,0.41055545719256836,0.3305210945587595,16,False,0.37207716240424765,0.4954220607946756,0.8630863724672535
75,0.6139440812574625,0.40762996118944456,0.1567927358476526,0.6557167306379439,0.04860130632520562,1,False,0.5622059312661611,0.6071154243127382,0.9476891903663474
76,0.4605029591588112,0.573212492890027,0.4551614526236185,0.43895753026532847,0.2439442585298944,16,False,0.23979592099999578,0.32926823436013253,0.7203781889251757
77,0.3115777511760053,0.40759959601414486,0.6392212024267421,0.5364988758149138,0.2008658381075606,0,False,0.35424899603480553,0.4383553643191815,0.9037720896277842
78,0.18415717919707483,0.4430501798313709,0.6949213818912573,0.41996355342218455,0.33242677131802095,15,False,0.3801233213393229,0.5107642026941824,0.8427526539623694
79,0.5382305559619033,0.4093901762140057,0.5006881154104331,0.4872979836531879,0.23358004722726644,1,False,0.244581834033248,0.30465050873463684,0.8919920157332936
80,0.2495773096519286,0.4057544096299997,0.8001315439996269,0.25306723439583884,0.26233759308328325,15,False,0.4870338692016809,0.5505542343476983,0.9301248661533732
81,0.3460936285985421,0.5795705086016376,0.3450879974830142,0.6141825633281935,0.2191147614824387,1,False,0.34362909105610595,0.39506780184575485,0.7001949684689511
82,0.40526014558789725,0.3957880659335431,0.47742578597864704,0.5162860999802856,0.4296851208879349,16,False,0.10195936348192748,0.12049803404674253,0.832892564646863
83,0.48788762861498675,0.5192123824922985,0.6405966902159986,0.230675018997714,0.16973237701107005,16,False,0.41002439603986995,0.4708643132049286,0.8469579602854949
84,0.362180242718794,0.47828006469304585,0.2398724766261143,0.7402257563198393,0.18601256984232914,1,False,0.4530653797876435,0.5542131864775102,0.8157837444642704
85,0.3635818365823625,0.48034147522790954,0.45733710290560164,0.637889342911905,0.14498370870067187,1,False,0.3686385194779928,0.4929056342112331,0.8372037802819203
86,0.5010710158453485,0.34092950204896044,0.4788266008301531,0.6314922555914546,0.06809940658931221,1,False,0.43918390811989183,0.5633928490021424,0.9965688942275716
87,0.30400474584694076,0.5764245156991111,0.4239478846485029,0.57482873114889,0.25525675926681973,1,False,0.3014607431199079,0.3211677564322914,0.6934886729467121
88,0.42837428070815947,0.5161340534007401,0.6195888945036359,0.2769671265005706,0.29916538435064344,16,False,0.2927803375176631,0.34262176800306526,0.7918357064165106
89,0.3955511264855003,0.5139808765964048,0.35940184481765713,0.6696989385757195,0.04118993131169814,1,False,0.4787407731246341,0.6285090072640214,0.8408893498037732
90,0.3115140565251065,0.4776507895368153,0.6677330662322699,0.2540024503110614,0.4054923221691842,16,False,0.32717095822280673,0.4137306159212085,0.8005635145310885
91,0.1257661903341997,0.5235250162235254,0.7187880400338938,0.2572742900787413,0.3567325551806176,16,False,0.476621762559924,0.5930218496996942,0.7786639207548188
92,0.4547943433097302,0.6191315029246901,0.4398495199202408,0.3772125190827479,0.27217899010185753,16,False,0.2553521647181295,0.34695251282283257,0.6624355556815138
93,0.49291322326723463,0.3975750800459723,0.49833484667394395,0.40908267149113386,0.42811722522094087,16,False,0.0947863874179042,0.10075976662797165,0.8458624938917462
94,0.565642968278107,0.3345609500272643,0.5172593983236502,0.5408660463489522,0.0895747615519869,1,False,0.41024244838817625,0.4760682067261201,1.0045260807490246
95,0.3051339376221884,0.5898031490295879,0.6443141169243878,0.3468807720074369,0.15348802640411752,16,False,0.4191758711029084,0.49082609052027026,0.7620675850509431
96,0.32556019907559325,0.6645708939692716,0.4551732718628126,0.4303940906048095,0.2448148341520678,16,False,0.3214891208848931,0.41975605981720376,0.6083171005048412
97,0.3203657866905818,0.4768884754263613,0.62011468141456,0.4523854785299574,0.2841624630963521,16,False,0.27106857206435664,0.33595221831820793,0.8136387082409262
98,0.33113041725985926,0.48605089765247794,0.6312670620716154,0.4325613601012211,0.26172454555770086,16,False,0.2889293936526951,0.36954251651391457,0.8154756691826419
99,0.5493839302197951,0.5490535629142821,0.2786542762488425,0.5285052167580677,0.19937781334723625,1,False,0.3424226963390963,0.3500061168725589,0.7564095952246016
100,0.370609089495873,0.4840619449073282,0.5225994139390049,0.40335505492090434,0.4387795442997973,16,False,0.12208102889996422,0.15199032444313187,0.7506665564730352
101,0.47111276546544817,0.4241385611370579,0.47428237011875296,0.5330599111642247,0.29843359006018605,1,False,0.17703509829138123,0.23462632110403864,0.8479508815710513
102,0.29983470865030076,0.412835041578099,0.6551311303211355,0.40584229651206977,0.38178738635497017,16,False,0.2685596689153952,0.3552964216708347,0.8524755366348585
103,0.3065023853082855,0.6034257553797805,0.5464294692007026,0.31966031437271214,0.3757203270370797,16,False,0.27463940016676003,0.296923370071495,0.6496615173957457
104,0.40854762278361717,0.377755319847786,0.6315249292282612,0.3534480884619827,0.40821620591343794,16,False,0.2249509812115326,0.2780768407662785,0.8833346735130492
105,0.4050757885325128,0.4806744949624738,0.5451101937205548,0.3352601323205064,0.4419515310706701,16,False,0.15824107479400543,0.20985006140004842,0.764403893858842
106,0.30185164385911856,0.37224797509101254,0.5848354139111132,0.48092064116129607,0.4438467141712481,16,False,0.21641905403180642,0.2829837700519946,0.8602165706709416
107,0.40343177254732276,0.6422538056789976,0.45519333697990966,0.4336645261710344,0.17171767148466743,59,False,0.34073859380842875,0.47053613419433016,0.6715528683751999
108,0.5082641289777842,0.44297040031967394,0.6069894932319649,0.3167799913821324,0.27687360257168003,16,False,0.27441236873236113,0.3301158906602849,0.8687205903113716
109,0.38834839138607785,0.47673681778745874,0.5850367126772922,0.2858143856076728,0.44491540237801247,16,False,0.22223170607175483,0.2992223270696194,0.7772723128165686
110,0.4711907471274763,0.3472590456843882,0.33095561945936647,0.7401748529638694,0.0,1,False,0.5566938397331994,0.7401748529638694,1.005677187248286
111,0.4641757819247052,0.6109658776505787,0.31634217770789624,0.5578433170920598,0.0,59,False,0.5064274765179065,0.6109658776505787,0.7697996306683681
112,0.3131829053779939,0.39197018915639603,0.5618264657156594,0.5015709703266188,0.4255037282313314,16,False,0.19385100565371993,0.2486435603376655,0.8429176061444801
113,0.46725123153845144,0.41622734671768885,0.5983646969988049,0.4849856703293725,0.12320580924149162,16,False,0.3614084740967669,0.4751588877573133,0.9263145153886897
114,0.35382283820969895,0.7008301468763134,0.22403220955549666,0.5774565554846877,0.0,66,False,0.5829376882111484,0.7008301468763134,0.6668278116695617
115,0.4488521887487733,0.5252366152482192,0.6059296872489058,0.3570315827875842,0.16743916405866702,16,False,0.34305626693544805,0.43849052319023885,0.8202784653811593
116,0.28263786939483604,0.6174211665595808,0.5715761591127736,0.38394968383858175,0.2545393338607933,16,False,0.3356300459051483,0.3628818326987875,0.6768702042227628
117,0.3630857267583372,0.48621995352499736,0.2502302795000943,0.7419395107401123,0.13663631084944844,72,False,0.48033637786734135,0.605303199890664,0.8265886434877807
118,0.3188567268595712,0.573295900289326,0.32526989657985733,0.6679271841021666,0.13317270577761522,1,False,0.4411107203704602,0.5347544783245514,0.7404729637798676
119,0.3610371133257805,0.3994583005109067,0.5959320228762762,0.4839214669504639,0.34752022515161063,16,False,0.2076303466223868,0.2484117977246656,0.8643895071647444
120,0.35372330202334984,0.4365690293656143,0.5267043940634693,0.6097985075302604,0.18712447646570385,16,False,0.3305340107745511,0.4226740310645566,0.8690495120799909
121,0.3286626627705211,0.6233464490649591,0.5040890009463559,0.41355057371392495,0.279803968242921,16,False,0.27833630707252105,0.3435424808220381,0.6492149451734165
122,0.4718842138904874,0.3652674903163354,0.22483086544409575,0.7665069092272973,0.07630982406897197,1,False,0.5443305154465888,0.6901970851583252,0.963429715961456
123,0.3020318576770022,0.8112961417965842,0.24627717514525585,0.43580142296306096,0.0,59,False,0.6278053203200032,0.8112961417965842,0.5427672218631447
124,0.14400483408524997,0.4143982921176211,0.664868940812719,0.5381313569652945,0.27550063056795765,16,False,0.4220635356833608,0.520864106727469,0.8773389393156868
125,0.45410104392806255,0.6021695387482631,0.3893993992076956,0.5229727799584337,0.07779246638577145,59,False,0.41184060903771474,0.5243770723624916,0.7483017858849903
126,0.36286995105680125,0.454808370847672,0.6383256662045493,0.4457629887931309,0.23518172997419307,16,False,0.2977498460078301,0.40314393623035627,0.8552872507250778
127,0.3079391697043504,0.6174921553140897,0.4541190874964598,0.3829823680367836,0.4134939733922074,16,False,0.23173800493078459,0.3095529856097393,0.5986378950423564
128,0.4146514015222507,0.5892265707672174,0.29038911868020595,0.6184007744072143,0.1188734851942569,59,False,0.4277080504368312,0.4995272892129574,0.7336505333043506
129,0.2635892379355155,0.46038465422990293,0.6002624866433476,0.551907111422011,0.23162506618400316,16,False,0.33875432219822743,0.36863742045934444,0.8387411805115964
130,0.3605403231051712,0.6453077056943812,0.45341399807024374,0.46303664245759846,0.18330699518082702,59,False,0.3415977753739038,0.4620007105135542,0.6577620591920234
131,0.26221086829206935,0.6605921586179733,0.5670121255283153,0.4163354051317619,0.005053756978640357,59,False,0.5390425711492857,0.6555384016393329,0.737200443320173
132,0.395023425272727,0.6704764379056486,0.4011356377231382,0.43533717417381124,0.20973694150045957,59,False,0.33351086854645623,0.460739496405189,0.615908762213181
133,0.34798128607848533,0.6888374916779222,0.4468513312429577,0.4415038767346523,0.09904619726522196,59,False,0.43529579340335295,0.5897912944127002,0.6486741733380219
134,0.3978762402175575,0.47836756494426835,0.5639925094688902,0.5145642765739253,0.17319071804391922,16,False,0.3109127060712968,0.390801791424971,0.8434760841998215
135,0.36425042136103875,0.7424798704637792,0.349525806840067,0.4374649724322868,0.05001380551421926,59,False,0.5113420325612842,0.6924660649495599,0.6054333005813618
136,0.48039025379563294,0.454417645418427,0.6381888736999151,0.270808576563686,0.28654403489817093,16,False,0.30750216956035376,0.36738029713622905,0.861834587273475
137,0.29978324292918324,0.3941525093328079,0.7140226156860988,0.4400722771184334,0.22645507688301325,16,False,0.38016254805969957,0.48756753880308557,0.9220406368827399
138,0.2532754878286387,0.46973008615876805,0.6130641652799529,0.3617050657635884,0.45664750965377443,16,False,0.27023341919349403,0.3597886774513142,0.7720536873427909
139,0.36971621708922625,0.552909939362738,0.5333379797784095,0.5191076333088394,0.06064966728273115,59,False,0.4233147689427286,0.4922602720800069,0.8110545483003748
140,0.2955449374848312,0.6982235517386123,0.5207990462448129,0.31347594376041643,0.23587761199107948,16,False,0.39239375114142167,0.4623459397475328,0.5925870494842652
141,0.424197678564419,0.6515035187937951,0.2834492791999411,0.5255838976586953,0.19752864891652783,59,False,0.37090070543990555,0.45397486987726726,0.6333159429424141
142,0.37869302600266075,0.4921597716255292,0.5265115911341384,0.43766763590303615,0.38157952792950034,16,False,0.13191798768406363,0.14781856513147762,0.7582534707085385
143,0.46124185010252416,0.6108734647226146,0.46737318186140464,0.3200692443621287,0.30529912135804055,16,False,0.25237503371108777,0.30557434336457406,0.6685237232729463
144,0.32222873396595514,0.43413677356958313,0.18819692047036954,0.79251326758394,0.2102344992387929,1,False,0.5082054824910098,0.6043163471135705,0.8499579168403413
145,0.460516260472652,0.6833037836675505,0.22501709390896232,0.4225835550940042,0.30300356347536883,96,False,0.3559353809198999,0.4582866897585882,0.5543997639822184
146,0.5331789880114604,0.4317250174842226,0.5694330428323866,0.26066410671307927,0.37031595863997635,16,False,0.25155813718929043,0.30876893611930734,0.8550914377707541
147,0.46766282564406275,0.7081982080115155,0.3731101188654175,0.30535372313559267,0.21747349872422458,59,False,0.38331083950806505,0.49072470928729084,0.5864189516204519
148,0.49527012525905845,0.7173396826610383,0.3344192558011187,0.35818297566336577,0.0,59,False,0.5439913118368968,0.7173396826610383,0.6785325952045006
149,0.32993098798620574,0.6672581446491588,0.5290608324610997,0.28093426058272813,0.29509776066959986,16,False,0.34592170828140617,0.38632388406643065,0.6108405302707829
150,0.4656662902200961,0.3783647554686126,0.6601642261813163,0.32688900219360323,0.31196440932761,16,False,0.2884423442185748,0.3481998168537063,0.919120888122535
151,0.32824628413938867,0.4592704099262768,0.5975978750406399,0.3778304165791279,0.4259648149429571,16,False,0.2053766190971182,0.2693515909012512,0.7896200523985792
152,0.3119918003780312,0.6389541129313693,0.3764721209357005,0.5911054910408297,0.05711215881506111,59,False,0.4826362239102582,0.5818419541163081,0.7085436334806129
153,0.560390342113179,0.5973336714582251,0.24796538037024232,0.47547409576717925,0.2039428934793646,59,False,0.3674563303972222,0.3933907779788606,0.7076393741355607
154,0.2112919240724171,0.5279362299287426,0.641579316034632,0.17926498080168096,0.4825754944514989,16,False,0.4159328504619892,0.46231433523295107,0.7322726490862647
155,0.3710527644735849,0.5555216960911465,0.5412896936273173,0.45340042146821996,0.23483827740343238,59,False,0.26743780889644103,0.32068341868771416,0.7443374039965123
156,0.3471965720686178,0.35021856110866706,0.48766918033396617,0.5511189307036428,0.463948482669409,100,False,0.1792330079791637,0.203922358635025,0.8646382858584414
157,0.5603424883670772,0.35502912376876833,0.6013313656623567,0.41027348392384894,0.17334034171595677,16,False,0.34845306899354456,0.4279910239463999,0.97458832135644
158,0.49508340332775747,0.4961338907889806,0.5435435106549169,0.30829040487837556,0.34389106479356024,16,False,0.20961718581846345,0.23525310577654135,0.7888592786151647
159,0.32554400997420113,0.7158323269236152,0.47236882082030246,0.2697822620410583,0.29272923582363014,96,False,0.37807352691267593,0.4460500648825569,0.5443485770394936
160,0.41635448790477503,0.4171834066435899,0.5951589954095823,0.4487718417821607,0.3114426910834576,16,False,0.20537308668929663,0.28371630432612466,0.863167673921867
161,0.3422343025597583,0.7618986240550701,0.3202218836185829,0.4366290625844213,0.09591233378894864,59,False,0.49969873208394805,0.6659862902661216,0.5526092755082248
162,0.3640337930670442,0.6908916921155124,0.3384374392595139,0.5100594386601438,0.12428811693861269,66,False,0.4316950441874357,0.5666035751768996,0.6213166626947527
163,0.36749679227958354,0.5568609039751503,0.6644454477868564,0.19634589963214213,0.273518876681599,16,False,0.398335831673404,0.46809954815471433,0.7747646278097403
164,0.39447649495998993,0.6168407555376758,0.37762148529712264,0.5582117037055361,0.09847580880575685,66,False,0.4127181373430239,0.5183649467319189,0.7177286670949333
165,0.33164109861565033,0.5335442682850845,0.6271797561972225,0.4338995371845528,0.154017663066811,16,False,0.37328129478971755,0.4731620931304116,0.8076500944916509
166,0.4848370128032851,0.5344018361344333,0.5125202301394871,0.4654126335730814,0.007864016815169867,59,False,0.454578403182272,0.5265378193192634,0.8574087963861282
167,0.27153455797691384,0.4738554119903889,0.6686844402479513,0.3797771507611111,0.3322054597410418,16,False,0.3136826279124802,0.3971498822710374,0.8123656423918874
168,0.46839050658348813,0.6889082233516214,0.36987269199901707,0.4113514128508327,0.0,59,False,0.5158802828119087,0.6889082233516214,0.7025348534654706
169,0.34987666501451464,0.3467374765467558,0.6518932061856407,0.341683448384737,0.4643781976635312,16,False,0.2699905684727943,0.3102097578009037,0.8985123011643572
170,0.4215431362363039,0.7489577401548877,0.3566042150316131,0.3551353162686162,0.08986672751703831,96,False,0.4858947979805983,0.6590910126378494,0.5896586385330486
171,0.3353593177576332,0.6602965799321106,0.43461591215935713,0.45728097318249183,0.231399384152715,16,False,0.3236534647461006,0.42889719577939556,0.6156328130990746
172,0.23455532160068374,0.6565704988042242,0.5123453331020661,0.16696464653928736,0.4727832988413566,103,False,0.41531828852648445,0.4896058522649369,0.5680402715241561
173,0.3653250463793176,0.6985230253589445,0.3944493943391061,0.42682250579091185,0.2020777508465897,59,False,0.364902183894147,0.4964452745123548,0.5834995506231127
174,0.36823711235545925,0.6598968280124404,0.4916368067542505,0.4305551963393183,0.04304739960703051,59,False,0.4659105924371444,0.6168494284054099,0.7134315526598664
175,0.3912970954532835,0.6812268460393991,0.426026137033514,0.399584176254454,0.2040852370368514,59,False,0.3460024928644317,0.47714160900254765,0.6111745144936044
176,0.36852300551708206,0.5880772711641098,0.6062259990144816,0.24594758488951304,0.30059231718515467,16,False,0.33663858190445856,0.3602784141249685,0.7165499051278235
177,0.5516017575775334,0.46453102139006125,0.46327897172897464,0.5146892913699003,0.020345980108523388,59,False,0.4452233243417014,0.53125577746901,0.9138624327875818
178,0.36700014753720983,0.6660192408765828,0.381112146556979,0.3234769900710921,0.41454243586287404,96,False,0.2739665334127614,0.3425422508054907,0.5385620600866416
179,0.3094720561453579,0.7144733870633215,0.4120707213587448,0.45968228484229484,0.11244884723500087,96,False,0.4515068707649844,0.6020245398283206,0.6056031964244207
180,0.4128629069219074,0.5531976604271636,0.5618216658057021,0.37890590824134446,0.25358094785888974,96,False,0.260205964525407,0.3082407179468124,0.7507658328277446
181,0.22116620561951594,0.6952367830565226,0.46304369640982185,0.49283811655335735,0.1021393707849808,96,False,0.48375751530729777,0.5930974122715418,0.6347131161355772
182,0.38126559873764393,0.5750748295275319,0.5708285600965473,0.3069553980666346,0.32227103847377053,16,False,0.26694811746801933,0.2681194314608973,0.7096716592003078
183,0.4509867573269231,0.6473815193519777,0.4410503303883465,0.38224323364620405,0.19202299214754376,96,False,0.3308516469431781,0.455358527204434,0.6641086737535955
184,0.34648333390275476,0.7074278012209418,0.4768893801320973,0.3795298109078996,0.08960383438655818,96,False,0.45956991480542286,0.6178239668343837,0.6414115741684266
185,0.3075355018068993,0.6899389877852197,0.3738879982654514,0.5125694639010834,0.16397078304226909,59,False,0.4102439633571283,0.5259682047429506,0.6019776542918887
186,0.11639696910659565,0.688143202418621,0.5369752653189819,0.23977698997332458,0.4087483798901034,127,False,0.46909848782669417,0.5717462333120253,0.5436662652819826
187,0.49797042913424044,0.5172985112755766,0.4735418124718729,0.4024557028265188,0.31339314134677393,16,False,0.16760820235031917,0.20390536992880265,0.7612513733155023
188,0.31542447513689226,0.5093341549252046,0.5585809381613962,0.3435392532967811,0.4594063953388855,103,False,0.21101434728477586,0.24315646302450394,0.7253972086329485
189,0.1900706210676012,0.5691885157929346,0.6556587536072392,0.4133673538395964,0.19782978060510603,103,False,0.4333447007000415,0.46558813253963804,0.7600942672644112
190,0.3895430138127624,0.6517672286435534,0.477630076931678,0.34413250896119113,0.27730496919869085,96,False,0.29255409561424134,0.37446225944486256,0.6249171358017462
191,0.3914752900911137,0.7363081764314284,0.4038246583107655,0.2929736484219591,0.23598612933565072,59,False,0.3961969699796015,0.5003220470957777,0.5381513737291037
192,0.3334340428079722,0.5063650488987617,0.5437878819786724,0.4049640244319015,0.41559000791591927,16,False,0.16898624620356578,0.21035383917070027,0.7349950319510654
193,0.47647061566691845,0.7154811641762986,0.26601428477980904,0.38906775717831504,0.19729454308783734,59,False,0.4141221113521,0.5181866210884613,0.5713978618869366
194,0.3924784057696336,0.666776131929647,0.35865080625899814,0.522245047906857,0.0,96,False,0.5144674284021103,0.666776131929647,0.7116396586437449
195,0.15872215278210436,0.6897969027964337,0.5194819019806395,0.14486661803053752,0.4562233308409749,172,False,0.4886630247294346,0.5449302847658961,0.5378166684609706
196,0.28701866773231444,0.5214073582688626,0.523245641430031,0.5560272873830518,0.2506038817061169,96,False,0.29570897927510886,0.30542340567693493,0.7632970667306154
197,0.3843008415729381,0.5849981545963057,0.6424246819798359,0.18723545397394245,0.24964662033267476,16,False,0.40947687525033927,0.45518922800589345,0.7541079409241398
198,0.37947358112123114,0.5993362084057263,0.3795628696849746,0.587690450028155,0.08571973767509913,59,False,0.4274554661152877,0.5136164707306272,0.7399645180908165
199,0.3502695358361331,0.5189026546512711,0.5390320742341793,0.44313512216026074,0.3480330066470888,96,False,0.18116712751808717,0.1909990675870905,0.7411148749963292
200,0.3141793050037553,0.809981373548306,0.10899380377843998,0.40677875896056137,0.2605243382269099,96,False,0.547885996843541,0.700987569769866,0.37490337040097726
201,0.39889456477361157,0.6404321802202456,0.3536082646969577,0.4825600118283272,0.26986437122129475,96,False,0.2848371897521208,0.37056780899895087,0.6175933091736118
202,0.3187774340850074,0.6731714776705612,0.44726192936864073,0.4294904573721855,0.24640580904817197,96,False,0.3289235338721698,0.4267656686223892,0.595973397188598
203,0.33626390024798714,0.5651647279128165,0.49708847740761064,0.4581740031620811,0.33240795442988497,96,False,0.20496408006505318,0.2327567734829315,0.6901704354181301
204,0.35907026464176056,0.6969526520275342,0.4682655386070738,0.3503025643107755,0.20818512115952184,96,False,0.37028149690514384,0.4887675308680124,0.5983771064742245
205,0.4434283003242218,0.6195479527658494,0.44007144679014026,0.3615242431141379,0.30849476503824047,96,False,0.23738165152129276,0.3110531877276089,0.6478407473899567
206,0.5181952806544802,0.5249588728844998,0.5724167717054577,0.12566190144201844,0.33532068066783244,92,False,0.37772222526094557,0.44675487026343924,0.7952077315688805
207,0.3195785938738776,0.7229531973540602,0.44174328585590616,0.4039051840387049,0.13012174484314062,96,False,0.4413341208365978,0.5928314525109195,0.5946871373572163
208,0.3642372056318357,0.6653866060980275,0.3606403265828302,0.2548949402603592,0.47912320621188625,92,False,0.31620272473355404,0.4104916658376683,0.5223355209829401
209,0.3058476623217953,0.6879934339136758,0.4856859057050975,0.44006564995673286,0.059780156168573906,59,False,0.47916087000090424,0.6282132777451019,0.6714321156681058
210,0.48681495542371733,0.3888097069409042,0.578372797112472,0.33821045495365565,0.40365431582564376,16,False,0.18963415717893142,0.24016234215881638,0.8745181742802386
211,0.3003178643985406,0.5927152364041588,0.44724361047676603,0.5258384374370538,0.2862951614312159,96,False,0.27354285297792585,0.3064200749729429,0.6665454432496846
212,0.34283426952086943,0.5949929762980284,0.4260015302824863,0.3757812305022573,0.45360686149715035,127,False,0.19577333171547087,0.25215870677715896,0.610967263639753
213,0.2392253389195785,0.7703660922687502,0.3714198947960731,0.37173430403390484,0.2704961923123697,96,False,0.43629978241940726,0.5311407533491717,0.4452281686693732
214,0.39565103233610477,0.5386802845679151,0.5385682868598005,0.426750203406349,0.2848021697788557,96,False,0.2148645023806182,0.25387811478905936,0.7462382075350614
215,0.2719359115623781,0.673805895498813,0.6139087813771753,0.1420947237871793,0.27379111164100656,103,False,0.4827281902717311,0.5317111717116336,0.6491786058018186
216,0.4571726421424949,0.4834651856514982,0.4374997458732924,0.5505520426641511,0.2504815566434947,96,False,0.22558822896605368,0.30007048602065645,0.8019114058889745
217,0.25622238133542513,0.6751585032476511,0.4443372087258702,0.44650703687731963,0.2858443593215262,96,False,0.3383568058528137,0.418936121912226,0.5712573742822761
218,0.4575807978412295,0.6492316850442399,0.3777378711501989,0.4219249046861657,0.2200261531865852,96,False,0.31304842355360574,0.4292055318576547,0.6409634032561835
219,0.221820897505119,0.73408633501379,0.4118325407418635,0.42250240338062384,0.25258349055261503,96,False,0.41574171884612593,0.5122654375086709,0.5072553647004482
220,0.5256733981051223,0.6067529542358266,0.4590146625391889,0.27408757957452373,0.26400732820837425,96,False,0.3086829547595508,0.3427456260274524,0.7014459790380393
221,0.23755317017147143,0.5809204433936788,0.6210060120648051,0.37782112531715173,0.2787519686607143,96,False,0.35388339013500203,0.3834528418933337,0.7145036262079395
222,0.3704905587743778,0.6066024108356687,0.34377670467027616,0.5575259696466466,0.2564227593701777,96,False,0.30093250446571435,0.35017965146549096,0.6569109871435166
223,0.21373184644835305,0.8560370359095782,0.0,0.4691293967866438,0.03790646429727522,123,False,0.7678951507647138,0.8560370359095782,0.4616694784223671
224,0.4528859032009517,0.519883036167572,0.5040982887651444,0.5200121460424261,0.009395244512438242,59,False,0.45335794735726015,0.5106169015299878,0.864141996301591
225,0.2664602745994818,0.5466595661644751,0.636611723478434,0.45153509889484716,0.14492690839549097,96,False,0.4121029380772426,0.49168481508294304,0.7970817865779708
226,0.3557442160929203,0.7438080483970201,0.3139588055741499,0.47077118460957545,0.0,59,False,0.5609337892311757,0.7438080483970201,0.626314989755267
227,0.387275693220328,0.555729648258294,0.41889158328213016,0.5736765695653666,0.19132989958323388,96,False,0.3124736338596745,0.38234666998213274,0.7442897565945037
228,0.2399793412549525,0.7022238638054905,0.4247826250876017,0.2668990599975271,0.44454040768984027,140,False,0.375499532827817,0.46224452255053805,0.48270406339937216
229,0.434944037942822,0.7217732477098683,0.40019266609909,0.34260826236395464,0.11105166054047202,147,False,0.44910091817117903,0.6107215871693963,0.6170456571760522
230,0.30643516555607625,0.7040527925247397,0.367602716237989,0.4178545269625909,0.3172900754200451,96,False,0.33145875691856475,0.3976176269686635,0.5136733416874397
231,0.5516420724521215,0.669267534862172,0.2012388011371239,0.4193874197521211,0.17716977098475611,145,False,0.4409249612600896,0.49209776387741594,0.642565788155974
232,0.0,0.6607805703497409,0.36692833260318536,0.6269491834585073,0.18885803647721355,96,False,0.5925445575158478,0.6607805703497409,0.6305781827185158
233,0.31310579820111173,0.6901980427430562,0.5127401206156741,0.34464891936618897,0.20953785342329231,96,False,0.3851354820764267,0.48066018931976384,0.6100135439857393
234,0.2606519396673763,0.8456658596310285,0.24144281013248298,0.38106919245679455,0.11576467594998326,123,False,0.5917301265388644,0.7299011836810452,0.419328653644298
235,0.4926861286939055,0.7144654715865876,0.37903560872490727,0.22653988346607298,0.22762064278286512,96,False,0.41839874102753016,0.48792558812051456,0.5906469598440189
236,0.6765972225344139,0.5993077267721837,0.32791319643523537,0.2578106793478705,0.09514744509281871,147,False,0.4998060596324884,0.5814497774415952,0.7902527354544043
237,0.4177128658644879,0.6378754295940632,0.48715128442470074,0.35655140132205015,0.2327780537553147,96,False,0.3049909540335156,0.4050973758387485,0.6618584341821674
238,0.2160092303406348,0.7052368279669388,0.38010924811940955,0.5259906297804083,0.1866329171504415,96,False,0.4456933379106333,0.5186039108164973,0.569619038484859
239,0.3919808748550229,0.7128658311791163,0.4510560566988959,0.3404077969560257,0.13727441849079564,96,False,0.42556585895365917,0.5755914126883206,0.6158389160484097
240,0.19534712455017866,0.6157702167174262,0.5414907945749567,0.4177248582642129,0.33905781706440025,96,False,0.3366058556281104,0.4204230921672475,0.6364392632292944
241,0.3274293612844487,0.5729772356490973,0.5474030205510831,0.4344043893696855,0.27591640107952575,96,False,0.2640255317582608,0.29706083456957155,0.7104631510774511
242,0.292198514906998,0.5932891517437878,0.5629511053036449,0.39805710597647265,0.29540582886652955,96,False,0.2902152184004944,0.3010906368367898,0.6849034724437416
243,0.3108784752655478,0.6303617547523659,0.40681764667459724,0.49005617620303554,0.3167695981016619,96,False,0.26946886481915494,0.3194832794868181,0.6079906200054157
244,0.21939314766526063,0.565026455252262,0.4339687708782598,0.31784642389512135,0.5858809677247486,127,False,0.3192521839590789,0.366487820059488,0.6090790228408071
245,0.24105163211019043,0.7079001432755246,0.48631896052070117,0.3836198298117359,0.23895855837526403,96,False,0.39925403997390974,0.4689415849002606,0.563521110271927
246,0.08916844082760525,0.6676768733707078,0.4529233577167656,0.5114346578794312,0.2820489402224546,96,False,0.45632959499085923,0.5785084325431026,0.5828975038649428
247,0.375258750040799,0.5394632602131898,0.4867934970398454,0.5751235844316123,0.02062074848848898,96,False,0.46216500453897286,0.5545028359431233,0.8339133078913417
248,0.2831033538274227,0.6059892979769345,0.4022616001573242,0.5045075200474867,0.3691710024412686,96,False,0.25206312131198716,0.32288594414951177,0.6140403833421229
249,0.3081177570803624,0.6821012469706513,0.46963643765587715,0.43386391954887266,0.17608251586241108,96,False,0.38563314318512376,0.5060187311082402,0.62029577745457
250,0.28457812619681194,0.8324418891665089,0.3040595563953468,0.33265859897153255,0.15146561968370031,123,False,0.5439980932482233,0.6809762694828085,0.4268128084585252
251,0.4419298703242435,0.6012857592943526,0.4633359898046612,0.3239996252781873,0.35142200949334484,96,False,0.21996315921901402,0.27728613401616525,0.658826728671474
252,0.280193232185294,0.5729674694435186,0.5102897381188592,0.5281322325007806,0.23212229483911254,96,False,0.3170181883982374,0.3408451746044061,0.716003322565152
253,0.17520913018967016,0.7201081875362291,0.4374107599432063,0.3904231743051309,0.32708948468710913,96,False,0.4076873030085614,0.5448990573465589,0.4952900808989451
254,0.13009083869589844,0.747144721024616,0.3948962665044155,0.4740475742229402,0.21020698277332805,96,False,0.500154798782316,0.6170538823287176,0.5079352976093802
255,0.3682617307472824,0.5994997505694176,0.4558829199786715,0.42977011780850666,0.3353382707726703,96,False,0.20571823049377447,0.2641614797967473,0.6494395048426724
256,0.18976040672281808,0.8129179320184872,0.20024699386737566,0.4077016549743613,0.3111847133479128,96,False,0.5301691793244446,0.6231575252956691,0.32365845580118185
257,0.41366267019247693,0.6734745515763142,0.4932213679567648,0.3100958645783153,0.18944249953639627,96,False,0.37374270562429446,0.48403205203991795,0.6469630179137492
258,0.450608974301618,0.43711683272482144,0.4205390265743333,0.5549684081767768,0.34790432575797386,96,False,0.14932661033725547,0.20706408241880297,0.81357235470531
259,0.33701699676122326,0.7976972199651993,0.35946423902160424,0.2612479441876284,0.22942027302789703,159,False,0.4740244358001824,0.5682769469373022,0.45169860805434375
260,0.24461075280987635,0.640387004949339,0.6638993423489596,0.2779352068592374,0.1098168817556426,96,False,0.5175019866417636,0.554082460593317,0.7396902140207853
261,0.28293595642670816,0.7550135446883017,0.2175401927244095,0.5500709558298241,0.0,123,False,0.6205299831082743,0.7550135446883017,0.6033492023114788
262,0.30007985341754223,0.5129986783347807,0.6508652968952161,0.33818645781521317,0.32983135485816967,103,False,0.3051483865822621,0.3507854434776739,0.7762550771021416
263,0.4080784241290335,0.580834723373301,0.39581876315087716,0.5565165106927503,0.17239461693539437,96,False,0.33090813603397373,0.4084401064379066,0.7259109232342548
264,0.19989164518110697,0.834233298392014,0.31584885756617764,0.40393697439393794,0.03424257485036315,123,False,0.6329510421346254,0.7999907235416508,0.4944440956788988
265,0.4949596709653759,0.743467323077491,0.07117879074068027,0.36849441130613814,0.24782395408570493,200,False,0.5266887812358695,0.6722885323368107,0.5165605262057402
266,0.21878138508423708,0.6951616320897065,0.10794283586259007,0.5786718972810836,0.34981736705608424,200,False,0.5055011991789028,0.5872187962271165,0.49191355793372177
267,0.1993647163212728,0.7029720019419633,0.4637402469612235,0.46953484789523714,0.17483158848499486,96,False,0.44922684207246544,0.5281404134569685,0.5907298039746905
268,0.5443598856824171,0.652060479962051,0.3316794861900454,0.3645140830854504,0.18869988607459848,96,False,0.37204344571371223,0.4633605938874525,0.6646193076328408
269,0.2539008744059774,0.7398350599042829,0.16928999212829887,0.5982260763600604,0.04055724645922475,123,False,0.6232277388472366,0.6992778134450581,0.5967836892404933
270,0.27564899011407457,0.7601830004927026,0.17980141021798537,0.36447864594790746,0.42540123359318815,145,False,0.45410834624496693,0.5803815902747173,0.35947378734231095
271,0.3826271631656262,0.6000580734182835,0.4048539398952452,0.436705673192233,0.372703910479054,127,False,0.1870542479814134,0.22735416293922955,0.6296369150609561
272,0.3068280245665209,0.8007135148197784,0.1127786825601461,0.3818059186197219,0.3259135465004655,200,False,0.524889396502382,0.6879348322596323,0.3484230460883804
273,0.47802583267896287,0.7164842891956703,0.21920956234878247,0.35960619452803544,0.2842043617879206,145,False,0.3996110691121913,0.49727472684688784,0.5288825658349172
274,0.33552797910648713,0.8472191447479546,0.0,0.4009064318118203,0.09441784228192898,123,False,0.7064611194084903,0.8472191447479546,0.44593080353956766
275,0.45210453605166034,0.7079978900677587,0.45366501001238996,0.2356671405938321,0.18163021135235183,147,False,0.4282060565435307,0.5263676787154069,0.6213115405969077
276,0.2352344141710784,0.6895863512194221,0.452586092319032,0.47177359747529063,0.20428151254111238,96,False,0.40413831837841335,0.48530483867830976,0.5909595189680689
277,0.23366658163719706,0.6817892117216438,0.423271201285945,0.5271494297935092,0.15335699604614586,96,False,0.4403892865896595,0.5284322156754979,0.6190008015990144
278,0.19914172181308037,0.6150990907734406,0.47220464060606987,0.5181235862363067,0.30094253594121445,96,False,0.34172093296124395,0.41595736896036023,0.636625924708155
279,0.29910576685243406,0.7021616539173909,0.4623687891857535,0.42488620393082244,0.15228778184663241,96,False,0.41790413884827066,0.5498738720707586,0.6078051129953426
280,0.2816306144930523,0.8226475651096563,0.09379230159453711,0.44451759969685967,0.1937583245199062,200,False,0.5979313028289729,0.7288552635151192,0.39519384772315896
281,0.3953149385094172,0.5586156071275875,0.43875249119320187,0.4740055711421642,0.3383632262269685,96,False,0.16655834391549665,0.220252380900619,0.6914341287653165
282,0.27662510812266916,0.589531878713373,0.5913703563917319,0.3247256905263187,0.3475126487340053,159,False,0.3083499037200302,0.3147452482690627,0.6811575337781021
283,0.21434026760339397,0.732952244058331,0.45499729487989227,0.21589562841602847,0.40398737219917014,172,False,0.43739416591709895,0.5186119764549371,0.4712034602209743
284,0.2591774202942595,0.6611425576375349,0.5102240448941191,0.1050252227154732,0.4736651875487167,172,False,0.45042878454968943,0.5561173349220617,0.5764510243116634
285,0.48384184316904416,0.719723665563805,0.367652257350572,0.2774130760069867,0.1891261984801495,147,False,0.42115875185276014,0.5305974670836555,0.5921491555132811
286,0.3652345589688793,0.5869816460163484,0.4231062646021895,0.49289401577710057,0.3163745284314967,96,False,0.21457491942622833,0.2706071175848517,0.6634199036079871
287,0.12906404068615876,0.7803681518631832,0.4431355513846903,0.19303404982629324,0.3751489832933686,159,False,0.5310633463805978,0.6513041111770245,0.4178610390275953
288,0.390152706131564,0.7954783184256731,0.11181714033047578,0.3909012364963407,0.22290863878914086,200,False,0.5389979961483025,0.6836611780951973,0.43485587127694836
289,0.35190892735236295,0.5582015512666842,0.4703220653759073,0.11036319556342444,0.5754895784449502,172,False,0.38968991161423994,0.46512638288152575,0.6649157648383935
290,0.21120040459013617,0.7482852550600485,0.37734465916950044,0.36943818350491586,0.34145278286393066,195,False,0.4104417168589031,0.5370848504699124,0.43955103048656957
291,0.24892086704357658,0.5601634467091516,0.45090702484987527,0.3727517965101653,0.5310313249335444,172,False,0.2542858386607799,0.31124257966557506,0.6272087142406838
292,0.17218822847681414,0.7406325549434174,0.47942360284742325,0.2225825024203817,0.3773919331160633,159,False,0.4670174679351909,0.5684443264666033,0.475874277676231
293,0.3983663026178175,0.8488501584237296,0.11339275335572073,0.3284810207135675,0.0,123,False,0.6994510459384758,0.8488501584237296,0.5156024634137305
294,0.38497391690104504,0.7034976161193839,0.500560753790527,0.3260753274703114,0.0,123,False,0.535794434551028,0.7034976161193839,0.7012739143223735
295,0.49602672772479417,0.5659239131301902,0.24801529823041252,0.3927031947040123,0.4668621023846206,127,False,0.24395136942080778,0.3179086148997777,0.6425395635122244
296,0.13384624490839928,0.7304114443925674,0.3528141303809198,0.5171290283677702,0.23808414908860562,213,False,0.4857310677302275,0.5965651994841682,0.5087217685903797
297,0.33410861573374817,0.528496496070395,0.4316003653956559,0.38747828268308376,0.5221538006881671,127,False,0.16978740023431907,0.19438788033664678,0.6665847745656164
298,0.334626722281909,0.6369348972592381,0.4992176690000708,0.245697100114159,0.41563631619705543,127,False,0.30492691338024963,0.3912377971450791,0.6002493975676118
299,0.36824340377189624,0.7195943121231659,0.48634537399504124,0.22357667460781516,0.2450764560365002,96,False,0.4157303664570527,0.4960176375153508,0.5758281469617371
300,0.257060601781876,0.8501666550840506,0.06422902705757204,0.3315112438300928,0.31162707342623347,200,False,0.613984729503199,0.7859376280264786,0.2634527918450713
301,0.25774032324620566,0.7792541952290498,0.036969626480872035,0.40510751000409845,0.4010660507285694,200,False,0.5642284228995773,0.7422845687481778,0.3394731492224009
302,0.4176295397046736,0.7040465788471746,0.3999095112385087,0.3146181306860148,0.2664428588727167,159,False,0.3454499827617965,0.4376037199744579,0.5634873124533831
303,0.34565098997283783,0.5296214808372399,0.46407690231888016,0.4552829538450294,0.4211609441042981,96,False,0.1346634646551695,0.1839704908644021,0.6954903385355177
304,0.2761001167210078,0.8261176240107009,0.2570535172243512,0.41859513390405084,0.0,123,False,0.6401780667559654,0.8261176240107009,0.5246819693698797
305,0.29996331420118305,0.7116369137637302,0.27242985245210327,0.527203388783186,0.2267894959003301,200,False,0.4208762812654227,0.4848474178634001,0.5350584080062581
306,0.4127992101584581,0.685626104098678,0.20220454730389048,0.5155745310678271,0.22980400656829458,145,False,0.41230383789610797,0.4834215567947875,0.5745003232035439
307,0.1343036748597484,0.7759351244882704,0.120254925365029,0.6045047215944557,0.0,123,False,0.7332209301294887,0.7759351244882704,0.5795974407627965
308,0.32099585100059597,0.8420215445173486,0.17192210907767883,0.3789501594230577,0.12165914389203887,200,False,0.5985275564225683,0.7203624006253097,0.42378455755216293
309,0.22693207229521542,0.8618439068384055,0.34615677025197006,0.268045020785507,0.11855071509752664,159,False,0.6089132890608091,0.7432931917408788,0.4190925756446149
310,0.2048451134478203,0.8968007890311731,0.1549739560556864,0.26222703162424565,0.24699571073118295,200,False,0.6485232168071356,0.7418268329754867,0.2206287333724445
311,0.2699751468231833,0.6766583948059015,0.11088076837633783,0.5255676597846403,0.42512460176902367,200,False,0.4514481556644514,0.5657776264295636,0.4853483288112723
312,0.15718881560253617,0.9032720277656867,0.09837007299453376,0.34315572259013016,0.1787702405274212,200,False,0.7047590691382721,0.8049019547711529,0.2612708593257202
313,0.07642906279270989,0.8666706436987736,0.14948365861607082,0.38628596769768464,0.2673544102460232,200,False,0.6619138936790048,0.7902415809060637,0.2517601147757784
314,0.11973759225979212,0.8462861053868043,0.2103795854709548,0.4745557573627484,0.0,123,False,0.7234205851144195,0.8462861053868043,0.4932660812388251
315,0.20371474726626834,0.8365536044184241,0.060253854453015954,0.42488514470880484,0.2729843503025692,200,False,0.6256752851309262,0.7762997499654081,0.3096377322690305
316,0.30874951429966785,0.8606800715991855,0.20868781527211128,0.3050051643897487,0.16530213920054343,200,False,0.5888282292362863,0.695377932398642,0.3715304958075458
317,0.2954399652977494,0.6669745981459594,0.39706475452368395,0.5089684884129472,0.22616536173912025,96,False,0.3556979446208214,0.4408092364068391,0.6013364397520848
318,0.39677943171989505,0.764221986518907,0.0,0.5017159694276199,0.0825343801481313,200,False,0.6625702707834028,0.764221986518907,0.5631693224477066
319,0.1853595179359033,0.8230677361100064,0.013114113496653514,0.44622937334566903,0.29817564836191246,200,False,0.6484516416869873,0.8099536226133529,0.3215030306883537
320,0.23760849627106673,0.6256851250296387,0.49970431551248196,0.29424652327483275,0.46451577735887845,172,False,0.3197498254026983,0.38807662875857196,0.5849464905991979
321,0.29201973145887145,0.784482861984175,0.06673803993127243,0.48267401141722,0.24876283568963353,200,False,0.5685397849776436,0.7177448220529026,0.42042101357384865
322,0.1252397256495359,0.6662437599479281,0.5112509959567242,0.2665653656297671,0.45606971882553526,228,False,0.43411333582074246,0.5410040342983922,0.5436603855449278
323,0.27584534012951145,0.8149567033964428,0.1798248753047482,0.46730833067561245,0.09508342768769361,200,False,0.6004150676881631,0.7198732757087491,0.47096253019199563
324,0.21142149508146885,0.8308825325567581,0.037479430922951064,0.4866544516230583,0.16339493713924033,200,False,0.6728970690002122,0.7934031016338071,0.4030456765818098
325,0.2596903049944427,0.8281233517277804,0.24300052952304163,0.38086959378813634,0.20654722218955515,200,False,0.5331810508568058,0.6215761295382253,0.3810464774557358
326,0.15009456292577744,0.5864674452195427,0.5297153837000904,0.2674487512177785,0.5304718047373483,172,False,0.39207808900903207,0.4363728822937653,0.6205910434977908
327,0.19854244331331766,0.8238654631947827,0.1222289755891931,0.43475689620560093,0.27905754869939076,200,False,0.581163144030383,0.7016364876055896,0.32439490873810656
328,0.26771088563926093,0.5912688312675859,0.5483080113288954,0.32079907195874513,0.418543105336434,172,False,0.28283536461970793,0.32355794562832496,0.6472103158423496
329,0.22961222403812087,0.6922795640316898,0.481191157245685,0.39969287902934314,0.2769980224444837,159,False,0.37388998422147784,0.4626673399935689,0.562425667890275
330,0.3291348880452066,0.8370433672897359,0.045854655762197424,0.3974298805718862,0.17599848670166518,200,False,0.634850284829253,0.7911887115275386,0.3973404766577751
331,0.3727204568016408,0.8386749809393261,0.0043850544021467415,0.27493365072371034,0.28652398926725153,200,False,0.6406168041328462,0.8342899265371794,0.3464162938642371
332,0.3578380761916678,0.6814185912744897,0.07490332784351159,0.5162614389236733,0.3680818290154544,200,False,0.46096023694914684,0.6065152634309781,0.5126541955442884
333,0.13865031437605443,0.8811038416205113,0.11739395764911423,0.42173579606115247,0.11309150115345698,200,False,0.7103096014016009,0.7680123404670542,0.35697531545940714
334,0.3309291524916327,0.7697968000826853,0.0,0.45661287344017176,0.2990041244236236,200,False,0.5827833124816997,0.7697968000826853,0.42505294586546205
335,0.4272657546353948,0.7904104150558618,0.18809657645002378,0.24656961553063084,0.3106741915768418,200,False,0.49419087242823606,0.6023138386058381,0.4176195168686897
336,0.28573047931048284,0.7511698240558431,0.0,0.491428744614087,0.3355589033060185,200,False,0.5769644143205792,0.7511698240558431,0.4278651967414865
337,0.16529109696930155,0.5415558712590065,0.48648642211567056,0.3600023680992004,0.5595760427570545,195,False,0.33189491231699014,0.39428494578775297,0.6468841543713244
338,0.3364665190563129,0.6220734421565765,0.526719104092998,0.18842472115550582,0.4322939092313648,172,False,0.34111037118951765,0.43364872100107066,0.6265328910099024
339,0.11891965424900838,0.8372986073740716,0.15777542406496148,0.45811413922509403,0.22366830112000582,200,False,0.6275420335941384,0.7183789531250632,0.34148400513688837
340,0.3060816673656095,0.8431630306132347,0.0,0.3747235777083727,0.23446184555110647,200,False,0.6536147841742603,0.8431630306132347,0.34925374303826756
341,0.24701919125473965,0.5940650615861042,0.70952060988844,0.08898208209283334,0.27336955749408737,172,False,0.5375869130924722,0.6205385277956067,0.7608250945154458
342,0.18902931271173493,0.8109922516493445,0.136561889213595,0.528354773068091,0.09354983105829309,200,False,0.6535751419259641,0.7174424205910515,0.4738621977853991
343,0.07812100108751956,0.7901425874291748,0.0,0.5476445401337868,0.26392661552307684,200,False,0.7053439787967162,0.7901425874291748,0.4087922656614502
344,0.3236819205120201,0.743929954463944,0.11455355790972795,0.5491469211547878,0.16466140574331364,200,False,0.5515337848464337,0.6293763965542161,0.5265409251722937
345,0.3251400018256862,0.7195012631545777,0.06885217781944376,0.4681508966905555,0.3907633901341171,200,False,0.485618054530043,0.650649085335134,0.44551419447777646
346,0.32029335537648235,0.7785759375465304,0.06870426686053037,0.4717459647842856,0.2529172678962746,200,False,0.5545556428435662,0.7098716706860001,0.42990360818063855
347,0.38945955982668357,0.8169345026819715,0.17717383863888178,0.38304017159086273,0.053187662450718494,123,False,0.6101845723886915,0.763746840231253,0.512535751946524
348,0.44725127222617184,0.6777795458931711,0.0,0.4687152535180548,0.34768836302128797,200,False,0.5133500288280131,0.6777795458931711,0.545448163303214
349,0.3053055687851309,0.8397144752735816,0.21166696283736555,0.26043795579580165,0.2983911488447854,200,False,0.5354533640226563,0.628047512436216,0.3160156937656652
350,0.2397568569846137,0.8989366117426797,0.0,0.3402575108496223,0.13658127217107568,200,False,0.7449993463750657,0.8989366117426797,0.327680826248401
351,0.3781125478380871,0.7062284577864301,0.39006175485187167,0.20529954014224774,0.4049397397135169,172,False,0.36802102606424353,0.5009289176441823,0.5112129878868628
352,0.3800562892597843,0.5196369242247247,0.2506666673052839,0.49172347390554993,0.5300084254883792,200,False,0.23921130921481665,0.2793417581830953,0.6586510602602852
353,0.22889364730428619,0.8072768428831825,0.0,0.41249262740068277,0.3546288616404255,200,False,0.6221628568678021,0.8072768428831825,0.31791559616523557
354,0.23513540373502234,0.6485382895844468,0.533971022584678,0.19028786801586337,0.4503053443821189,172,False,0.3988182936867865,0.4582504215685834,0.5851711100668819
355,0.21438414418506413,0.8881409544990659,0.11009151317202981,0.2777390957580966,0.27565546807290686,200,False,0.6484069592899752,0.7780494413270361,0.20795103440465798
356,0.3713654553755129,0.7611893475994573,0.16447758616440364,0.37106050652698014,0.3434234991964333,200,False,0.4481573845119587,0.5967117614350537,0.41456021445478275
357,0.2755105249426522,0.7745755971626026,0.0,0.31030561830006625,0.4773227610091893,301,False,0.5969071792498468,0.7745755971626026,0.3252281449939308
358,0.3551642870747382,0.7529425382994818,0.0327035246761843,0.46842193429547235,0.29401910507732115,200,False,0.5456007752849351,0.7202390136232975,0.4520513606480583
359,0.1822166769978842,0.7903803153499573,0.14912397898284363,0.47270376110635587,0.31049836208807996,200,False,0.5442288006831583,0.6412563363671138,0.36168846159821233
360,0.09989787003977545,0.7251240542865149,0.3060006093801046,0.13760520205793814,0.5929957477775047,172,False,0.5787169747952756,0.6252261842467395,0.40415962639278413
361,0.26656953447287685,0.7774278354876688,0.0,0.5359988939429102,0.19300733040962137,200,False,0.6435661391852432,0.7774278354876688,0.4695803773782199
362,0.4555753820065769,0.8421105584423348,0.11075330474246714,0.20355457582874475,0.17204685064627748,200,False,0.6358502287581704,0.7313572536998677,0.4422074302831704
363,0.18769044796175358,0.7211987050675598,0.594106090331488,0.011761262061605783,0.30256296815463574,195,False,0.611996771314228,0.709437443005954,0.6099783028792142
364,0.2828362892773372,0.7577913712949539,0.4093060261300041,0.3003796872443639,0.2966420258887506,159,False,0.4112753720113869,0.47495508201761666,0.4672079036624504
365,0.17348518222887505,0.8409490783045884,0.2684321226041734,0.4134109026530114,0.14051035679805857,200,False,0.5976011950925347,0.7004387215065299,0.4047631738756445
366,0.3514787734989609,0.8568306655415278,0.11195269470633663,0.3454269395767537,0.10222869425927673,200,False,0.6470906252002301,0.754601971282251,0.4247834033131795
367,0.16983185815750085,0.5914575859577259,0.5058030233982522,0.39824976249166283,0.45485766143305856,228,False,0.3219247842937908,0.42162572780022506,0.6191776580363315
368,0.2586336438206038,0.7672084889571398,0.17834670192080546,0.47012128607203296,0.3027840865239266,200,False,0.481282850128038,0.5888617870363343,0.40861046741129614
369,0.16327224381024558,0.7152683609127101,0.3826557165403889,0.18720458214061758,0.5293981425193437,172,False,0.48062745967381443,0.5519961171024645,0.43813688727422595
370,0.4672149980512683,0.6893349838402181,0.14196421730996064,0.4030750155628157,0.352000168299059,200,False,0.40399729781203114,0.5473707665302574,0.526880305293347
371,0.29334237274052016,0.7485140733665766,0.2366910182561616,0.43190430668142715,0.3333361157661044,200,False,0.4147053669777749,0.511823055110415,0.4272497946828774
372,0.3280934466262675,0.8518540459706067,0.0988508776746234,0.27540522050117994,0.28474522497850085,200,False,0.5959816912750353,0.7530031682959832,0.3028632218349339
373,0.31854955499596604,0.7930931075980909,0.11843349751542152,0.48259411775345035,0.15035267828777826,200,False,0.5776344956473455,0.6746596100826694,0.4691077297230483
374,0.33331523889839065,0.8328424144273635,0.09568408141831593,0.3726980358255103,0.21729057711702096,200,False,0.5862359455972275,0.7371583330090475,0.3734147891701335
375,0.5653252350639691,0.704435035927894,0.21144681906745974,0.2804699638865788,0.24658771425366896,200,False,0.4513905012238972,0.49298821686043426,0.5877316605065277
376,0.18567992842628991,0.5883762126695171,0.5079781459620378,0.2372323837485914,0.5522819894494249,195,False,0.3836020734924552,0.40269628424322723,0.6124128099313013
377,0.3132040374781958,0.8860032518389127,0.0,0.3352455051275734,0.06717082647985868,200,False,0.7533022525502954,0.8860032518389127,0.4146427160216047
378,0.5107473783535066,0.7835804798192926,0.1915271113655356,0.250487920307977,0.16034935155137267,200,False,0.5509508928528339,0.6232311282679199,0.5282844162142992
379,0.3217727750830203,0.8860633041141837,0.10314155113830231,0.26145322675814636,0.17988366508431525,200,False,0.657785864989512,0.7829217529758814,0.326548674960263
380,0.33277983240366427,0.8572636707814116,0.05918068135429584,0.31426217759845765,0.22824003283667246,200,False,0.6304214411824447,0.7980829894271158,0.3337236423192883
381,0.4522775009426219,0.6264623510052082,0.34669017390581225,0.25969221811111254,0.4640644999176429,208,False,0.2787632288071928,0.36677013289409566,0.5864042795993627
382,0.3658395888934724,0.7996739516573297,0.1938540564442909,0.3113004447343823,0.3036372904425206,200,False,0.48386736567911476,0.6058198952130388,0.3831049946646105
383,0.10182961988039382,0.6140988051430233,0.5724571414412881,0.1731115365289516,0.504815414949247,228,False,0.49119916322033486,0.5122691852626294,0.6211937002452533
384,0.26484155119439473,0.80839464358774,0.27582920820767104,0.38561153877209026,0.22711019802058074,200,False,0.49530216961426665,0.5812844455671593,0.4015362077646371
385,0.38456855467931433,0.7371466275659158,0.24911186936786542,0.45418258354302915,0.20095604884224663,200,False,0.4334987937689259,0.5361905787236692,0.5242330433227075
386,0.19306188204184183,0.7444582668520217,0.11623414355576751,0.5387221297692921,0.32369289363043097,200,False,0.5349075259749406,0.6282241232962541,0.4307715595481954
387,0.11400047700712633,0.9008130187341951,0.053477174472582795,0.3458767712120953,0.23032422249398557,200,False,0.7274076851513667,0.8473358442616122,0.21557214910940567
388,0.4144664043859823,0.6096050308329997,0.32355953375371915,0.47896370806149496,0.3500032864067307,200,False,0.23063303671285776,0.2860454970792805,0.6206850172538845
389,0.18744951081308642,0.8514384688988214,0.24171432092773237,0.1391386274215009,0.40265350363913577,195,True,0.6082769661596874,0.7122998414773205,0.24317255265265664
390,0.3148722485841586,0.838554812573782,0.06240239729812378,0.3924045527662788,0.19951416280717754,200,False,0.6189514348214636,0.7761524152756581,0.3747591906068995
391,0.0,0.8376642084368623,0.13482896010641293,0.41530538418235347,0.32811775826616874,200,False,0.6820834215612255,0.8376642084368623,0.27487755158767047
392,0.2308142661377142,0.8091687544462128,0.0,0.45027532577606305,0.2987019122344771,200,False,0.632380661544032,0.8091687544462128,0.3507562419621439
393,0.2599135538523495,0.7780992698390221,0.07166951799174621,0.46717441442972907,0.32189752638517294,200,False,0.5492745585827141,0.7064297518472759,0.38284313185383495
394,0.28771749054607354,0.8779487638722658,0.16242752262000565,0.3221461758862854,0.12752942760947597,200,False,0.6402458330385437,0.7504193362627899,0.36650610601479067
395,0.1588353191952768,0.8277780462737095,0.165140723337094,0.4652383096484266,0.21409508218217188,200,False,0.6018517826001867,0.6689427270784327,0.36406598514931227
396,0.30936201159037113,0.7512127515964738,0.041812061729428175,0.5237725845025318,0.2527619014825737,200,False,0.565191728337031,0.7094006898670456,0.47069632266844763
397,0.1639010990344225,0.7891681266634792,0.014672230905330564,0.5817847633827898,0.10798755636486589,200,False,0.7193570802979646,0.7744958957581487,0.5029218092174468
398,0.4349551808437434,0.7275692874934087,0.0,0.5163931786467009,0.12163473024048892,200,False,0.6241289890647693,0.7275692874934087,0.5896141633722022
399,0.2863844071897787,0.817783262278241,0.0,0.4773419945839917,0.1461476221588746,200,False,0.6743414168534063,0.817783262278241,0.4434977797191682
400,0.1996773424724648,0.48976617489496505,0.6258926176757227,0.08978601599686438,0.5660874095953125,172,False,0.48672021717693637,0.5361066016788583,0.7632903404396981
401,0.3180657957557051,0.7721262821927815,0.0474265585230122,0.4512409809440762,0.311106818602123,200,False,0.5482867476408387,0.7246997236697692,0.40757339707916357
402,0.25358663533118503,0.8742004638877822,0.09479900897637936,0.32317102807179354,0.24091700195692195,200,False,0.6339953227872086,0.7794014549114028,0.27223370622253124
403,0.42398089620981044,0.7340033926866655,0.04939841916096193,0.4941416679818147,0.18671643559724088,200,False,0.5577688364515984,0.6846049735257036,0.5424429855130555
404,0.21691352900848504,0.8007171993832856,0.20072962288490245,0.4682286183199038,0.22862647927917612,200,False,0.5357044202752272,0.5999875764983831,0.40003826783247387
405,0.36196078338686466,0.800342774427796,0.03653065079530174,0.3350605042996868,0.3388743199507698,200,False,0.5700389938828978,0.7638121236324943,0.3620387339764342
406,0.3452181149551489,0.7453960199779891,0.030097627145323585,0.32655573471239757,0.4665455084709893,200,False,0.536873923379165,0.7152983928326655,0.3863753369033045
407,0.3433783357174206,0.5887139028773549,0.5942856056692273,0.02116928241682063,0.4264782989733044,172,False,0.48412599968372394,0.5731163232524067,0.7121982329972053
408,0.32984636523374894,0.7844660688179587,0.050857908170575554,0.4061263573982169,0.3290732702884742,200,False,0.5479575037844828,0.7336081606473831,0.3804962618702927
409,0.2244614247503318,0.5598805438940029,0.10502896201448718,0.5483607276411898,0.5695790330472067,301,False,0.4523347619564612,0.4645500710327195,0.5902165633685799
410,0.45917444316332756,0.7680662238422836,0.26188280177631784,0.3138121574737618,0.1793667597236228,200,False,0.47641877082677114,0.5886994641186608,0.5205127011527785
411,0.2722919322110403,0.8065921010657249,0.013458005898688646,0.30759392849372946,0.4248189536522386,256,False,0.6065390189090953,0.7931340951670363,0.28836144261027113
412,0.2422519104803803,0.8330634593282401,0.1291780656483725,0.3240323445253846,0.3544507746604576,200,False,0.5619738156819312,0.7038853936798676,0.26127926434096077
413,0.4092467078917166,0.8388397930215628,0.23525654821374956,0.25334451803719776,0.09662217874993964,200,False,0.6001982286955057,0.7422176142716231,0.4777747495930029
414,0.4056320877116214,0.823984837317603,0.1173739000655509,0.2573537413378608,0.27659359481412843,200,False,0.5635936159960557,0.706610937252052,0.3784346257747998
415,0.33896573775162786,0.6587617063129964,0.27785471757825164,0.4903012076327931,0.36542677055659045,200,False,0.30610171263845354,0.3809069887347447,0.5429132469470438
416,0.22838626749762675,0.7966286811472496,0.15101072486113934,0.4642017746546095,0.27374245300376915,200,False,0.5367432138771242,0.6456179562861103,0.3766509949522123
417,0.1936194665469874,0.7933271472188709,0.19187369398734377,0.37285823785686717,0.39661664069672026,200,False,0.5073379635636986,0.6014534532315271,0.30673107111850584
418,0.1206815635497621,0.8943592993189442,0.0,0.3014261214215248,0.30773315919102373,200,True,0.7397778234337663,0.8943592993189442,0.1589690645008038
419,0.2551562262456892,0.8427180746782453,0.10447935809902408,0.36833780211330047,0.279522582422618,200,False,0.587467658914972,0.7382387165792212,0.29715601268311215
420,0.21167715682535534,0.7771942205317858,0.17528356285571176,0.4813838656533919,0.2978374914807215,200,False,0.5116555455657017,0.601910657676074,0.39275203206985465
421,0.036295730539608,0.7694328516817628,0.42507712204391396,0.12857346558864902,0.4576396081622027,172,False,0.6122164636670001,0.7331371211421548,0.416230937112913
422,0.3018829564889753,0.6942589615867695,0.30586372260992095,0.45624382010572523,0.353779782696061,200,False,0.3330819965681741,0.3923760050977942,0.5007980932713232
423,0.3180667566742581,0.8251261821405934,0.08916851145581749,0.3490299203550799,0.29703099687824996,300,False,0.5655863844913407,0.7359576706847759,0.3304089500975447
424,0.20790858162257814,0.8092200473378468,0.0,0.4294674623297896,0.34277490496568114,200,False,0.6320901250313269,0.8092200473378468,0.32002258961646485
425,0.4875405377070682,0.6977326851404262,0.018621617830003132,0.35605061989127706,0.3851681653556852,200,False,0.5101347698292329,0.679111067310423,0.5165566386985262
426,0.35239374838708365,0.7759061477770716,0.16475838501939133,0.43312373560218076,0.2429954735447967,200,False,0.4885837786331073,0.6111477627576802,0.44183626128252895
427,0.288094440631273,0.705434812395201,0.19163033939868054,0.5444275690582616,0.2936660583206033,200,False,0.4362880996877588,0.5138044729965204,0.5059052830794399
428,0.2604043820305871,0.6652303003200284,0.4657332478381129,0.15297244397805757,0.49934975577938956,172,False,0.4148107734835118,0.5122578563419709,0.5433889995400567
429,0.22854850808001448,0.8359578922949696,0.0,0.49759816677983987,0.036551965494269555,200,False,0.7550616717388098,0.8359578922949696,0.48917931896045247
430,0.34531674118741196,0.8110354631967412,0.06907833243347603,0.33661033954095876,0.32388190593993305,200,False,0.5596243234402769,0.7419571307632652,0.34592552908797275
431,0.6410291561375767,0.7116121437125107,0.07374944337815145,0.20686636957263566,0.18562624449059453,200,False,0.6108529020814218,0.6378627003343592,0.6372603958335881
432,0.4242159875961385,0.7533790713189457,0.24628001898193203,0.387283783188383,0.2044949737670556,200,False,0.4440094621342102,0.54888409755189,0.5110215705069191
433,0.29504454870337576,0.676540602912958,0.12903265942392736,0.3824200192453533,0.5406912506902299,270,False,0.4358000490568288,0.5475079434890306,0.4473489675070642
434,0.33986649909039324,0.7524402026716992,0.02816574304806931,0.49239774375594336,0.2739993742000491,200,False,0.5588672089072944,0.7242744596236299,0.46177220794730955
435,0.428001561497428,0.7473000299840246,0.07832462211230429,0.369356172410717,0.34029193351401793,200,False,0.49395755407808484,0.6689754078717203,0.4504039903745755
436,0.1251036047645826,0.8699260572424948,0.4015935982079538,0.1551301645451304,0.20551145207025387,259,False,0.6544115772002803,0.7448224524779122,0.38191761305515265
437,0.352303213991422,0.8147336562382071,0.06952007683002719,0.4394848780627414,0.11879190071617499,200,False,0.6282132697470598,0.74521357940818,0.4673701219425653
438,0.12222861715447438,0.8291029902980237,0.24575013844843288,0.4294837130349498,0.2297803436277112,200,False,0.5827811238265718,0.7068743731435493,0.3564274543963571
439,0.2156361837627343,0.7924087803287998,0.0,0.44810606160015737,0.35325673194896695,200,False,0.6177511650818713,0.7924087803287998,0.34444227484085427
440,0.31768560010263724,0.7590421576204746,0.0536661864843278,0.5229229160752585,0.21587595214349273,200,False,0.5728377810029727,0.7053759711361468,0.48027322503385506
441,0.30261622991875087,0.7071536370950754,0.11939680360853974,0.4500318232432415,0.4376904297438953,357,False,0.4427637129407834,0.5877568334865356,0.4381879919280654
442,0.2536379069419004,0.7257802715538245,0.18849448986298598,0.2631313764952322,0.551491174526307,270,False,0.4762001603016539,0.5372857816908385,0.3766199379300836
443,0.2848447212830708,0.8762088128874509,0.22421202531404527,0.23619976427988512,0.21227397399171266,200,False,0.5998780800144268,0.6639348388957382,0.3193081590881702
444,0.14578812795900542,0.8586560281672925,0.263413824391914,0.3450223442687424,0.23027893110900463,200,False,0.5928138360256804,0.712867900208287,0.3110387806622757
445,0.1808400877124328,0.8150208724116925,0.08277491459394773,0.45430081384663945,0.2996613492956495,200,False,0.6007282952921389,0.7322459578177448,0.3271887312404762
446,0.26079466215895647,0.771139466198979,0.026657738224391676,0.43844495709391346,0.37998085800659176,200,False,0.5666959921468036,0.7444817279745873,0.3660694795940457
447,0.4404343646233145,0.7181484546354823,0.0,0.4943461814581187,0.21424803485983873,301,False,0.5744093392081414,0.7181484546354823,0.5547602600005519
448,0.18634407512009848,0.7238788364659948,0.22254066460930358,0.46595537903009254,0.417895385392618,256,False,0.443040968749842,0.5375347613458963,0.4149212103535305
449,0.35823862310156246,0.850140219167558,0.05927416848748351,0.38090233869716933,0.01807423572872808,200,False,0.7136674167200436,0.8320659834388299,0.49379577657585255
450,0.27071930721116705,0.8915298546225187,0.23236663740048488,0.2613400991055177,0.09794219439325652,200,False,0.6567083489775064,0.7935876602292622,0.38094942281893635
451,0.13504305300979957,0.8265993291178456,0.30976760534969044,0.14194685069781018,0.4270738170253618,389,False,0.5948687072278012,0.691556276108046,0.2926583920125459
452,0.459213718630415,0.7923783847495502,0.0,0.3954822886756786,0.06966358695306174,200,False,0.6815444752562893,0.7923783847495502,0.5508490680857302
453,0.13102126010434667,0.8323362965238259,0.1112269340008107,0.4263100858022102,0.30973859750725646,387,False,0.6168634016562905,0.7211093625230152,0.284356553214249
454,0.3443311991274839,0.7175821654092989,0.15627078362063576,0.36425285812374486,0.4576146399856611,270,False,0.41871510187096217,0.5613113817886631,0.4236236227384125
455,0.46505470806273524,0.7976704950545929,0.08772814977361053,0.2835934702318557,0.24356603869833202,200,False,0.566226105205347,0.7099423452809823,0.44876576600448603
456,0.43822095105628406,0.8149430640426977,0.059360947064067054,0.3705593450423146,0.054701464235371484,200,False,0.6675905585691292,0.7602415998073262,0.526188908199557
457,0.24968675507043261,0.8097980149633855,0.17140650570403496,0.33400405855451026,0.3754261551559855,200,False,0.5143186760714998,0.6383915092593506,0.29558071050017815
458,0.31365070385113114,0.8441142592918011,0.1566190722364009,0.3488844007969251,0.20698911644413456,200,False,0.5720059359511618,0.6874951870554001,0.3600952466439915
459,0.0,0.9167419371357546,0.06867427954821305,0.37272711998021035,0.12626384302869936,418,False,0.819942593092463,0.9167419371357546,0.3037530630716959
460,0.1577290708742915,0.854249828568843,0.22521840821998268,0.40328606991632976,0.17892955318094744,310,False,0.6104650711310649,0.6965207576945516,0.3508328460723214
461,0.3402114512056379,0.7341874918170529,0.37292895540836074,0.33394857420056484,0.30761540815664223,200,False,0.36281993159696563,0.42657208366041066,0.4893706887468033
462,0.23742174601953228,0.8267836502060224,0.0739438804920421,0.4682937133371669,0.1878643416290292,200,False,0.6285878884702688,0.7528397697139803,0.3899900182869454
463,0.285618618270684,0.763899650542408,0.1324537326226668,0.5364992644232985,0.1717669257625422,200,False,0.5561650509939758,0.6314459179197413,0.49262025394848846
464,0.30724079914512364,0.872950346892545,0.10125379106448287,0.31137866480851195,0.19066142792392313,300,False,0.6362409092275105,0.7716965558280622,0.32861328773068965
465,0.2317572940187144,0.8263590464081786,0.12186463563032718,0.44258052196989556,0.22954471295159748,200,False,0.5860254638501743,0.7044944107778515,0.35806018053270294
466,0.31891155534431964,0.8543320666984221,0.21229991318649538,0.3333202655723561,0.11062769589234996,200,False,0.603036532602963,0.7437043708060721,0.41966412977790335
467,0.11811376627657477,0.7828010844615251,0.18305634852890187,0.5546438201048526,0.17925458561661442,200,False,0.6115946334019269,0.6646873181849503,0.45972636645331316
468,0.09663092715958597,0.8776489464069129,0.08155219721715716,0.2670910102031232,0.3773677545642228,256,True,0.6922525869039546,0.7960967491897558,0.11573136202673119
469,0.398216851661836,0.7995755262088452,0.0077511920598964165,0.3690191425459622,0.25664588131641103,200,False,0.6017617812048761,0.7918243341489488,0.42009163876896716
470,0.14531819703181448,0.8649819832713337,0.1123001064339781,0.2427001400789945,0.3989663122720598,200,True,0.6496090026952962,0.7526818768373555,0.14391260405700576
471,0.24409060332946833,0.7598365124604477,0.13179665765097467,0.43523791887259583,0.3953047516861941,300,False,0.4912411095744862,0.628039854809473,0.3681018810682519
472,0.20593995861413306,0.7925790738324374,0.15804769227903315,0.4729084284816549,0.2842282364671187,200,False,0.5369652249136151,0.6345313815534043,0.3754896281893547
473,0.16725934592712063,0.8236652437282511,0.05817884684315862,0.4930812928404396,0.2169929443666621,200,False,0.6531030966376632,0.7654863968850925,0.37342753631379105
474,0.07413128029559855,0.8530333946004008,0.06175461210172246,0.40923647447308825,0.3091123692498501,270,False,0.6877302971047902,0.7912787824986783,0.2484206225734834
475,0.15602718849754305,0.7073650925100896,0.23910734894979335,0.0,0.6466203043718518,360,False,0.6599542184242075,0.7073650925100896,0.4550072650693629
476,0.21874217585417619,0.7780748309282719,0.14010675047122334,0.5316293064321764,0.2109307872107801,200,False,0.5647464375388521,0.6379680804570486,0.44557662441604157
477,0.33716450825322314,0.8250382495843873,0.250874705069347,0.2717121439988378,0.2624240352121263,310,False,0.5082904404016977,0.5741635445150404,0.3735269866500294
478,0.028400336171527134,0.8498773564441707,0.059950135905774034,0.2722902735207014,0.44628005563739126,313,True,0.7198018322933274,0.8214770202726436,0.16021049957028607
479,0.3878022865098487,0.7758220836556035,0.21666297557719422,0.404637517303318,0.1924450978711956,200,False,0.48102654842456566,0.5833769857844079,0.4796451672763695
480,0.2180163575362985,0.7734050544973264,0.0,0.478042062311449,0.35466783923215967,200,False,0.6069986434763492,0.7734050544973264,0.3767291480930161
481,0.14048328475295296,0.9292301426258276,0.14457423151557458,0.1744197423987389,0.2558746446677422,300,True,0.7273521157337446,0.7887468578728747,0.14960347032922344
482,0.2842823862825602,0.6877868753824489,0.002915551122727355,0.4906826215960197,0.45316090224825123,301,False,0.5326797920469601,0.6848713242597215,0.46705763589419413
483,0.04255158598273915,0.9283779170202437,0.2311099318778613,0.2716460842612547,0.09539606916663101,310,False,0.772379934047575,0.8858263310375046,0.32211002581159326
484,0.27543048773486356,0.8217939457442341,0.1046407132184466,0.37032136778821984,0.31734076772588626,301,False,0.5567364014088969,0.7171532325257876,0.3120125041648546
485,0.21669534849606165,0.8897185255868706,0.24862246498251422,0.2718928895330123,0.1603284057648659,355,False,0.6335835970913839,0.7293901198220047,0.3261768313206199
486,0.28121980712471173,0.9170397697813283,0.10209616047323301,0.15388514858637647,0.21412429983848427,310,False,0.712578987410628,0.8149436093080953,0.2613522614500716
487,0.3002193423897526,0.7744962581118667,0.28579517674975885,0.4384615243025501,0.18999079261543042,200,False,0.4701247990476563,0.5845054654964363,0.4748366875628022
488,0.15793661351010424,0.9202322081579436,0.06481127578908014,0.1857539038719567,0.29920510508451353,313,True,0.737514066260144,0.8554209323688635,0.10863366206412424
489,0.23069260086761423,0.7905439634403308,0.0,0.5130974719116486,0.24197551547804091,300,False,0.641264717046529,0.7905439634403308,0.41811305468285287
490,0.40069159747415056,0.7713342354235759,0.01604711386795869,0.46661101815181233,0.16280782798434093,200,False,0.6118708368678866,0.7552871215556173,0.5082895906077061
491,0.1520730296134032,0.9024496336933933,0.15148829914898923,0.3641273494450293,0.08319267346314399,200,False,0.7219527761341397,0.8192569602302493,0.3512469516399065
492,0.34491377296463854,0.7205786303005064,0.17340150808172775,0.3579353959767244,0.4512372946416463,270,False,0.4100652901959449,0.5471771222187787,0.42256175692504094
493,0.34916566228028234,0.7357107703804888,0.17339817354929457,0.4450112705233554,0.32971358047171356,200,False,0.42618072010317126,0.5623125968311943,0.4519982642911425
494,0.21400884736613157,0.605948341981847,0.2407895263386417,0.23922060791957975,0.6868920765671049,360,False,0.47212172984434103,0.47288322920097337,0.5247928153454319
495,0.07643131385948776,0.8649717904323193,0.1739614129386357,0.2459355814783375,0.3939989499850546,256,True,0.6557536141813848,0.7885404765728316,0.15674181110479585
496,0.2069073310085069,0.731154354395284,0.26419813539409787,0.0,0.5939713896123564,228,False,0.6272176369382366,0.731154354395284,0.43674497782288063
497,0.19637574425494186,0.8814234913404674,0.1697729864399243,0.32582138719454234,0.22259099870253524,256,False,0.6273934427836557,0.711650504900543,0.26685329697427035
498,0.17674009981449085,0.9232189685609513,0.09111656678055943,0.2369371694916183,0.22800925897480817,355,False,0.7202838589058538,0.8321024017803919,0.18074071481070494
499,0.33654267599319326,0.829976305170798,0.1348605149552445,0.145989292863783,0.3979674961168434,389,False,0.5911692228693155,0.6951157902155535,0.3052156739608742
