ID,strat_res0,strat_res1,strat_res2,strat_res3,strat_res4,strat_res5,strat_res6,strat_res7,strat_res8,strat_res9,ancestor,alive_at_end
0,0.0011691279090011858,0.01363053032520443,0.01175896652820059,0.01349106884786675,0.016239047499927734,0.015425055327877886,0.011639703372069592,0.0027039288745448757,0.018704729775776856,0.00580424864052146,0,False
1,0.007667222201458837,0.0,0.0,0.0,0.041910225758870136,0.0014020897205099395,0.007731372240863093,0.03819691690657874,0.024319699567631425,0.05334098820979529,0,False
2,0.01954431278366391,0.017176975552759315,0.0,0.0,0.0,0.004514412256490923,0.04337620799201083,0.0,0.03656013089024343,0.06889160028774957,0,False
3,0.024683342021318794,0.0,0.0,0.0223185624987655,0.0,0.014413921188317575,0.008691407439269013,0.023182068674446894,0.010473221824782768,0.05090241109642286,2,False
4,0.06494628909197593,0.0,0.0,0.0,0.0,0.007118533272043914,0.09261631337574612,0.06620107382596811,0.0,0.009832309604644027,0,False
5,0.05646389728046602,0.0,0.0,0.03569423243121131,0.0,0.01488287117517655,0.0067049089656825095,0.1365824381056147,0.0,0.0,3,False
6,0.03768392075069829,0.0,0.0,0.0,0.0,0.07250819270366436,0.0014416914747062345,0.04449959505826754,0.0,0.08276219605044761,0,False
7,0.0,0.04422572646873674,8.150710224590843e-05,0.0,0.0,0.14610315703537605,0.00021571149500432144,0.0,0.0,0.1472649751227964,4,False
8,0.0,0.0176245244034076,0.0,0.034837305442617955,0.0,0.051225227958750265,0.023434102772018874,0.09071128659257394,0.0,0.0,5,False
9,0.0074087132228391845,0.03523845048994518,0.03384191690771617,0.025794243946724246,0.0,0.013964161251948708,0.0,0.0694161247801625,0.0,0.0,6,False
10,0.01839092665232454,0.018624780112855215,0.004522904610556164,0.009912838897297894,0.0182983790631607,0.0048508166049778655,0.015555172247036187,0.001357562584998246,0.008563417938897021,0.01041928414820917,8,False
11,0.0,0.04532155548331047,0.0,0.0,0.0,0.0,0.05015190719719775,0.029652069269058005,0.06961140947877245,0.01616144756702408,2,False
12,0.03384248688733954,0.0,0.006638029827778202,0.0,0.016702994528381823,0.03154232152431707,0.007574124604760778,0.04128871265692102,0.0,0.018904953111315334,6,False
13,0.0,0.009464667844426388,0.0,0.0751871590119987,0.0,0.00765819449780683,0.0,0.09006596684794499,0.05802783326829201,0.0,8,False
14,0.0017243298783704358,0.0,0.0,0.01909106484498057,0.0,0.0,0.030771196811198335,0.08702176122194652,0.029716759083919592,0.031508846981893,8,False
15,0.0026873859274860134,0.026864556579612293,0.0,0.04185495359051749,0.0,0.00527142441318575,0.018193914775042334,0.000961110036986637,0.03063986260385895,0.027601644459289715,12,False
16,0.0,0.004141243197905035,0.017751851216492788,0.07858035222278612,0.0,0.0,0.0,0.09951652616925714,0.004048565403999828,0.02044866361081806,13,False
17,0.0,0.0,0.0,0.02962396965876245,0.04223503472370785,0.0060860179312552075,0.0,0.08197013611939628,0.052977829935642595,0.0007776215999417162,16,False
18,0.0380202318696645,0.0,0.018593300746652806,0.0,0.048529458002338315,0.0,0.0,0.018720410541166813,0.02197595625057772,0.026665419860533154,10,False
19,0.018380376759396022,0.0,0.06088355911803029,0.0,0.0,0.0,0.011676515387021727,0.03674495388935521,0.04114575812532074,0.013245243125257102,18,False
20,0.03805777757242711,0.0,0.0,0.013884427226682258,0.014240075749365253,0.032643530883541376,0.05288489092216103,0.0,0.024683434262563687,0.0,19,False
21,0.042740172182631674,0.0,0.00868254070865424,0.009259036041235342,0.0,0.04511363624646992,0.021873021029805297,0.017021473682432814,0.012791070850355387,0.0,7,False
22,0.0771002414419322,0.0,0.013135176580486628,0.0,0.01572402528723953,0.011669931087993166,0.019164048909435554,0.023469752960252867,0.0,0.006833714172966467,20,False
23,0.008673143854285918,0.09434490399487733,0.0,0.0,0.027636275644007925,0.0,0.0,0.025494995855167145,0.0,0.07496697990044833,18,False
24,0.13737059232366294,0.046292984124908856,0.0,0.0,0.0,0.0,0.0,0.049756158558289035,0.03653667104054125,0.0,19,False
25,0.08541521491147647,0.0,0.0,0.06934493319124484,0.0,0.01892325759916743,0.09415391036978232,0.0,0.0,0.0,15,False
26,0.0,0.006759987405864732,0.0019303244271546048,2.1300774290100866e-05,0.01211051991468881,0.011242491575799091,0.014237262020389552,0.022867343085101244,0.0574749676193749,0.020412639208934793,20,False
27,0.0,0.008549527916454296,0.02302687437290722,0.033686089014209566,0.004538506395133447,0.0195008732137328,0.025517150285947515,0.016418588581662043,0.00598498162445914,0.0,20,False
28,0.008801536933563989,0.038608373823620326,0.01112900023015002,0.0,0.03385784963368645,0.023448796830094373,0.006182103510109283,0.014418324041673576,0.0,0.004673304833284783,18,False
29,0.04622766109634199,0.0,0.0,0.05512529594332756,0.17658756141768842,0.0,0.0,0.016895532335473792,0.0,0.0,20,False
30,0.0,0.017691715074587867,0.030253792488475862,0.0063916158908837286,0.020476368433941527,0.017939978219556448,0.03836094303537998,0.019659033010932376,0.0,0.0,28,False
31,0.09885983542947661,0.0,0.0,0.09890393695539658,0.05548630360226247,0.0,0.018369705961276746,0.0,0.0,0.0,16,False
32,0.0042126481366887795,0.009748984681803146,0.00860915985614835,0.0,0.019218326732826495,0.027029685728961812,0.01610315080934324,0.013492700981020742,0.0,0.038997974669766,7,False
33,0.48117982707182944,0.0,0.0,0.09383729248013106,0.0,0.0,0.0,0.0,0.0,0.0,27,True
34,0.09520570157548745,0.0,0.0,0.03650797072345848,0.0,0.0,0.0,0.051082998042564415,0.0,0.07527325346904007,24,False
35,0.0,0.05641306158612682,0.01739000459686571,0.06603294772187882,0.0,0.0,0.02490448211437667,0.0,0.046584395732204235,0.0,16,False
36,0.09353171083238399,0.09287603005095638,0.0,0.022195928880623744,0.0,0.0,0.0,0.0,0.0,0.05780744258566626,23,False
37,0.00525100856877655,0.07784486663855279,0.0,0.0,0.10819589309040284,0.05308968414779235,0.0,0.0,0.007954106612227254,0.0,18,False
38,0.07467039453111031,0.0,0.0,0.020828565663572194,0.04732222952441388,0.006141766075038163,0.0,0.0,0.08209024683013104,0.0,31,False
39,0.0,0.03468667696115375,0.0,0.0,0.04261055317050839,0.0,0.051742454483980016,0.0,0.048810752473201664,0.025259359019736062,23,False
40,0.04073937827783977,0.02367425611328691,0.010444558886097648,0.0,0.03992455963932602,0.0,0.0,0.01639470220760355,0.00934710863842473,0.013821160188933888,29,False
41,0.0,0.023263094012944626,0.002352225612362941,0.0,0.046167746003452165,0.0023282070040040724,0.033505822977284744,0.0084051512481662,0.01053027277757585,0.025127581704984463,17,False
42,0.02070213799769217,0.0039995401525859935,0.02850612653944053,0.006319961608786581,0.0,0.0676204449460315,0.00987641233850737,0.0,0.0,0.03426959630925426,41,False
43,0.06371489298268677,0.0,0.018490204044815953,0.0,0.0,0.005317926975899939,0.038367461353356606,0.01788571043804505,0.04370838105006673,0.0,24,False
44,0.0,0.0,0.012159619387149191,0.0,0.2000162192683969,0.02690119209774558,0.0,0.03762632763576024,0.007141383786450714,0.0,29,False
45,0.05543305637926733,0.003822603796339486,0.027850523864771812,0.04917927151837632,0.0,0.0,0.0,0.048527675440163356,0.008796900178793345,0.0,40,False
46,0.08343146600466525,0.008600882148464552,0.0,0.0,0.0,0.16692980633269752,0.0,0.04403432020620963,0.0,0.0,30,False
47,0.10520368951979454,0.03238925726124423,0.004721657010143678,0.0311862822109211,0.026826577468148087,0.0,0.007496054006045076,0.0,0.0,0.0,33,False
48,0.174034011969336,0.020683471048663447,0.0,0.027919839270834138,0.0,0.04008456159989198,0.005141616891202322,0.0,0.0,0.0,33,False
49,0.05304457001954873,0.05640494874001898,0.0,0.0,0.03954881287423373,0.053914453438589444,0.004139219404322139,0.0006859798235830287,0.0,0.00011229630136817814,37,False
50,0.0,0.0,0.13005715049642716,0.0,0.046984322614029614,0.0,0.0,0.0,0.17859663757464336,0.0,32,False
51,0.02326190535716586,0.0,0.0,0.0,0.0,0.0444981569359282,0.02186051293545894,0.0,0.08979969364725471,0.03572728075860553,49,False
52,0.05970287778323369,0.0359753845519758,0.0,0.010891681292979148,0.00547938921641411,0.0,0.0,0.03728550738457164,0.0,0.03783251606751638,31,False
53,0.05537989466705286,0.0012320793801221842,0.014697417850588658,0.002444468250274547,0.016470896814125682,0.0,0.010662246435516737,0.027493387274631746,0.00973084559436051,0.003949080900024655,33,False
54,0.16200672152327683,0.0,0.018013310419434575,0.0026547311008152724,0.0,0.002989139290506891,0.0,0.0,0.05051177066192931,0.01751398069159092,33,False
55,0.31522107009309064,0.0,0.0,0.028937685847455902,0.0,0.004040568144081968,0.0,0.0,0.041975082392943494,0.0,33,False
56,0.08987362970355889,0.01807226525691288,0.0,0.025743539497489015,0.002896527988310153,0.017754887116483525,0.0,0.020600826698713187,0.0,0.005585003873085278,33,False
57,0.23357060267688368,0.006473324417105702,0.036200246480895065,0.0,0.0,0.0,0.0,0.008209807603589202,0.0,0.02414294099140764,33,False
58,0.04243245303714223,0.0,0.03905452075081067,0.023667801939702252,0.0,0.0121411195452822,0.009153773407463461,0.022524425429836174,0.0005452908324222788,0.00400031551734578,33,False
59,0.09796132315147962,0.0,0.009559742940568319,0.029789359893324135,0.005885473561511956,0.004374426695919896,0.0,0.0,0.02245600280979902,0.015359344287363682,33,False
60,0.22871733673729072,0.04021286879578847,0.0,0.003361595958855113,0.0,0.0,0.0,0.0,0.0,0.06929806088159451,33,False
61,0.055310865917440825,0.0,0.0,0.09686313165302834,0.0,0.06657723464982211,0.0,0.03824500690881973,0.0,0.0,53,False
62,0.07979053471636999,0.0,0.0068984083939852125,0.020151311363051226,0.00324441042081345,0.010938050800884594,0.0,0.0,0.029775939775688917,0.025094969520592068,33,False
63,0.07351760336986624,0.019018910515651816,0.019808205029185098,0.0046466967604648956,0.0,0.0,0.009340970908921272,0.0,0.027515020794956723,0.014284099639609806,33,False
64,0.10128088639710928,0.0,0.0,0.019338639356557986,0.042154302977441695,0.015847280050787775,0.0,0.0,0.0,0.04472754262787878,33,False
65,0.23092201094357329,0.00642990811543753,0.0,0.007476694267628137,0.039976760681404266,0.0,0.02336619952124467,0.0,0.0,0.0,33,False
66,0.11984325123916348,0.01476983135639221,0.0,0.0,0.0,0.036712002185267725,0.01919134527720953,0.0,0.0013891716019376864,0.02718435186051931,33,False
67,0.1310025451607735,0.0,0.0,0.07244945535330935,0.0,0.0,0.0,0.0,0.028083755588288274,0.04052604284080912,33,False
68,0.11780478776846069,0.02023876997272723,0.02088001191877208,0.02984613262900123,0.0,0.017016371539776736,0.001641122451383204,0.0006913142058719837,0.0,0.0,33,False
69,0.08833772448774714,0.008313530201161885,0.02644432417745954,0.0530557018313531,0.0,0.00526934369799732,0.009386269407124673,0.0,0.0024183242111669905,0.0,33,False
70,0.18332867516389673,0.0,0.0,0.032448006591783526,5.075512155921813e-05,0.0,0.0,0.04011101790828246,0.0,0.03396505346802346,33,False
71,0.12169369420520976,0.0,0.0,0.030634494356875843,0.031150095435947482,0.009234204343428545,0.006154625886499167,0.0,0.015646646218809984,0.0,33,False
72,0.09756613408916293,0.02547336004676735,0.028551684111394512,0.0406206966004969,0.0,0.0,0.0,0.0,0.024813260908217942,0.0,33,False
73,0.18596585684428768,0.0,0.0216153417502902,0.06721645225407473,0.0,0.0,0.0,0.0,0.0,0.026399582905476154,33,False
74,0.05608719678672906,0.0,0.008388125520690855,0.023787412757066195,0.01357419857586512,0.03156975824632841,0.0,0.0049085916006522175,0.014828160149745402,0.0009818699345552412,33,False
75,0.2292654344356815,0.0,0.0,0.07613169241237812,0.0,0.005627100268863374,0.0,0.02898491820400625,0.0,0.0,33,False
76,0.07438512790568526,0.023342777516736753,0.002753892521380311,0.03279626102132677,0.0,0.011218292681008615,0.0,0.0,0.004460769739321477,0.028291185107907037,33,False
77,0.0857683820081424,0.01690342154327591,0.0,0.018536902779178455,0.0,0.05993132676881144,0.0,0.0,0.03848086268385244,0.0,75,False
78,0.1537973062985144,0.010321310296163814,0.016623800254297088,0.009352954820974868,0.00406166605389019,0.005114430749523167,0.0024680730548475123,0.00915198472270487,0.0,0.0,33,False
79,0.19211816013563815,0.05486379837135451,0.005750880103479256,0.0,0.007631278750633084,0.026983046187748234,0.0,0.0,0.0,0.0,33,False
80,0.08248229111928324,0.0,4.2074317720170774e-05,0.021844824091344334,0.025715790881506728,0.0,0.03276136166821079,0.012456217965444516,0.0,0.011140045337935727,33,False
81,0.17956309710569054,0.012402684553190737,0.010038682770468937,0.03971143667787825,0.0,0.0,0.0,0.0,0.02736155499732377,0.0,33,False
82,0.11267001027724358,0.0,0.029728002437787077,0.05972817045832009,0.00915387860957731,0.00034316146053222664,0.0,0.0,0.0,0.01777538570406279,33,False
83,0.10251962249868334,0.04542976056457761,0.0009591343801136441,0.01695572262790283,0.0,0.015869781410432396,0.0,0.00029618132515070195,0.0,0.02634170727504563,33,False
84,0.17483512294736675,0.0,0.0,0.044787843046055015,0.055331501804545075,0.004470770288930513,0.004643796179990321,0.0,0.0,0.0,33,False
85,0.07800669276064447,0.0,0.007574056007316694,0.04495643077974883,0.007996070123410907,0.015729969388738427,0.0,0.0,0.0,0.04276827760698033,33,False
86,0.15784612863056954,0.0,0.022959590226830414,0.0,0.008822113613689859,0.0,0.03141472179656797,0.032403292137758236,0.0,0.0,33,False
87,0.12605666459386955,0.0,0.015617458059393857,0.04036789930398118,0.0,0.0,0.0,0.010298586524106134,0.010833255087724222,0.012882944013802395,33,False
88,0.06835836511338604,0.016342912216052195,0.06102627821195569,0.0,0.012227653544681449,0.004291581412359131,0.0,0.0,0.0,0.03518716261932358,53,False
89,0.07232376175133892,0.011224093105114004,0.0,0.05085046264943494,0.009797611508348956,0.009949682978601753,0.012984248004674667,0.0075595209986972275,0.0,0.0,33,False
90,0.05938985511535814,0.013703537348669173,0.014978297376303304,0.0027916320677453537,0.024791282227180588,0.021761695247360213,0.007827249457863653,0.0,0.0049805656967604256,0.0,46,False
91,0.0,0.0,0.07467650601111545,0.0,0.0,0.0,0.0,0.05191701947254203,0.1918753026631269,0.00370164897718109,50,False
92,0.0,0.016709230350915552,0.008380888199448648,0.02064451726624203,0.0,0.062081599410415286,0.03750454334035413,0.0008151737716890472,5.2814325410758506e-05,0.024606733032057862,7,False
93,0.0,0.00558670620172532,0.02850372219371579,0.0,0.0,0.04352225610245642,0.06481180416326313,0.0,0.0018684273728541607,0.06249922729988749,7,False
94,0.0355780653677937,0.02325285207028596,0.04306486265749675,0.0,0.015264319709940055,0.0,0.019797137245224947,0.0,0.03501305092453287,0.0,50,False
95,0.029064025612081306,0.01957752820206746,0.016760217933214985,0.0,0.028516629092375727,0.03151340332162909,0.0,0.002022251781066382,0.0,0.028486349615812756,7,False
96,0.0,0.0,0.06818052126993514,0.04330219360873182,0.0,0.01407740255610495,0.0,0.006873120637992236,0.10840009165439728,0.0,50,False
97,0.010560237881314457,0.0,0.02791507191906968,0.0428046416701189,0.015450585339519882,0.02313710811036698,0.0,0.004232870529271621,0.03304991173348695,0.0,50,False
98,0.024953205369490743,0.0,0.03484257973781548,0.07328233475029895,0.0,0.0,0.0,0.0,0.14796746277410952,0.0,50,False
99,0.018918512433307777,0.023614940424896178,0.0019055450916782518,0.0,0.014071176087137002,0.07051467149528624,0.0,0.0,0.0,0.078940407950438,7,False
100,0.0,0.0,0.10997351036221567,0.0,0.0,0.014284815117670034,0.09073976715052452,0.0,0.061319594982667563,0.0,50,False
101,0.022457707002878694,0.011106101318052591,0.03645865009252228,0.0,0.03182590176588714,0.0,0.0,0.053900172485486814,0.02052108062577826,0.0,50,False
102,0.04776335177053547,0.01652181286534344,0.031032049442986417,0.0032338983465224273,0.0,0.0,0.011873090533291145,0.0011405179142666565,0.07681362579197633,0.0,50,False
103,0.0,0.02304388813212407,0.0,0.09763123410099342,0.0,0.005177948480762223,0.0,0.005314950164175228,0.020330216375147196,0.06164899543772358,7,False
104,0.034446534307615684,0.0,0.0,0.008260503609097953,0.06624407638134679,0.0,0.0,0.21728245864256537,0.0,0.0,37,False
105,0.0,0.022751196522388377,0.0,0.0324628615511118,0.0,0.0969440731044352,0.0,0.0,0.01190365991925072,0.061766238644120855,7,False
106,0.01247939629153154,0.012377475293345099,0.005888685908029229,0.016153196046470083,0.0,0.024860120714261164,0.027352330508647466,0.011305984019420633,0.01602434618146852,0.0002968194414968992,7,False
107,0.03076229055854715,0.0,0.0,0.0,0.10549786719383829,0.0,0.030344079963948587,0.025934349496082136,0.01077688485503907,0.0036911793420225784,44,False
108,0.0,0.0,0.020912452207507943,0.0,0.07155934435089631,0.06723706978583119,0.0,0.003351976976561879,0.0029256199369760453,0.04691402398694386,7,False
109,0.0,0.029302592855748304,0.017490811812592703,2.2164632463810968e-05,0.0389171744766007,0.07509186673399727,0.0,0.0,0.0,0.04864491252843828,7,False
110,0.015696407353523442,0.0,0.007869312692285425,0.03258996765819605,0.0,0.03331237881362841,0.022586399320665373,0.0,0.004173921783049339,0.04329238612283725,7,False
111,0.025726859434787655,0.02316619967830247,0.0,0.0,0.03603963568531603,0.025947695659597567,0.00733221124881488,0.0,0.0,0.06292436336962189,7,False
112,0.0197663271592187,0.026030928048099422,0.021624438513001477,0.03395880408013764,0.02185769056452135,0.007462152108988398,0.0,0.0,0.017558193514701982,0.0,50,False
113,0.0,0.04709504618695995,0.03412346698376605,0.0,0.06612972201875011,0.0,0.04961734062739692,0.014007713291228262,0.0,0.0,7,False
114,0.05840203893439047,0.0,0.0,0.0,0.0,0.0560041655070595,0.0,0.0441018014616741,0.0,0.09714353749801219,7,False
115,0.023831160300909714,0.00801723400821102,0.04801348875506352,0.004938243508647986,0.0,0.03622088570171761,0.007529946055381891,0.0,0.0,0.0359489144936281,7,False
116,0.0,0.009981173640878593,0.00902522909306276,0.02127424789202802,0.0,0.0493731634719888,0.0,0.011587078548378111,0.010648401131922171,0.051166854310560644,7,False
117,0.007715110991339614,0.012882155198078189,0.0,0.0,0.0,0.04269743699876453,0.0046416996804655225,0.0201658786625751,0.02476507061551845,0.05041160084203783,7,False
118,0.0,0.017731005423891465,0.0,0.0,0.048094441176305396,0.03371615885987995,0.04674678305854061,0.0,0.0,0.06135929407363548,25,False
119,0.0,0.0,0.0,0.016982302309460018,0.0,0.06377055331904012,0.01913124723612624,0.01601742969075878,0.012346047692379422,0.058161526055458636,7,False
120,0.045975490257735736,0.02590067757892513,0.06485841537900858,0.0,0.015859372127387323,0.010675861228800218,0.0,0.0,0.0,0.019800135262130657,7,False
121,0.0,0.0,0.0,0.0,0.0,0.02776858634544903,0.028103145477909465,0.0,0.07451747345463304,0.15424635205632897,7,False
122,0.030821781725895756,0.0,0.006995017721301186,0.0,0.047186295249396645,0.018532598632709667,0.011756536491878296,0.016514424408184434,0.022652617791225925,0.0,29,False
123,0.024165988994905945,0.035791978818047555,4.508170557563633e-05,0.0,0.08084914299179535,0.023855012143299593,0.0,0.01271898151859958,0.009423538447725846,0.0,44,False
124,0.0,0.09256266289331486,0.0,0.0,0.4840804104214292,0.0,0.0,0.0,0.0,0.0,44,True
125,0.0,0.0,0.023235134384757935,0.0,0.07270730232343896,0.05857998843317415,0.0,0.0,0.11282430846444395,0.0,29,False
126,0.015314063868853513,0.024935054371892654,0.0,0.02519580133660482,0.0,0.017489583058210294,0.009339913089370256,0.0,0.05126278658172653,0.01087963459716074,7,False
127,0.0,0.02433220531923183,0.03495621405518219,0.0,0.0,0.26142051727498217,0.0,0.021244044081749357,0.0,0.0,46,False
128,0.0,0.0,0.0,0.018307710371429434,0.06635058414680317,0.0695514179132493,0.0,0.0,0.0,0.11791113789854403,7,False
129,0.0118372601551569,0.0,0.04930100839898841,0.0,0.0,0.05629621361834054,0.0,0.0,0.05660425291133131,0.03762739006022623,7,False
130,0.0,0.0,0.036368140330500544,0.0,0.01164848303772152,0.05916408792018317,0.000877625762734838,0.0351790870113146,0.0019489263642065834,0.038729673009158916,7,False
131,0.174704077817451,0.0,0.007253010872608533,0.05305335171764299,0.0,0.0,0.01823538718331512,0.0,0.0,0.017288994996887592,33,False
132,0.016793383337882686,0.049990355727223657,0.03632237799810765,0.0,0.06375471542134023,0.0,0.0,0.0,0.04151170449483928,0.0,50,False
133,0.03961240126921213,0.0,0.03829818550820527,0.020449884148803086,0.017185241389656304,0.010455335079428304,0.0,0.00013428169135182725,0.0,0.04723546713422738,37,False
134,0.0,0.05213198300235922,0.0,0.0,0.13208191943031408,0.039819953823643374,0.0,0.0,0.0,0.043553839552847654,44,False
135,0.0,0.0,0.0,0.006568214670953239,0.1074662571169169,0.025488313355934173,0.0,0.03730642229368847,0.0,0.05680391047349203,44,False
136,0.019146357496899528,0.017573607376186337,0.016408661938989818,0.026735766174719258,0.061568560567881174,0.0,0.0,0.0,0.02834381721212918,0.00043977242736515374,44,False
137,0.0,0.0,0.0,0.014607697538337886,0.0017418353783843175,0.0,0.08548460417778528,0.06221247986655681,0.010949153397727967,0.03646663377211265,104,False
138,0.029225856531436133,0.0019422742203482953,0.028170891822991283,0.0011441088968420859,0.010251681020021918,0.00588846553038596,0.0,0.036807187345363056,0.014298117671104987,0.008815866743978221,104,False
139,0.010949524425984307,0.0,0.0,0.03630296073132823,0.02726750036465498,0.03040695696554226,0.006928883853046226,0.03701493208557032,0.008044197814559199,0.0,44,False
140,0.03674215584112694,0.024824165540349035,0.0,0.0,0.0,0.040939465862348076,0.00013116106292335742,0.05606201538761008,0.0,0.04007960893796552,104,False
141,0.008438877480371896,0.0,0.0,0.016900005424880182,0.06562593778320919,0.0,0.00734201675876851,0.051526520996733695,0.019798254272264205,0.004702481021624352,104,False
142,0.013572677197343105,0.011730995191146152,0.000593585181112904,0.019512571530797298,0.009634530830976136,0.014010397696395983,0.00522333182939774,0.017283134956420313,0.012247080204751412,0.006433929620574837,104,False
143,0.0,0.014040397988493217,0.0,0.0,0.0,0.0,0.0,0.1925864335141419,0.19594885494745667,0.0,104,True
144,0.06267582450238181,0.0,0.0,0.009292848834878194,0.0,0.0,0.03305952736040359,0.1349887313330443,0.0,0.010819797803983157,104,False
145,0.019779787153774767,0.009201324455662881,0.0,0.0,0.0,0.03848441681283056,0.0,0.09432947837009602,0.0,0.06766779118932231,104,False
146,0.017372376707269873,0.008359875542294233,0.01859763936235974,0.01903370117188889,0.012948514535127848,0.002111265217307024,0.006743928304675405,0.019738757691821096,0.0,0.01441712451986062,104,False
147,0.017246051429065955,0.0,0.0025523144267020634,0.0,0.0,0.028222168219674514,0.02484406563511632,0.007365627050279401,0.0320920236509468,0.05179042192013163,25,False
148,0.0817057570248233,0.0,0.0,0.0,0.0,0.0,0.0,0.16959726498509253,0.0,0.09140701212225882,104,False
149,0.0,0.0,0.0050442471131811615,0.0,0.05504526092112198,0.05056563458053239,0.03635541622901264,0.021676861612199182,0.017315988540325348,0.0,44,False
150,0.0,0.022971185594449096,0.0,8.472277801364905e-05,0.04441504375333066,0.0,0.03442718807884226,0.05338934204904594,0.0,0.044891975136434586,104,False
151,0.030202422133537996,0.002765144672229587,0.0034831688624961652,0.0041098299686721925,0.02003298950270306,0.0,0.0,0.06129758852624808,0.026753192249787505,0.0095677958635241,104,False
152,0.0,0.0,0.06439575271658125,0.0341848220469207,0.0,0.012652057193934394,0.0,0.10907370682727563,0.0,0.014066194246806664,104,False
153,0.0,0.0,0.027792634410784802,0.0246341582792489,0.013715344198935385,0.0,0.0,0.07606987490783658,0.0,0.0803245371224492,104,False
154,0.018659700084995633,0.0,0.0003353272438178267,0.012054417182676256,0.008731629536788611,0.004700807931774664,0.01619832653938145,0.07124531410629475,0.0,0.032076266453495914,104,False
155,0.1676353306688705,0.0,0.0,0.0013961616703788522,0.009302241480104402,0.0,0.0045718737421416465,0.000830777059144102,0.04655025164141546,0.020897529316651134,25,False
156,0.041112079253129034,0.0,0.012206502976306141,0.019938669166958356,0.03155154229014766,0.0,0.0,0.040235596007228834,0.0,0.028001270579713213,104,False
157,0.0,0.0,0.06793657185883252,0.0,0.0948167322301756,0.0,0.0,0.16811573132507796,0.0,0.0004584355857762891,104,False
158,0.0,0.0,0.03727145683812732,0.0,0.013026263159901564,0.0,0.0496059906254682,0.06490152076026812,0.0,0.04636588152634102,104,False
159,0.01595942877104556,0.020117828554005943,0.026519813442193337,0.0,0.01731299731610733,0.0,0.0,0.06326889102113388,0.034548043507779694,0.0,104,False
160,0.00664193479910602,0.0,0.0,0.0,0.022195601072754475,0.03656436073329152,0.0,0.10455250909467594,0.028850475989943707,0.007242328599026113,104,False
161,0.012240312502757304,0.0,0.018567527020743407,0.003265313833616865,0.014187948894587427,0.027021773471974514,0.016564337214915764,0.02940568271809408,0.004124105885494207,0.002309731155539377,104,False
162,0.013751561905677903,0.023425052627967895,0.023475111021298584,0.04043793930711426,0.03397858459438283,0.0,0.0,0.03649625168562762,0.0,0.0,104,False
163,0.04501697517187571,0.0,0.0,0.07246788444694573,0.009021061133510783,0.0,0.0,0.04043767162875383,0.008776790349948257,0.016608602492824268,104,False
164,0.0,0.0,0.0,0.03354094994301661,0.08060612519311866,0.06459261766956041,0.0,0.0466109322498906,0.003956348090774641,0.0,104,False
165,0.0,0.020536692053279657,0.008128650491155116,0.018833417793325615,0.0,0.009286672356522734,0.0,0.0882500164006718,0.008607441835242405,0.020473906210181133,104,False
166,0.020297973236834695,0.0,0.014993752850035867,0.0,0.010061004945986133,0.009571736140766543,0.016124172971537058,0.031205474070499797,0.011524206303120394,0.015865339676197777,104,False
167,0.04447673488395597,0.0,0.015852428988729756,0.007813827585557542,0.0,0.0,0.0,0.07315278481336895,0.026515561271986496,0.02002194521270448,16,False
168,0.0,0.0,0.0,0.09390662255154483,0.0,0.0022461886426958194,0.1548743458623798,0.0,0.0,0.06381856821068328,25,True
169,0.01724015209379559,0.029529054492576555,0.0,0.005940071259672241,0.0,0.0,0.013138690552826758,0.07707434132746274,0.0,0.051774176214565336,104,False
170,0.0,0.01814487870642455,0.0,0.05522613594177624,0.0246215954588705,0.0,0.010149542600705089,0.06587125544187976,0.013452069405619379,0.0,104,False
171,0.028901244435720407,0.0009230846051098558,0.0,0.00317045337043691,0.007466380943314898,0.010657442717331152,0.021895084515862678,0.008440130927171286,0.02411413126151705,0.0251339244057285,25,False
172,0.09920591108041416,0.0,0.0,0.011261759322192757,0.006224870044178832,0.05429750461214771,0.0,0.0,0.008437461044874844,0.030673009468752854,25,False
173,0.0,0.0,0.0,0.044206642130796406,0.05591559175389362,0.0,0.02854408224751771,0.037153930421584755,0.002418771389486155,0.020276896930368535,25,False
174,0.1923264951858746,0.0,0.0,0.0,0.0,0.0,0.3152255997676232,0.0,0.0,0.0,25,False
175,0.03363655817740726,0.0,0.0,0.041117385341917216,0.0,0.0,0.037499079118603826,0.04455172058176825,0.043724265978162924,0.0,25,False
176,0.045499729802223284,0.0,0.03190513125256029,0.01778776550616039,0.0,0.024122333113209243,0.052937471505790416,0.0032272862585715173,0.0,0.0010561311172671728,25,False
177,0.04155981482635434,0.0,0.0,0.024207404172887408,0.0,0.0,0.11097735927509661,0.028344865628301744,0.0036775129194186944,0.006149066919259912,25,False
178,0.007092677122164667,0.0,0.0,0.018684511193510348,0.03818210226969238,0.010771421123990673,0.0,0.057561408024040625,0.0575919425150635,0.0,104,False
179,0.0,0.0,0.0,0.058086688251535665,0.2313944387986748,0.009018169361853814,0.0,0.033485119802046485,0.0,0.0,29,False
180,0.01726433343634883,0.018961337548404348,0.0,0.03998573719967144,0.013592385381225376,0.006645562074170724,0.0,0.02068073435190273,0.018960716832784236,0.002634674253402916,25,False
181,0.17184131882381187,0.0,0.0,0.0,0.04979038890825626,0.0,0.0,0.0,0.044729506211500215,0.022750114236751003,25,False
182,0.03592265360335998,0.041355186670860834,0.04253223170297713,0.006473606274984656,0.01651724434752301,0.014733583102203044,0.0,0.004972218717032464,0.0,0.0,25,False
183,0.10720454708679701,0.0,0.0,0.0,0.0,0.0,0.23923711068339226,0.0,0.03365765859269943,0.0,174,False
184,0.009413072587740906,0.0,0.008091419228110278,0.059423156587281194,0.0,0.02416745104444979,0.03181996105205604,0.020082042196177267,0.008780921707574609,0.0,25,False
185,0.018406628730503485,0.0,0.016682083089420496,0.007721292137060258,0.012556972266417865,0.019681062720230055,0.006589450262829126,0.00712185160654263,0.0169749842590017,0.009820267841593039,25,False
186,0.046790632033969846,0.0,0.0,0.03127872921282063,0.009771724836433881,0.034596560192646945,0.0030116065085123486,0.023256796528710502,0.013132518799948237,0.0,25,False
187,0.02385942499802556,0.01852501880080748,0.004621445824948239,0.009091029249639247,0.01689044706802879,0.0,0.025903781870996765,0.0,0.023818006936315004,0.010172674691861713,25,False
188,0.0,0.016161377893508574,0.0060502262781511,0.11159600892853996,0.045400050941814374,0.046851783517602906,0.0009924955866110457,0.0,0.0,0.0,25,False
189,0.03515571614487566,0.0,0.0,0.0471808906803838,0.0047866813303276065,0.0,0.0330158316796496,0.0,0.02952868500846972,0.029777724659071105,25,False
190,0.02329999210170035,0.0,0.0,0.12647297161849375,0.0,0.0,0.04363470538390066,0.0,0.0,0.07999679483648363,25,False
191,0.0,0.007035709828219501,0.0,0.05041233953048057,0.0,0.0,0.12635948148165915,0.0,0.04186046396968203,0.01729878627084309,168,False
192,0.028188446779380788,0.0,0.005890100941508049,0.0,0.0,0.032277246792540494,0.05844730930036898,0.013289746014137257,0.011299144228066724,0.012625394627203647,25,False
193,0.13090678627520919,0.0,0.0,0.20712742232514758,0.0,0.0,0.03351720011028831,0.0,0.0,0.0,25,False
194,0.029661262755525827,0.015225199854690627,0.007105345681563202,0.01899377747620289,0.0,0.010527649502064085,0.02458860050927966,0.014591301597034563,0.010417807265006093,0.0,25,False
195,0.019884074846721205,0.0,0.0,0.00754447878935687,0.05949930419514617,0.0,0.020456318269780564,0.0,0.026201392291425023,0.049867944778098,25,False
196,0.05883474852834473,0.04260807788045824,0.0,0.01875731430670862,0.0,0.015416313554444588,0.034650734186239096,0.0,0.0,0.010765543106553756,25,False
197,0.016399106215225848,0.0,0.02133483380801834,0.018120453851851764,0.045841712038721026,0.021132824065151237,0.0,0.0,0.0046476160615190444,0.026769131797038884,25,False
198,0.0,0.10089046364544763,0.13403062119650622,0.0,0.0,0.0,0.0,0.0,0.100023854117715,0.0,25,False
199,0.04052330697465592,0.015725184087741085,0.008147411692640157,0.052709125525993515,0.010469674106477991,0.0,0.02689044895548611,0.0,0.007594023144618568,0.0,25,False
200,0.054603133108584376,0.0,0.0,0.11040443583638289,0.0,0.0,0.1884039490733434,0.0,0.0,0.0,25,False
201,0.0381285039846945,0.02586440502581778,0.0,0.021472595738410174,0.0,0.0,0.034031224713235685,0.04529817372898359,0.0,0.010013228592991153,25,False
202,0.03534789861469124,0.0,0.04337978820793234,6.907706997709571e-05,0.0,0.018676179833198442,0.03365239203006525,0.0,0.0,0.0757865196342502,25,False
203,0.0,0.0,0.04803466337539371,0.0,0.061385848586397194,0.014497591696103986,0.07332281230385868,0.003095438739203504,0.0,0.007438327657647748,25,False
204,0.016357732067730727,0.005563988883856496,0.0025576392595323236,0.0,0.0,0.04644447100429337,0.034955278695082415,0.06977980601935313,0.0,0.006448991700142303,104,False
205,0.00016509924090460197,0.0,0.0,0.03170491195107741,0.15423851043107584,0.17335570210009385,0.0,0.0,0.0,0.0,25,False
206,0.0,0.013666246568472502,0.0,0.004507427897937545,0.015415716425400832,0.03288946136670971,0.027491757913194297,0.03109955137376862,0.0,0.02832095149396418,25,False
207,0.04399392812051043,0.008141673048276777,0.005216353687845441,0.03829432534691838,0.0,0.029178002564949127,0.008585261564898958,0.028437902104251865,0.0,0.0,25,False
208,0.009843039631837556,0.0,0.02904542745413592,0.015363433013313142,0.038638822065916456,0.0,0.012863165042878169,0.009883878967268937,0.012750478490499845,0.0070714958124068646,25,False
209,0.12292924178783005,0.0,0.014133598705544653,0.0,0.0,0.0038464081852710857,0.11810298517291094,0.0,0.015580520284116321,0.0,174,False
210,0.0759581598011519,0.0,0.03992381370038645,0.0,0.0,0.022864754011421427,0.13940853104635506,0.0,0.0,0.0,174,False
211,0.0,0.0,0.025713943341714528,0.018811176001861732,0.0,0.0,0.0401164210949585,0.04693007141627723,0.0,0.08154802310450153,168,False
212,0.02474748095575436,0.0,0.0,0.02365304854898368,0.042424077320575966,0.00670564804186519,0.047957596197594876,0.033138522737966566,0.0,0.0,25,False
213,0.028515360639234346,0.0,0.0,0.0,0.06361948581511635,0.0,0.22261783285595413,0.0,0.0,0.011466577123584636,174,False
214,0.0,0.0,0.0,0.10740768659149312,0.0,0.0,0.09673024065876498,0.0,0.0538625398970811,0.01668514191366515,25,False
215,0.013470742651137388,0.05318249295697064,0.0,0.01514918688572026,0.011559384865074036,0.0,0.019044383230299392,0.02494430530942019,0.01607507265860437,0.0,35,False
216,0.15025158517421705,0.0,0.0,0.11187983785453681,0.0,0.0,0.0,0.0,0.0,0.07722428073822012,25,False
217,0.0,0.026460702624524112,0.0,0.03506409563212647,0.0,0.0,0.03886756870882361,0.02576597343449333,0.0,0.08550479029208675,25,False
218,0.030491952115624325,0.0,0.0,0.011841760998197929,0.0,0.0,0.08138103204104938,0.03353748237131962,0.06158073934465389,0.0,25,False
219,0.0,0.0010647333329352,0.09276609140759882,0.0,0.048086288832558374,0.0,0.02010863376030943,0.010931904610225416,0.038867318129919406,0.0,23,False
220,0.02580092140988499,0.04979068691202184,0.0,0.03469309599149943,0.0020662492615839355,0.0,0.05865271656809516,0.003317325118170221,0.0,0.007180661266933706,35,False
221,0.04367869496299781,0.0,0.015317311282737825,0.0,0.0018684636440303912,0.0,0.002916859894198428,0.01619282465686718,0.04658275937717461,0.05149598743357761,36,False
222,0.0,0.0,0.054835058705644465,0.0,0.04206866476887755,0.0691652369309769,0.0,0.0,0.0,0.08864423337035703,16,False
223,0.0,0.0,0.09305498328661085,0.0,0.03114439357746247,0.0362836588755692,0.015149676536246772,0.0,0.04198662729061238,0.0,50,False
224,0.04021435830871371,0.02050912042928146,0.08362109209824324,0.0,0.035996291320479865,0.0,0.013981765816467935,0.0,0.003494020732192758,0.0,198,False
225,0.11547126861259067,0.0,0.0,0.0,0.0,0.0,0.14612586281484102,0.07724243712023458,0.0,0.0,174,False
226,0.0,0.07617562455110918,0.0,0.03222019402586574,0.0,0.002890247845982834,0.0,0.02442587533321809,0.0,0.11185814982946457,7,False
227,0.02715129564218462,0.05513655403777739,0.03785157250592082,0.0,0.06951794430080929,0.0,0.0,0.020219245302273314,0.0,0.0,36,False
228,0.0,0.02886330589121771,0.049885353762569924,0.0,0.03739108142241599,0.0,0.0037372179217047127,0.019163240477627606,0.03683937867070757,0.0004791682025985601,35,False
229,0.032201308396568006,0.004071755536871658,0.0,0.030715173313997025,0.018076657524164555,0.04380581330614228,0.0,0.01124053640141013,0.01734904458098024,0.0,25,False
230,0.0,0.04383079454695739,0.022343805984829143,0.016866660878488142,0.015033028191931022,0.0,0.010942766244278557,0.03017600911712449,0.012179866100539402,0.0,198,False
231,0.010806778943896806,0.04144264931851235,0.0,0.0,0.10989036728039146,0.0,0.004031034407488241,0.013436345276212085,0.0,0.032966512150107694,124,False
232,0.0,0.042741651286296034,0.034210717748076276,0.02480293196360481,0.01496056454336517,0.0,0.0,0.0,0.04593380228637326,0.013035584631438174,198,False
233,0.0,0.0003733315788631156,0.0,0.0,0.031606639816525194,0.1203470479033488,0.0,0.04891652940176403,0.02102701727235411,0.008065325113668174,7,False
234,0.0,0.048825316166234395,0.09011938427857963,0.0,0.0,0.012746416735996302,0.04689159548454536,0.0,0.0,0.022317932543903952,198,False
235,0.0,0.005398379693351314,0.03344782554744556,0.05379739452064919,0.03614824738726716,0.0172005997463189,0.0,0.0,0.03625910289874532,0.0,35,False
236,0.0,0.009623656043418326,0.04374298064955613,0.0,0.0,0.010329285456871194,0.02330467606580441,0.03426013166771065,0.007579356392837226,0.02765746272570102,198,False
237,0.0,0.18516214834373723,0.019169365476936418,0.0,0.0,0.0,0.1859694958016181,0.0,0.0,0.0,198,False
238,0.0009759854482282368,0.0,0.023365269931135045,0.0,0.009874020651927563,0.0,0.0,0.0,0.14686631676163672,0.11109068235635869,198,False
239,0.0,0.013955893688157972,0.07324257291232336,0.0,0.0,0.0,0.0,0.09492633430644634,0.008588938016719094,0.04429071136736177,50,False
240,0.02996779502734586,0.013713668042074977,0.01957110961150454,0.0,0.13486463485414843,0.0410656249740542,0.0,0.0,0.0,0.0,124,False
241,0.06301941998535325,0.0,0.0,0.043118502646702056,0.0,0.11259077512594431,0.0,0.01566077901593044,0.0,0.006500363882158117,7,False
242,0.01734637255553186,0.0,0.010176136315242366,0.018970163847550143,0.0,0.039473753474864065,0.02827189947747529,0.0,0.0,0.06909684685225535,7,False
243,0.0,0.041297531203842754,0.018702359205142016,0.007875968971825773,0.0,0.045291453375343994,0.0,0.0,0.0,0.1284942503486367,7,False
244,0.1062288094201086,0.05714285916247071,0.0,0.0,0.024151670954710755,0.0,0.024909943403371573,0.0,0.014832740580583353,0.0,198,False
245,0.01843281635250877,0.010493639953957754,0.034237357004917306,0.0,0.012081888518002851,0.011116284067929617,0.0,0.015514189550358812,0.025072424542890465,0.006163895543658705,198,False
246,0.0,0.05246189557355835,0.031021327419018238,0.0,0.014549563858445125,0.0,0.03721903048803976,0.0,0.031757426455747105,0.010624580592029306,198,False
247,0.01206432855629648,0.1430120804965238,0.01197635214512841,0.0,0.0,0.0,0.011696920459285505,0.0,0.08667374977108415,0.0,198,False
248,0.014474141973140325,0.0,0.04256421595680529,0.0,0.0,0.0,0.01755641416473158,0.03719013712201908,0.12112657788426442,0.0,198,False
249,0.010678934293976221,0.0019169194491941584,0.029639725136599987,0.0,0.03685495844034926,0.04672305289499953,0.0,0.022536386786577826,0.0,0.014997349051192573,7,False
250,0.047452645590876204,0.0,0.012871071098940173,0.00590731307814425,0.02358321229347515,0.01843246931747091,0.0,0.012334968045677434,0.019666805897418246,0.002623298005176656,198,False
251,0.0,0.2339783855476875,0.0,0.07932369823134372,0.0,0.0,0.055056983467882514,0.0,0.0,0.0,198,False
252,0.0,0.00416666595010873,0.049583356913839034,0.00964586387132278,0.015800300395673168,0.0,0.0,0.02673503854466695,0.10585649055693826,0.0,50,False
253,0.0,0.09316349885272533,0.00953395978131757,0.034386862355794516,0.03391430039363225,0.0,0.051772509543667355,0.0,0.0,0.0,198,False
254,0.0,0.08203958902377796,0.0,0.0211291967550455,0.07559382938294706,0.0,0.0860086338736744,0.0,0.0,0.0,7,False
255,0.012900863874154738,0.0,0.0,0.041696857269927654,0.0,0.0,0.12902794177447538,0.03136147894529293,0.02129370465173404,0.0,23,False
256,0.016118485263484653,0.021390856099503096,0.015005563044118778,0.009744368565202204,0.00903783395723077,0.012107350951930104,0.014795759330217637,0.0,0.0,0.031982227392001066,7,False
257,0.007202701628164765,0.05957363398377674,0.07462938265174471,0.0,0.0,0.012767567798902105,0.0,0.0,0.08115473979991211,0.0,198,False
258,0.003592349625925945,0.0,0.0,0.0,0.012479511852158528,0.033055067981568306,0.017459632918661126,0.021974226916710193,0.01784034357099202,0.05410360077825629,7,False
259,0.0075809073188170106,0.04228476339952328,0.02103801134360126,0.0,0.07457940367029743,0.011397881239854293,0.009539088102955154,0.0,0.0,0.007179634993365426,124,False
260,0.0,0.0627820645616922,0.07496122504685157,0.080064079796977,0.0,0.0,0.037129459775930615,0.0,0.0,0.0,198,False
261,0.06374058134103926,0.0218540509268982,0.08044903491127707,0.0,0.030029656158939457,0.0,0.0,0.02038436132785655,0.0,0.0,198,False
262,0.21737445517964496,0.04359659002583628,0.10560400626331026,0.0,0.0,0.0,0.0,0.0,0.0,0.0,23,False
263,0.0,0.022207285433176845,0.05743456508377793,0.0,0.0,0.05805349025491771,0.0,0.03648017103770782,0.0,0.03217828376897205,7,False
264,0.018975527583514732,0.0,0.08695513954744435,0.011505157195839891,0.027757313805423362,0.0,0.003138976159187794,0.0,0.056393339002775794,0.0,198,False
265,0.01616370794297166,0.07852513732208091,0.01582467144515526,0.0,0.03925279154169988,0.0,0.0,0.0,0.07221083318795987,0.0,198,False
266,0.0,0.09302199650362053,0.0,0.0,0.0,0.0875206734868191,0.01093323191889008,0.02289183910415132,0.0,0.02053586542738739,7,False
267,0.0,0.014004011563487021,0.028987408387465927,0.0,0.005999908748693572,0.07798367561230474,0.02776873155696436,0.0,0.0,0.03536294786614106,7,False
268,0.020319729486600404,0.0,0.009505271722593394,0.0004070840035120002,0.0604710883631149,0.009357688092506953,0.0,0.00776407233515328,0.023797540752347298,0.023950370715193743,124,False
269,0.0,0.03224143514446084,0.0,0.025984040560707685,0.07190916472276061,0.0,0.0,0.013065795983164177,0.014264704781890934,0.024757714691053062,124,False
270,0.0,0.0,0.010016462651122356,0.0,0.0,0.36450710907952605,0.0,0.0,0.0,0.0877187297504095,7,True
271,0.0,0.27084961769743093,0.22998532741280225,0.0,0.0,0.0,0.0,0.0,0.0,0.0,265,True
272,0.005843064298362419,0.0,0.19741932374053356,0.0,0.0,0.0,0.0,0.0,0.0,0.2296720483496174,23,True
273,0.015270154910545121,0.019252701438949575,0.055216876434491684,0.011409422055793993,0.0,0.0,0.04551921974133097,0.0,0.03331482039504903,0.0,198,False
274,0.02825101191735219,0.01477408278998652,0.0,0.00374565285412491,0.0,0.0813261585443235,0.013210336987518364,0.0,0.0,0.06202867036323859,7,False
275,0.0,0.05180310680071189,0.0,0.09928235997647504,0.0,0.018299278033922613,0.0,0.0,0.10370408269293842,0.0,11,False
276,0.006012335604760779,0.00896265592084002,0.02150726464756554,0.01691267533542916,0.07014034386727151,0.026012160741546737,0.0,0.0,0.01561601763015407,0.0,124,False
277,0.01950310450329498,0.0,0.05066914360731364,0.0,0.008008670982108996,0.001507959570586988,0.0,0.0,0.019063207399015195,0.13605415910359478,7,False
278,0.0,0.029678860506466165,0.0,0.0,0.04279558266203803,0.0,0.008025577062354523,0.07311599557774408,0.06805224383004484,0.0,143,False
279,0.06854476019820899,0.0,0.0,0.01829300956533284,0.0,0.020956684460087242,0.0,0.0,0.06808732072953273,0.03890286606247112,7,False
280,0.0,0.09674422653020202,0.005659649133995154,0.00906331688192524,0.003782952074332246,0.0,0.0,0.055041276746335764,0.0,0.04946891499793349,23,False
281,0.0,0.0,0.0014421990020834408,0.009757956904311584,0.03892921687929073,0.05899954928288475,0.0,0.0,0.02565535335379241,0.06909818496630371,7,False
282,0.02107115386436551,0.0,0.0,0.0,0.0,0.08604721004670661,0.0890351559681282,0.0,0.0,0.06922965850342996,7,False
283,0.0,0.0,0.0,0.0,0.1023708242876607,0.07835217032968837,0.0,0.0,0.03485056566175182,0.04556002795251862,7,False
284,0.029558525892168206,0.0,0.0,0.0,0.03938587699521463,0.0,0.12080442465364484,0.017060880600000602,0.0,0.022930651081850394,174,False
285,0.012749430124816141,0.030279778343594747,0.0,0.02165658734496691,0.0,0.0,0.002867319461598736,0.047792959811383776,0.013334930545061848,0.031781497489981075,23,False
286,0.3863130053809038,0.0,0.0,0.02832225144862746,0.03440723618291732,0.0,0.0006088620929322495,0.0,0.0,0.0,33,False
287,0.09083974572295965,0.0,0.004164605113847112,0.027759609384355247,0.018577248634345123,0.0,0.0,0.0025001957963362684,0.01406934150935619,0.0264202837798054,33,False
288,0.02165787699325415,0.014100082849552739,0.0,0.03203117854258575,0.012920609549174737,0.0,0.030728706653017756,0.008407584837872592,0.030436192333844356,0.0,35,False
289,0.0,0.004143314729980427,0.019660286802685764,0.011797891297499575,0.011026306563744585,0.007951388321243213,0.00609444520593268,0.0062138337535148,0.009126570460507667,0.05769291998252736,7,False
290,0.09303720706253303,0.0,0.02730735529715617,0.012995526668283894,0.0,0.014770784639181878,0.032427251011451025,0.0,0.0,0.013023806647126776,33,False
291,0.09506849052644903,0.0,0.0,0.012786590279371237,0.02739774210509687,0.0,0.0018548670565704873,0.021791458136828357,0.0033077336436668383,0.027181261336544547,33,False
292,0.12777588338992774,0.0,0.016126842642713562,0.04173516681240916,0.0,0.0,0.0,0.009928764147525936,0.044781296007034406,0.0,33,False
293,0.001592260335847609,0.011521939819904282,0.0,0.024840507925351096,0.03254780257316835,0.054006653316048224,0.0,0.0,0.0,0.07971837975802205,7,False
294,0.045605042454859454,0.0,0.0,0.03330923439318626,0.0,0.014416413872826104,0.001480949292731151,0.016373447853524778,0.03384293874937341,0.017812558839881552,33,False
295,0.11986154548910034,0.008424429576608859,0.006711564581208145,0.005041657040687455,0.030712011688154347,0.0,0.05467546439820015,0.0,0.0,0.0,33,False
296,0.009788850306179625,0.014263860778784469,0.0072661316811466125,0.0,0.0,0.04085388146914402,0.020913219578767697,0.0,0.01677353800791845,0.0484608293069205,7,False
297,0.09899075413501006,0.0,0.031025293835849815,0.0,0.004358225329315821,0.02927703517442716,0.0,0.03272351461925847,0.0,0.008319892611485436,33,False
298,0.10103764476942063,0.0,0.0,0.033171257783064075,0.03289944627200919,0.0,0.027791781054113028,0.023078260985678705,0.0,0.0,33,False
299,0.0,0.017952127522765603,0.03298277027679517,0.0,0.0,0.04314609632305248,0.04365915465321355,0.0008329639803798481,0.034513153465995615,0.002819659506951232,294,False
300,0.12896986225089563,0.009107869387353655,0.0,0.012543643444436828,0.015312565098760035,0.0,0.0,0.044682616021012984,0.0,0.009666057943670021,33,False
301,0.09859540464345787,0.012062962324322211,0.0013349231195639313,0.0022436844462355105,0.03369191632653674,0.0,0.0,0.02244970784780935,0.0,0.025242676278725597,33,False
302,0.159706418930344,0.007910897047334801,0.042684180184213466,0.051672883904749646,0.0,0.0,0.0,0.0,0.0,0.006007136044535727,33,False
303,0.0,0.009924661879728104,0.0,0.0,0.013043259867526932,0.02327758459133165,0.0,0.11415417009234252,0.08745817757938604,0.0,143,False
304,0.009724110931002785,0.0,0.0,0.020916464916701207,0.007050401691812028,0.027021872819173027,0.047247429313148,0.01710291137080071,0.02568679918633178,0.0,174,False
305,0.022727974158728192,0.08551927090146726,0.003989680531959904,0.0,0.0,0.0037610399596651424,0.01926537710435531,0.004276871877697193,0.00845720035015382,0.01853774167485277,7,False
306,0.14514104775464887,0.0,0.0,0.023653640030165585,0.0,0.05070165968883613,0.0,0.007346248369449321,0.0,0.02382337825875986,33,False
307,0.017842018496785655,0.0463488077515372,0.006724907176415848,0.0,0.0,0.00541763550038318,0.004142689509406025,0.04264226466598439,0.050474076803285056,0.0,143,False
308,0.2741604765695476,0.037758040361064706,0.0,0.0,0.0,0.0,0.0,0.016948520564192875,0.0,0.023072357054616237,33,False
309,0.0005541961914330182,0.0,0.049038556579462905,0.0,0.03951598528456581,0.02343852935030117,0.0,0.023997444942965795,0.06161231462312136,0.0,143,False
310,0.0,0.0,0.040065808108977946,0.0,0.05894855743791238,0.0,0.01549652022688262,0.031840945888073145,0.06457543571854031,0.0,104,False
311,0.0,0.0,0.0,0.0,0.0,0.03172370874897235,0.05132114016156509,0.17378094206902223,0.031853819359389635,0.0,143,False
312,0.2276403236184349,0.019114063758500693,0.0,0.09570387021369012,0.0,0.0,0.0,0.0,0.005665464585695916,0.0,33,False
313,0.0,0.0,0.015322063663481439,0.014141793349339628,0.0,0.008196638758924575,0.0,0.04992192993162784,0.09243213528696603,0.019405720606061713,143,False
314,0.09629226790783528,0.0,0.0,0.03836985835132128,0.019712935062678606,0.004089109181109196,0.0,0.010723388200291072,0.03456070335946102,0.0,33,False
315,0.14164693358296437,0.01806762589005995,0.0,0.023917876793592967,0.0,0.0038408824421786113,0.0,0.007828062208090958,0.0,0.03389972283801476,33,False
316,0.016606417853269984,0.0,0.0,0.0074860285399870425,0.00016349495499032958,0.014433252358670177,0.0,0.10357790919985177,0.10880238397746331,0.0,143,False
317,0.01165090120371888,0.0,0.029330652898386,0.0,0.0009141089689453089,0.013781144932587261,0.0020887730899031448,0.03001770774056615,0.05591218293204659,0.013866122640177564,143,False
318,0.0,0.001472055639196926,0.019510037262843883,0.0,0.0084323934690634,9.826974892933741e-05,0.02076579508418836,0.03649573301906799,0.046194996993812874,0.028947931500707045,143,False
319,0.02550452902790238,0.02328635344605905,0.02179305390929754,0.0029026765111322184,0.0076842501642444975,0.0,0.0,0.0331493750112151,0.01898438259287105,0.006191388933949853,104,False
320,0.0,0.0,0.03639116873002888,0.0,0.0019519817130440316,0.05849016244522337,0.0,0.020919131726341394,0.03848746584317362,0.033266101478712166,143,False
321,0.088425885138739,0.0,0.0,0.02364483303168198,0.0,0.0,0.0,0.04732994972586089,0.10976754695341275,0.0,143,False
322,0.013225934483557047,0.0,0.06624895820424696,0.0,0.0,0.0,0.0,0.08893030751205007,0.049405873773989396,0.011474916417462261,104,False
323,0.035268440191090746,0.001706028185533191,0.0,0.0,0.005731252233493222,0.0,0.0,0.06923621740788341,0.06283902440511546,0.03290126027194654,143,False
324,0.12803119068369553,0.013203253547717331,0.0,0.0035015989479391797,0.0,0.0,0.02329783665771808,0.008470471969601063,0.0,0.049922912761266265,33,False
325,0.06391548956185837,0.034084291984675226,0.0,0.005906047806297349,0.0,0.0,0.0,0.006210429280664766,0.031106089904863275,0.05314835770306405,168,False
326,0.0,0.27341596871169765,0.0,0.0,0.0,0.0,0.0213266643564831,0.027672702239411606,0.0,0.02713281448722104,251,False
327,0.013571359672717977,0.0,0.052002909435894765,0.0,0.0,0.0,0.0,0.2152382454556992,0.0,0.03668167110035983,104,False
328,0.1351915532727397,0.0,0.019706811624167805,0.023354631175109185,0.046306269642822216,0.015357125859396917,0.0,0.0,0.0,0.0,33,False
329,0.030047648849376007,0.0,0.0,0.01384029631654266,0.014394668210652365,0.0,0.03268790720622145,0.02863388238598847,0.007659771257515188,0.022952634495595814,104,False
330,0.0,0.0,0.08400420907201596,0.0,0.0,0.007866052055989553,0.0,0.05354418916969229,0.010716312265184146,0.08211585480432201,104,False
331,0.029985792238857736,0.0,0.0,0.03513714434836914,0.04141900955411898,0.006978247395583126,0.02467085069821032,0.038128345444050825,0.0,0.0,104,False
332,0.00928863049793847,0.0,0.006300057963497244,0.015813410758904155,0.0017106590356416491,0.0,0.0,0.1826591483174759,0.016725532806778052,0.010085061741721772,104,False
333,0.0,0.016887870583084302,0.002036717885180325,0.0,0.12832611298302005,0.03129898373809722,0.0,0.0,0.031006272413644512,0.012925220026382736,124,False
334,0.03854042146213109,0.004866838184731461,0.016363788799025267,0.0,0.0064112507192946215,0.0077402968415963384,0.041850034833712475,0.01477222042964071,0.0020844818134564905,0.0043797789831077445,174,False
335,0.0,0.0011086195609720676,0.0,0.06175720049638857,0.03445193247566563,0.0,0.05662527374796591,0.022204698462118738,0.0,0.021201898274391312,168,False
336,0.0,0.08795160426302887,0.0,0.0,0.20182844308868103,0.0,0.0,0.018477085347722653,0.013983061009222043,0.0,124,False
337,0.0,0.05491665581420557,0.015399683976533298,0.0,0.1243305584739295,0.0,0.0026249862200350645,0.0,0.009103151937324605,0.020252438247540354,7,False
338,0.010271630883710076,0.0323455001959117,0.0,0.0,0.07061019444906445,0.00847777575536489,0.0,0.010899448999842493,0.023346410841024106,0.010775690183945617,124,False
339,0.0,0.011456582992682025,0.05143380613132785,0.018755220353954268,0.0,0.0,0.07797412652497579,0.0,0.06249308529313111,0.0,168,False
340,0.0,0.018976135672810496,0.0,0.015047975522963905,0.0,0.02887550581297922,0.023780704251031064,0.04345581799276402,0.0428396627508359,0.0,143,False
341,0.0013557855367474316,0.00692790083784144,0.0342651826971263,0.0,0.0,0.04809334018331506,0.024142207475734593,0.0,0.016577500452140306,0.03663519064334985,7,False
342,0.07489570632770565,0.0,0.0035558986409413244,0.05379406611761486,0.016659569140510058,0.039576946968804864,0.0,0.0,0.0,0.01139574544012936,270,False
343,0.0,0.0004437673492026073,0.03360727205424469,0.0008248932022240184,0.18228000021071458,0.002584347267525313,0.03388927818901196,0.0,0.0,0.01102938819430543,124,False
344,0.0,0.0674156103731529,0.0,0.020004072274513,0.0,0.00820073402672311,0.016974650374927066,0.027278678492160802,0.045331433584958176,0.0,143,False
345,0.0,0.043905457656661755,0.008394714124996986,0.0,0.0,0.05492924848231695,0.07002557266590276,0.007339282598536755,0.0,0.013036631950833587,7,False
346,0.026623853224654593,0.013362602258663182,0.0,0.01513151982426097,0.0,0.0005000209297520477,0.016946251330902835,0.048511651880380785,0.013552317597510783,0.01188490561784413,168,False
347,0.02618135596412967,0.14861131037317868,0.0,0.0,0.03863763147284213,0.0,0.0,0.0,0.0,0.06560130275992086,7,False
348,0.05887289580759418,0.017253679560933446,0.0,0.0039486444254829825,0.012829664788245959,0.0,0.0,0.06843145891613348,0.0032511516458896017,0.017237082036021235,104,False
349,0.029308165226653995,0.0,0.13508581127487224,0.0,0.00491949323260146,0.0,0.0,0.0,0.0,0.1529783015171135,272,False
350,0.0051095141118593845,0.011475342838876601,0.01038716927534876,0.015900088384636833,0.020580681055744718,0.033507550017505314,0.0035063120240585778,0.0,0.004252575237186682,0.020291102071142285,7,False
351,0.01844250882060035,0.020603111575462314,0.03059648104525121,0.034742390513351866,0.030770301962634597,0.0,0.0015428314231319934,0.0,0.0,0.02092472333031014,272,False
352,0.004777148913895762,0.0,0.03447349590130539,0.0,0.18396206547005162,0.0063684589281166985,0.0,0.0,0.05593322694560793,0.0,124,False
353,0.0,0.026118981417452624,0.0032399697245636514,0.02892418297072582,0.0,0.010302647931412163,0.023184621777997783,0.010509188051004096,0.02779794055841283,0.007812097283904129,251,False
354,0.1480579227641133,0.014731286409939938,0.030730027432259645,0.03365652211864217,0.0,0.0,0.0,0.0,0.0,0.018248652216400197,33,False
355,0.016075588928510846,0.005870363416256636,0.015271852288589264,0.009002384514475428,0.0,0.013719020642313562,0.036677937798445706,0.007157966509298713,0.0,0.034182124962205206,7,False
356,0.0,0.07416589982719618,0.0,0.0,0.047384666826909685,0.023144038919667317,0.012280785872149457,0.009745292064637135,0.021997942462553197,0.0,251,False
357,0.01649950824828222,0.0,0.0838898162760122,0.0,0.0,0.04139143157536007,0.014460819425954789,0.0,0.0,0.06667251300952243,7,False
358,0.0,0.05825100965427247,0.04592117593638038,0.0,0.025281680734516768,0.01591422385283964,0.0,0.019800347518780098,0.014039366800769837,0.0,271,False
359,0.0,0.0,0.015344878462048302,0.0,0.0,0.021840308584206547,0.0,0.06785442991318784,0.0,0.21888554556895595,7,False
360,0.0,0.0,0.002150110377826489,0.03548712269649209,0.01275318651155839,0.01168115788743343,0.04293812049602134,0.0,0.039928471959046224,0.018825154077344752,168,False
361,0.0,0.005530111867949041,0.0,0.01806819396113123,0.011195430674095473,0.029630269272035197,0.0,0.033304327450213445,0.008066809302789774,0.05806376101238122,7,False
362,0.0,0.005177907073866265,0.020206075884747893,0.02099673639628364,0.022472887051907663,0.006064632795296204,0.022264617138444593,0.01608096190376476,0.01078372996749168,0.0011113950463808315,168,False
363,0.0,0.048012607056914985,0.015221058653538552,0.0,0.0,0.05265956455908021,0.040834535274827645,0.003027173523566556,0.0,0.029219290366756145,7,False
364,0.006062204239262991,0.053917707454386135,0.05891733921964355,0.001268206224109109,0.0,0.0,0.0,0.01606260512095991,0.01923714974448021,0.021362968679196584,271,False
365,0.004035017471475303,0.07293844716905758,0.03232333371853994,0.0027297668136419305,0.0,0.0,0.0,0.029371576020945537,0.03382668049629844,0.006252263376202584,271,False
366,0.0,0.10625141670463409,0.11572201700769305,0.0,0.0,0.04705925890773482,0.0,0.013671889620363633,0.0,0.0,271,False
367,0.008956804593557799,0.04043934425310038,0.05738987561851429,0.0,0.010539574095215498,0.005188024624162691,0.011846319533877651,0.0,0.010413543646032706,0.006260680120976273,271,False
368,0.02312108893860863,0.0407429360557456,0.03146738325272234,0.0,0.014284973810531685,0.0,0.006246959635296323,0.037271993725620796,0.0,0.005942480467840567,271,False
369,0.0061256020159144685,0.03268678620751003,0.0,0.03630163575248137,0.0249224883636036,0.0,0.013764096666966466,0.007183222466838956,0.0013962791245506804,0.023439377755062194,251,False
370,0.0,0.025592152013521545,0.0689024266462129,0.0,0.01581762111592592,0.03592728160624215,0.0,0.007013800946462455,0.0,0.03185165287012843,7,False
371,0.0,0.26004320235039385,0.0250571098254114,0.016154262171808386,0.0,0.0,0.0,0.041886489808694784,0.0,0.0,271,False
372,0.023767778441547517,0.03798619366568812,0.040558690626652655,0.0035168158720571803,0.01261623939661572,0.01046368399986922,0.0,0.03084333039344262,0.0,0.0,271,False
373,0.0,0.0,0.011589546306521795,0.1110519236885384,0.018020401404211,0.0,0.008651699078989399,0.0070311141206594275,0.0,0.06150120598611818,168,False
374,0.04856581983345148,0.0,0.0,0.0,0.0,0.0,0.04026997395190854,0.12552393757052133,0.05047035594850029,0.0,143,False
375,0.1292365799768704,0.0,0.003666075534827182,0.03582959340320059,0.0,0.02984237011110866,0.0,0.0,0.002212870355822371,0.029199739728124896,33,False
376,0.0004878800724972894,0.018908126616628045,0.03402996831417448,0.0,0.16422515848262392,0.01302839185809919,0.0,0.013065822942164799,0.0,0.0004945370341923777,124,False
377,0.018734345175939863,0.02688671346181801,0.040896544274598524,0.0,0.0,0.0043249065682443456,0.0441928837093822,0.0,0.0,0.04881486074762333,168,False
378,0.0,0.07889133710394589,0.09796188143921555,0.0,0.0,0.0007960955549575796,0.002218871988074869,0.0,0.028907477592332958,0.025854483229118843,271,False
379,0.0,0.0302894597472566,0.028803766947133106,0.009775049809303082,0.0009718430030283592,0.014470661520451377,0.0,0.03360361687038915,0.005120038822418499,0.022813066646000663,271,False
380,0.0,0.02371796486895651,0.0,0.0,0.004275071974226008,0.019195016037836438,0.16743529738740814,0.0,0.012950532558027474,0.014178740412286188,168,False
381,0.050755516018547935,0.0,0.0,0.03198086742549014,0.030022460714260284,0.002039319872740452,0.10265353541112907,0.0,0.0,0.0032551084084711914,168,False
382,0.0,0.0,0.0,0.07496835102315785,0.0,0.0,0.034887783677449685,0.0,0.015796564020173497,0.1711720245503293,7,False
383,0.0352128735727902,0.07902430098173868,0.04049923487995456,0.02354678441892912,0.023756250419177116,0.0,0.0,0.0,0.0,0.0005022973804700368,271,False
384,0.0,0.136244600922107,0.0,0.0,0.0,0.0,0.10316401233972247,0.09591110832260667,0.0,0.0,168,False
385,0.04020264139665634,0.0,0.06673830666185321,0.0,0.048756078629635366,0.0049396009942280165,0.007844493433007527,0.0,0.0,0.02608135438900641,272,False
386,0.0031091990019766246,0.03244758756606188,0.03740214418766231,0.01005321742910962,0.013405959828065542,0.013525921073767848,0.02515606608030703,0.0,0.006360677163359995,0.0,271,False
387,0.02304442369313775,0.0,0.03663921212456125,0.03416403414027192,0.0,0.0,0.0907836596060706,0.0,0.0,0.029119360723700055,168,False
388,0.026960544361728202,0.0,0.00409657057108553,0.036750415020174065,0.0,0.0,0.044691400371938805,0.0,0.022439329656598648,0.04791452439182286,168,False
389,0.0,0.036786392832436454,0.0,0.06375301378307693,0.0,0.0,0.05855238467007435,0.0,0.05921530328909325,0.004954846348546353,168,False
390,0.0,0.0,0.0,0.0,0.01237638201245357,0.015450858679182503,0.09369228305729536,0.09259891565359189,0.02373345966934765,0.0,168,False
391,0.39001026393950144,0.0,0.0,0.0,0.0,0.0,0.0,0.0,0.14099422891112526,0.0,168,False
392,0.0034689445772651873,0.03439023385197194,0.017583283578757537,0.0390216257438185,0.0,0.0,0.006276464610325046,0.023037593188353786,0.001183820792478863,0.02563299581694064,388,False
393,0.0,0.007337718423085865,0.0,0.017776897161818985,0.0012040003815470767,0.08470825317012437,0.003146996225932534,0.02137137958595299,0.0,0.06399702160874214,270,False
394,0.0,0.09894547570872585,0.07390672937560398,0.01927261725973944,0.01979284774423184,0.0,0.0057808569784640745,0.0,0.003368783861531485,0.0,271,False
395,0.06362840028048024,0.013375964038907917,0.0,0.031384076503926675,0.012634162486537981,0.025462983795245468,0.03347810747529004,0.0,0.0,0.0,33,False
396,0.0,0.09784214817358812,0.0777081926095338,0.0,0.01582207529614846,0.0,0.019356198999461942,0.0022877710722184405,0.009158063860375149,0.0,271,False
397,0.0,0.014276803646073883,0.004871504497606555,0.03452905200791753,0.006766264435324046,0.01758241727925333,0.041804212871862846,0.005113322055436738,0.0,0.017975841659506032,168,False
398,0.0,0.019633535820257016,0.027011861557670394,0.0,0.01393983251289672,0.03290380813196689,0.03734947316315631,0.0,0.0,0.041130342257171215,394,False
399,0.01472679952554601,0.0,0.01953102217277357,0.0037434979751598454,0.0,0.023570542064471088,0.06622683502322502,0.0,0.0,0.07120126498047627,168,False
400,0.30634163375979323,0.0063353814108988845,0.0,0.050611257011329916,0.0,0.0,0.0,0.0,0.0,0.02015095420495581,33,False
401,0.05800152028722139,0.0,0.001279426431479773,0.04174028876157659,0.02137915137906953,0.0,0.011498875230026738,0.008316580093563496,0.0038725955580973036,0.012592675524250176,33,False
402,0.11806973874830154,0.0,0.012587724792199998,0.0,0.0,0.05808726553562714,0.022508853391575018,0.0,0.0,0.02345482703485398,33,False
403,0.0,0.021879730427150076,0.007915257879282725,0.00866550568528171,0.0,0.06556975308273409,0.02155136867431311,0.025935290586280833,0.0,0.011259639233807203,270,False
404,0.0,0.026808237527135875,0.0,0.02559311166367021,0.01502402235912111,0.006233965518479239,0.022069557621610916,0.03838309556190548,0.016974708867210177,0.0,143,False
405,0.0388616573468448,0.005431980608850489,0.0005005173853198473,0.0055166384475990315,0.06615357263316464,0.008597229832617095,0.013703199519376702,0.02740111483658091,0.0,0.0,124,False
406,0.01535206699803783,0.04728949625577078,0.0,0.017264807772056103,0.07564309084208062,0.0,0.0,0.011182415247344611,0.021450418461717146,0.0,124,False
407,0.06904865912326384,0.0,0.0,0.017745511377369273,0.0123583289992638,0.03262706410206712,0.017461902426040794,0.0,0.03242717110353367,0.0,33,False
408,0.0,0.04843476057513313,0.0,0.015454793604537824,0.023328134216679838,0.0,0.015911936961633937,0.025879575910419172,0.01779736545840185,0.006797607238410342,168,False
409,0.023422349376184662,0.011924314564751836,0.015675602385028287,0.009360857754721863,0.0,0.0,0.07275515084666533,0.0,0.0,0.06055166131642529,168,False
410,0.0026245535841920506,0.0026286832866580082,0.04117604147548513,0.0,0.0,0.016369181509796545,0.02007137582248598,0.0,0.03821088991748493,0.05266495619098703,168,False
411,0.0,0.0,0.029689948516013805,0.04673852409473654,0.038995679294256014,0.024295836000147262,0.06664497923736734,0.0,0.0,0.0,168,False
412,0.0,0.016249609496153842,0.002832365337575629,0.04357422524316776,0.0,0.05065064480750837,0.06434830335013231,0.0,0.017380471438902062,0.0,168,False
413,0.03183755666929064,0.0011421270473922533,0.001073811060455832,0.0,0.0,0.1611540635467834,0.009703811669209063,0.0,0.0,0.06505399231023004,270,False
414,0.022162574041165537,0.005900788858759385,0.0,0.027987974245626848,0.001928528489962289,0.0,0.07285947517568528,0.0,0.0,0.08595239215984687,168,False
415,0.009704766797611869,0.0,0.0,0.07904686292918962,0.08389393034368561,0.03475955703589246,0.02080830631136213,0.0,0.0,0.0,168,False
416,0.0,0.05790650853476191,0.024799432206452737,0.04060157990437384,0.007272415521237973,0.012605340073636166,0.005357904845950418,0.009429254374416473,0.0,0.0010583032380677448,251,False
417,0.0,0.008449194413047631,0.0,0.03826819133144337,0.009316127089186598,0.013771669200631415,0.09317886903206715,0.0,0.03737762752126818,0.0,168,False
418,0.021615524836881273,0.07362425007131053,0.011065263178836184,0.006356113261404752,0.0,0.0,0.016812873258191103,0.009424979709748454,0.028891952650423238,0.0,271,False
419,0.016911773358336834,0.04264723014965328,0.03860706539403555,0.012038424817937158,0.004249352473475038,0.0019592033701932663,0.0,0.0,0.006162530750431069,0.02865719777198364,271,False
420,0.0,0.005561023018723805,0.047063099901097964,0.010142367586339381,0.0,0.0,0.07551114942613031,0.04436505450783301,0.0,0.014970755515947901,168,False
421,0.026759062785191554,0.0017444795782794065,0.0,0.015766507730660757,0.1755816065945937,0.008714949358263118,0.0,0.024557340533498416,0.0,0.0,124,False
422,0.0,0.031016885344373076,0.015167234349787544,0.0,0.0,0.054860415361683304,0.013649567402408792,0.020331044762809756,0.02861253513677922,0.0014390505180296382,168,False
423,0.0,0.023952077771681242,0.0,0.057156405494036784,0.056476792352821915,0.036894827550611756,0.031128471535294744,0.0,0.0,0.0,415,False
424,0.0,0.002764734724681126,0.08868049423453098,0.013387996068848338,0.0,0.015483936636341294,0.024000911733720882,0.00793196675804217,0.0,0.027390816029677866,190,False
425,0.012259955134685219,0.025428296002633417,0.049926303569940725,0.0,0.00448339707161703,0.006684384382180433,0.0042425955218317124,0.013120085635741829,0.009262547070881918,0.006680497688259814,271,False
426,0.019779015236241704,0.0574647096116222,0.0,0.021770767498544088,0.047722340612569455,0.0,0.017175184926605573,0.0,0.015027416721616586,0.0,251,False
427,0.0,0.050293878509972294,0.0,0.033032256349032785,0.24097886771387855,0.0,0.0,0.010628221458509455,0.0,0.0,124,False
428,0.036137597125938496,0.0,0.0,0.01773571183230056,0.0,0.11766072304227917,0.03366763958023266,0.02256636916749658,0.0,0.0,270,False
429,0.0,0.03539864883681791,0.0,0.0,0.09339198235388611,0.0,0.04277066536910655,0.0,0.048544971323508386,0.006258987330405431,124,False
430,0.05351843277106421,0.0,0.034694836999554925,0.03144093632398424,0.0,0.0,0.0,0.04186064120701689,0.04019196235570198,0.0,143,False
431,0.05086241433323217,0.04103356597703131,0.0,0.0,0.026132593213229933,0.01749493519504147,0.0,0.00950274124520765,0.03258002695181294,0.0,143,False
432,0.014333197930397251,0.02454721508092265,0.013347855658901035,0.0,0.0,0.02040395787590092,0.0,0.05626270161217067,0.05199777795760677,0.0,143,False
433,0.0,0.0,0.0104667588744162,0.0,0.2570118493454258,0.0,0.0,0.02190396592169705,0.058917646668173555,0.0,124,False
434,0.004587705865512196,0.021028401385068122,0.028903507736995137,0.020584816537177194,0.005366751507834649,0.0,0.02999669080129808,0.013845927942348523,0.0,0.012022878595226801,168,False
435,0.0,0.02652309002310089,0.015515575357101147,0.015936520391260735,0.010433481409502971,0.0,0.031027050916356498,0.0,0.0405471856234936,0.011382056549953206,168,False
436,0.0,0.0,0.0,0.010661092741506258,0.0,0.17629533884567564,1.5473138845522643e-05,0.024739360469921385,0.0,0.09963552055882356,270,False
437,0.0,0.0,0.0,0.022200666604340613,0.0,0.062603998444636,0.013458496156591726,0.07839674151611045,0.041938234845917716,0.0,143,False
438,0.0653764028655932,0.0,0.0,0.0,0.0,0.014049962054675324,0.2346350261023199,0.0,0.0,0.01999055796941809,168,False
439,0.0,0.14553055724874692,0.05563229999128859,0.031817691403018475,0.0,0.0,0.0,0.0,0.041728348729056106,0.0,271,False
440,0.0,0.0,0.029788666306393666,0.0,0.0,0.10260409143844564,0.05782682936378442,0.012999454151156775,0.0,0.023286786095137298,270,False
441,0.0,0.06463171998391937,0.0,0.0,0.18375405768798692,0.0,0.0,0.0,0.0,0.1005567662827867,124,False
442,0.06909230803972288,0.017545857854253125,0.0,0.0,0.0,0.0,0.009319070090939893,0.11009113991934555,0.031099281627823896,0.0,143,False
443,0.003323696723533149,0.015408105441444832,0.01409355865974508,0.0,0.0,0.04263662594862564,0.0,0.0593036818175447,0.06224673180022977,0.0,143,False
444,0.022884710282788396,0.00256744747370228,0.0,0.010486635879010879,0.0,0.07746783198807501,0.0055086927582933915,0.008354342004590402,0.007411517348754819,0.02742519501545341,270,False
445,0.04169710772291824,0.0082253005767142,0.0,0.04794459741341102,0.017800625443703217,0.0,0.0,0.032609161342046576,0.029634334443741205,0.0,143,False
446,0.0,0.0038910571330507825,0.0398161958782772,0.0003827271518512196,0.08566657069034754,0.016868190068329177,0.0,0.004445621768883058,0.0036058043074303032,0.0286382253960137,124,False
447,0.02639284526633781,0.0,0.0015746656385326537,0.0,0.0,0.056827778926736516,0.0,0.06781669854269463,0.01392904738858521,0.032773901618875584,143,False
448,0.0,0.04364243234239117,0.005223165850463524,0.008883150609280386,0.08750750853121923,0.0,0.03097435967029848,0.0,0.02333510624373892,0.0,124,False
449,0.0,0.001105556193934598,0.0,0.0,0.0,0.076923347262285,0.0,0.1370896379691818,0.10185246541225992,0.0,143,False
450,0.0,0.014823656438113595,0.03969228935227808,0.015538924665390846,0.03089636790024151,0.004344800881819857,0.0,0.012243453933677777,0.04081378828800759,0.0,143,False
451,0.018285294743725228,0.030252547089084446,0.0,0.0,0.05395486556242312,0.0,0.0,0.033303219917940746,0.07621503811675437,0.0,143,False
452,0.016143348141587743,0.013320700504472394,0.02655045474089537,0.011347558454537627,0.008627991718513639,0.0,0.0,0.03028620343509538,0.048904607340269454,0.0,143,False
453,0.0,0.04304235551236004,0.0,0.0,0.0022749881862215325,0.10056085118731878,0.0155339933645792,0.0,0.01805869667174178,0.028461459836284078,270,False
454,0.007004098680179539,0.004906490250952062,0.0024227221880781815,0.015855379452345802,0.0,0.019675952923594683,0.014112053609184168,0.008176432659200455,0.03113592186707576,0.021077618807585276,143,False
455,0.0,0.0866949175967705,0.0,0.004658810413281301,0.0,0.1459656510175748,0.0,0.0,0.0,0.06515256304398928,270,False
456,0.0562570491008277,0.0,0.0,0.0,0.0077309666516154965,0.21689227248671153,0.0,0.0,0.0,0.04375269752190598,270,False
457,0.01658217805378071,0.024812419422985114,0.0,0.013890963944353515,0.004015993544421699,0.017423304959469497,0.0,0.04292125014171842,0.013402925205290586,0.006011520319563668,143,False
458,0.050203213785663746,0.0,0.017449283064606583,0.0,0.0,0.08955724295078157,0.017126249468846694,0.0,0.0,0.045674131041098326,270,False
459,0.0,0.0,0.04970831097175418,0.037456531036291804,0.0,0.00768496545972023,0.03491574315164629,0.005882948476439672,0.0,0.05395754336328954,168,False
460,0.0,0.029594381943982687,0.0,0.00625797811477273,0.0,0.003286155761948602,0.022801374337255355,0.015591638089615893,0.17278131393955512,0.0,143,False
461,0.0,0.0,0.004382460522492013,0.0,0.0,0.08639209089982221,0.11103437674927194,0.0043455242208116866,0.0,0.05795369056592305,168,False
462,0.0,0.0,0.029991576518362997,0.02349993930304722,0.0,0.01734479110216919,0.00428363974978851,0.08980566670661262,0.031221920612417034,0.0,143,False
463,0.0,0.06233389589345541,0.0,0.02417207803886534,0.0,0.0,0.053939385532396585,0.007063172076678619,0.0,0.07759984379978047,168,False
464,0.03653082318172761,0.013961672511358951,0.014553837550542742,0.015685292922208847,0.0,0.02244876830774351,0.0,0.0,0.016174477523791593,0.02816416318341291,216,False
465,0.0,0.0,0.05135302686209876,0.0,0.12954506877755045,0.04852430439392317,0.0,0.007350310738940068,0.01154506344121206,0.0,124,False
466,0.03852576230322078,0.0,0.005790596306722328,0.020428617280585586,0.02894670455220226,0.02032818813905549,0.0,0.0,0.009556759622561419,0.030353502347085067,168,False
467,0.0,0.10632904908528559,0.055154233034910474,0.0,0.016991517087414545,0.0,0.01070557076575344,0.013892710520106065,0.0,0.007635732451694376,271,False
468,0.06382118470990217,0.0,0.0,0.05754523523174798,0.0051747628788108065,0.0,0.02135789036856812,0.0,0.0,0.08375603834969417,216,False
469,0.0,0.10164836446647503,0.0,0.0,0.0,0.0,0.2520258116401024,0.03209646720540218,0.0,0.0,168,False
470,0.024235743284935503,0.012406061543772358,0.010732548238714813,0.0,0.01171172818796303,0.0,0.0025949791098589022,0.045965144757788005,0.06542578408792396,0.0,143,False
471,0.0,0.0,0.02783765069850668,0.025332615056158247,0.01192290868554331,0.011241480175575738,0.015221227475866949,0.018841331150711387,0.039257714430769225,0.0,13,False
472,0.004405403143390569,0.007940562454427891,0.016796129717805496,0.02658872706736384,0.0,0.0,0.0314957615907413,0.01826056559167167,0.02214481139492535,0.008179959722213158,168,False
473,0.0,0.021687825210078466,0.03878931841801182,0.0,0.04672077065876794,0.005343634578393805,0.011578308413714948,0.0,0.02267876341961702,0.011736427798771617,465,False
474,0.010747828159454721,0.015919676145361553,0.0005621600551159727,0.030234908869570296,0.0,0.0,0.03692138029492227,0.010131593572342744,0.014243218493772974,0.0257323718445571,168,False
475,0.24733098437501613,0.028603504036169743,0.0,0.03688457719408637,0.0,0.020021370940457424,0.0,0.0,0.0,0.0,33,False
476,0.0,0.04683949497251355,0.057335311057237055,0.0,0.014489234678174437,0.014605359359238523,0.0,0.0,0.011489757734396467,0.038303801828260965,271,False
477,0.0,0.0,0.0507712571112579,0.03078360861279402,0.0,0.0,0.0065795644016427,0.07421888893579245,0.060357032708001336,0.0,143,False
478,0.09179965447176239,0.0,0.015326366175518929,0.036392495368324757,0.009668850147434155,0.0028628782532742468,0.0,0.011428205551928234,0.0153038128311404,0.0,33,False
479,0.07948683654051988,0.0,0.0,0.0,0.0,0.0,0.03531066417233041,0.022687571708062917,0.003161563623695634,0.10452473647824534,168,False
480,0.0007210330335334534,0.02375638394107043,0.024374454483766423,0.0,0.0005728938399569923,0.08295721989014843,0.0,0.03309837338154712,0.0,0.028563008832019662,270,False
481,0.0005388575931598084,0.10603622371554604,0.07594360635821462,0.0,0.0,0.03805604163970703,0.007820606730348864,0.0,0.008475450292292458,0.0,271,False
482,0.0,0.02672668994118675,0.05042686552289238,0.0,0.0,0.0,0.045225395267666446,0.0,0.04706000315399414,0.033255871834304215,168,False
483,0.02805536139035212,0.07754997673236677,0.030224829250883926,0.0,0.032656951904426475,0.0,0.000711128717244004,0.004480447747421977,0.011205556948330834,0.0,271,False
484,0.02049953867905707,0.0,0.0009072187248751241,0.03127649671087738,0.00887989759543763,0.006332610004691116,0.043302891506246596,0.02415511549410966,0.0,0.012662589008648997,168,False
485,0.12498770838762635,0.0,0.015729355799740895,0.02080831715617613,0.006235165898089499,0.04518854719557868,0.0,0.007268813183935203,0.0,0.0,33,False
486,0.11138614906811513,0.0,0.0,0.04069523025283454,0.0,0.02203107498718209,0.0,0.031186725809062302,0.003239116318956141,0.006820152849368675,33,False
487,0.0,0.0,0.0,0.034971777263095735,0.010726776506332485,0.011110660154509877,0.03478259215577938,0.017608879150698215,0.03867730144713807,0.007770507225166711,168,False
488,0.0,0.010829156033173408,0.0,0.18033567168795994,0.04701308305043131,0.0,0.06474596592047148,0.0,0.0,0.0,216,True
489,0.009481470135201642,0.057068620165967,0.0,0.019391791604401593,0.009686521119435408,0.0,0.020145283004611377,0.010978662244940648,0.0,0.03216607644333224,251,False
490,0.003040591306712775,0.0,0.002092366378189701,0.0,0.0,0.10314879514224969,0.10653702678992912,0.0,0.0,0.06327644052994275,168,False
491,0.009004207306100713,0.02927755956638792,0.01167587579059148,0.050350804225061996,0.0,0.06336669074164339,0.0224491498316739,0.0,0.0,0.0,168,False
492,0.1023442150078119,0.0,0.03312505456738183,0.014727648619660938,0.018925969180004335,0.010255778375180541,0.0,0.01901206651246189,0.0,0.0,33,False
493,0.0,0.04791089330686276,0.10351073261489423,0.0,0.0,0.0,0.0,0.04076622339834212,0.06629446632487757,0.0,271,False
494,0.0,0.07010290799605946,0.06459288288653506,0.0033672337861124367,0.0,0.0454792282243535,0.0,0.010683251831645518,0.01132795804921883,0.0,271,False
495,0.0,0.0,0.03284411741961393,0.03490094521561117,0.0,0.0,0.0354064426023856,0.0023537645952123754,0.007910959512507889,0.09383648112604005,168,False
496,0.010813141559246061,0.014842639920371862,0.010589548903956195,0.005431698199266109,0.0,0.0,0.06301255379032537,0.011705164013381888,0.0,0.05681756792425408,168,False
497,0.0,0.0,0.011047250697444978,0.0,0.05279398037893861,0.045506263652146904,0.0381798060398461,0.0,0.0,0.06574413096404541,168,False
498,0.0,0.028848014316539092,0.0,0.029816419775957018,0.0,0.032091315733672944,0.0,0.016663754829257037,0.050859413020336676,0.015309032753866646,190,False
499,0.040487037606886024,0.0,0.0,0.06021225388297141,0.0014998566398729753,0.006923092791556985,0.04021878514133569,0.0,0.0,0.053326315126182036,168,False
