time,resource0,resource1,resource2,resource3,resource4,resource5,resource6,resource7,resource8,resource9,species0,species1,species2,species3,species4,species5,species6,species7,species8,species9,species10,species11,species12,species13,species14,species15,species16,species17,species18,species19,species20,species21,species22,species23,species24,species25,species26,species27,species28,species29,species30,species31,species32,species33,species34,species35,species36,species37,species38,species39,species40,species41,species42,species43,species44,species45,species46,species47,species48,species49,species50,species51,species52,species53,species54,species55,species56,species57,species58,species59,species60,species61,species62,species63,species64,species65,species66,species67,species68,species69,species70,species71,species72,species73,species74,species75,species76,species77,species78,species79,species80,species81,species82,species83,species84,species85,species86,species87,species88,species89,species90,species91,species92,species93,species94,species95,species96,species97,species98,species99,species100,species101,species102,species103,species104,species105,species106,species107,species108,species109,species110,species111,species112,species113,species114,species115,species116,species117,species118,species119,species120,species121,species122,species123,species124,species125,species126,species127,species128,species129,species130,species131,species132,species133,species134,species135,species136,species137,species138,species139,species140,species141,species142,species143,species144,species145,species146,species147,species148,species149,species150,species151,species152,species153,species154,species155,species156,species157,species158,species159,species160,species161,species162,species163,species164,species165,species166,species167,species168,species169,species170,species171,species172,species173,species174,species175,species176,species177,species178,species179,species180,species181,species182,species183,species184,species185,species186,species187,species188,species189,species190,species191,species192,species193,species194,species195,species196,species197,species198,species199,species200,species201,species202,species203,species204,species205,species206,species207,species208,species209,species210,species211,species212,species213,species214,species215,species216,species217,species218,species219,species220,species221,species222,species223,species224,species225,species226,species227,species228,species229,species230,species231,species232,species233,species234,species235,species236,species237,species238,species239,species240,species241,species242,species243,species244,species245,species246,species247,species248,species249,species250,species251,species252,species253,species254,species255,species256,species257,species258,species259,species260,species261,species262,species263,species264,species265,species266,species267,species268,species269,species270,species271,species272,species273,species274,species275,species276,species277,species278,species279,species280,species281,species282,species283,species284,species285,species286,species287,species288,species289,species290,species291,species292,species293,species294,species295,species296,species297,species298,species299,species300,species301,species302,species303,species304,species305,species306,species307,species308,species309,species310,species311,species312,species313,species314,species315,species316,species317,species318,species319,species320,species321,species322,species323,species324,species325,species326,species327,species328,species329,species330,species331,species332,species333,species334,species335,species336,species337,species338,species339,species340,species341,species342,species343,species344,species345,species346,species347,species348,species349,species350,species351,species352,species353,species354,species355,species356,species357,species358,species359,species360,species361,species362,species363,species364,species365,species366,species367,species368,species369,species370,species371,species372,species373,species374,species375,species376,species377,species378,species379,species380,species381,species382,species383,species384,species385,species386,species387,species388,species389,species390,species391,species392,species393,species394,species395,species396,species397,species398,species399,species400,species401,species402,species403,species404,species405,species406,species407,species408,species409,species410,species411,species412,species413,species414,species415,species416,species417,species418,species419,species420,species421,species422,species423,species424,species425,species426,species427,species428,species429,species430,species431,species432,species433,species434,species435,species436,species437,species438,species439,species440,species441,species442,species443,species444,species445,species446,species447,species448,species449,species450,species451,species452,species453,species454,species455,species456,species457,species458,species459,species460,species461,species462,species463,species464,species465,species466,species467,species468,species469,species470,species471,species472,species473,species474,species475,species476,species477,species478,species479,species480,species481,species482,species483,species484,species485,species486,species487,species488,species489,species490,species491,species492,species493,species494,species495,species496,species497,species498,species499
0.0,1.0,1.0,1.0,1.0,1.0,1.0,1.0,1.0,1.0,1.0,0.01,nan,nan,nan,nan,nan,nan,nan,nan,nan,nan,nan,nan,nan,nan,nan,nan,nan,nan,nan,nan,nan,nan,nan,nan,nan,nan,nan,nan,nan,nan,nan,nan,nan,nan,nan,nan,nan,nan,nan,nan,nan,nan,nan,nan,nan,nan,nan,nan,nan,nan,nan,nan,nan,nan,nan,nan,nan,nan,nan,nan,nan,nan,nan,nan,nan,nan,nan,nan,nan,nan,nan,nan,nan,nan,nan,nan,nan,nan,nan,nan,nan,nan,nan,nan,nan,nan,nan,nan,nan,nan,nan,nan,nan,nan,nan,nan,nan,nan,nan,nan,nan,nan,nan,nan,nan,nan,nan,nan,nan,nan,nan,nan,nan,nan,nan,nan,nan,nan,nan,nan,nan,nan,nan,nan,nan,nan,nan,nan,nan,nan,nan,nan,nan,nan,nan,nan,nan,nan,nan,nan,nan,nan,nan,nan,nan,nan,nan,nan,nan,nan,nan,nan,nan,nan,nan,nan,nan,nan,nan,nan,nan,nan,nan,nan,nan,nan,nan,nan,nan,nan,nan,nan,nan,nan,nan,nan,nan,nan,nan,nan,nan,nan,nan,nan,nan,nan,nan,nan,nan,nan,nan,nan,nan,nan,nan,nan,nan,nan,nan,nan,nan,nan,nan,nan,nan,nan,nan,nan,nan,nan,nan,nan,nan,nan,nan,nan,nan,nan,nan,nan,nan,nan,nan,nan,nan,nan,nan,nan,nan,nan,nan,nan,nan,nan,nan,nan,nan,nan,nan,nan,nan,nan,nan,nan,nan,nan,nan,nan,nan,nan,nan,nan,nan,nan,nan,nan,nan,nan,nan,nan,nan,nan,nan,nan,nan,nan,nan,nan,nan,nan,nan,nan,nan,nan,nan,nan,nan,nan,nan,nan,nan,nan,nan,nan,nan,nan,nan,nan,nan,nan,nan,nan,nan,nan,nan,nan,nan,nan,nan,nan,nan,nan,nan,nan,nan,nan,nan,nan,nan,nan,nan,nan,nan,nan,nan,nan,nan,nan,nan,nan,nan,nan,nan,nan,nan,nan,nan,nan,nan,nan,nan,nan,nan,nan,nan,nan,nan,nan,nan,nan,nan,nan,nan,nan,nan,nan,nan,nan,nan,nan,nan,nan,nan,nan,nan,nan,nan,nan,nan,nan,nan,nan,nan,nan,nan,nan,nan,nan,nan,nan,nan,nan,nan,nan,nan,nan,nan,nan,nan,nan,nan,nan,nan,nan,nan,nan,nan,nan,nan,nan,nan,nan,nan,nan,nan,nan,nan,nan,nan,nan,nan,nan,nan,nan,nan,nan,nan,nan,nan,nan,nan,nan,nan,nan,nan,nan,nan,nan,nan,nan,nan,nan,nan,nan,nan,nan,nan,nan,nan,nan,nan,nan,nan,nan,nan,nan,nan,nan,nan,nan,nan,nan,nan,nan,nan,nan,nan,nan,nan,nan,nan,nan,nan,nan,nan,nan,nan,nan,nan,nan,nan,nan,nan,nan,nan,nan,nan,nan,nan,nan,nan,nan,nan,nan,nan,nan,nan,nan,nan,nan,nan,nan,nan,nan,nan,nan,nan,nan,nan,nan,nan,nan,nan,nan,nan,nan,nan,nan,nan
1000.0,0.0,0.0,0.0,0.0,0.0,0.0,0.0,114.12032920906756,0.0,117.92285424392972,0.01663594422833348,1.415519066483146,0.08263848711086604,0.0,0.005282010317360844,0.001938786838415077,0.09999951534576125,0.0,0.0,0.0,0.31517035157928946,0.0,0.0,0.0,916.5532009508074,0.0,0.0,0.0,0.0070124848932006855,0.019022043409057682,0.0,0.0,0.0,0.0017915419992631076,0.0,0.0010132485355898186,0.0,0.0,0.0,0.03884058504867765,0.0,0.0,0.0,0.0,0.0011243258282758683,0.001612931996932022,0.015057517480853834,0.0,0.0010726020725710006,0.0,0.0,0.00378210482075878,0.0,0.0,0.16894745934163785,0.0014864140013758984,0.0,0.0,0.0,0.009765482962605957,0.013262804771813049,0.024376059708423985,0.08300466014121687,0.02047236289666992,0.006053875000210233,0.0019583308414392697,0.010000900149635993,0.016810973369411134,0.01027372260000775,0.008304062177914597,0.0074732393138216575,0.008556324056976927,0.011694701233975681,0.008329660863075398,0.009099044173195441,nan,nan,nan,nan,nan,nan,nan,nan,nan,nan,nan,nan,nan,nan,nan,nan,nan,nan,nan,nan,nan,nan,nan,nan,nan,nan,nan,nan,nan,nan,nan,nan,nan,nan,nan,nan,nan,nan,nan,nan,nan,nan,nan,nan,nan,nan,nan,nan,nan,nan,nan,nan,nan,nan,nan,nan,nan,nan,nan,nan,nan,nan,nan,nan,nan,nan,nan,nan,nan,nan,nan,nan,nan,nan,nan,nan,nan,nan,nan,nan,nan,nan,nan,nan,nan,nan,nan,nan,nan,nan,nan,nan,nan,nan,nan,nan,nan,nan,nan,nan,nan,nan,nan,nan,nan,nan,nan,nan,nan,nan,nan,nan,nan,nan,nan,nan,nan,nan,nan,nan,nan,nan,nan,nan,nan,nan,nan,nan,nan,nan,nan,nan,nan,nan,nan,nan,nan,nan,nan,nan,nan,nan,nan,nan,nan,nan,nan,nan,nan,nan,nan,nan,nan,nan,nan,nan,nan,nan,nan,nan,nan,nan,nan,nan,nan,nan,nan,nan,nan,nan,nan,nan,nan,nan,nan,nan,nan,nan,nan,nan,nan,nan,nan,nan,nan,nan,nan,nan,nan,nan,nan,nan,nan,nan,nan,nan,nan,nan,nan,nan,nan,nan,nan,nan,nan,nan,nan,nan,nan,nan,nan,nan,nan,nan,nan,nan,nan,nan,nan,nan,nan,nan,nan,nan,nan,nan,nan,nan,nan,nan,nan,nan,nan,nan,nan,nan,nan,nan,nan,nan,nan,nan,nan,nan,nan,nan,nan,nan,nan,nan,nan,nan,nan,nan,nan,nan,nan,nan,nan,nan,nan,nan,nan,nan,nan,nan,nan,nan,nan,nan,nan,nan,nan,nan,nan,nan,nan,nan,nan,nan,nan,nan,nan,nan,nan,nan,nan,nan,nan,nan,nan,nan,nan,nan,nan,nan,nan,nan,nan,nan,nan,nan,nan,nan,nan,nan,nan,nan,nan,nan,nan,nan,nan,nan,nan,nan,nan,nan,nan,nan,nan,nan,nan,nan,nan,nan,nan,nan,nan,nan,nan,nan,nan,nan,nan,nan,nan,nan,nan,nan,nan,nan,nan,nan,nan,nan,nan,nan,nan,nan,nan,nan,nan,nan,nan,nan,nan,nan,nan,nan,nan,nan,nan,nan,nan,nan,nan,nan,nan,nan,nan,nan,nan,nan,nan,nan,nan,nan,nan,nan,nan,nan,nan,nan,nan,nan,nan,nan,nan,nan,nan,nan,nan,nan,nan,nan,nan,nan,nan,nan,nan,nan,nan,nan,nan,nan,nan,nan,nan,nan,nan,nan,nan,nan,nan,nan,nan,nan,nan,nan,nan,nan,nan,nan,nan,nan,nan,nan,nan,nan,nan,nan,nan,nan,nan
2000.0,0.0,0.0,0.0,0.0,0.0,0.0,0.0,52.91187971876611,0.0,79.54135002607636,0.0,0.0,0.0,0.0,0.0,0.0,0.0,0.0,0.0,0.0,0.0,0.0,0.0,0.0,34.16323062532427,0.0,0.0,0.0,0.0,0.0,0.0,0.0,0.0,0.0,0.0,0.0,0.0,0.0,0.0,0.0,0.0,0.0,0.0,0.0,0.0,0.0,0.0,0.0,0.0,0.0,0.0,0.0,0.0,0.0,0.5983774659625338,0.0,0.0,0.0,0.0,0.0,0.002714273039317353,0.04661681280147058,190.89548196217248,0.028798591726008196,0.0,0.0,0.0,0.16099475578877878,0.0010947015154018445,0.0,0.0,0.0,0.3972375976336274,0.0,0.0,1.842840708922729,425.9641305868762,0.025206404129022413,0.0,0.0,0.5779500444291151,0.0,0.0032374838940631067,0.0,0.0,0.19948850088221096,0.0,0.003237773473891708,0.005750290882978593,0.10326711459615769,0.0,0.0,0.16553441943609676,0.0022105811071142793,0.0,0.0,0.035602237195404646,0.001120179316537294,0.0013234807801118674,0.0,0.04518058336721699,0.0,0.0013673887388415162,0.0,0.004078142757415499,0.0,0.0,0.0,0.007771172118861175,0.10626810517881372,0.007100288782644923,0.0,0.03996690664177571,0.015323095856255225,0.6206953662923768,0.0,0.0,0.0,0.0,0.0,0.0,0.0,0.0,0.009365054561802724,0.0,0.0,0.0023166761074905036,0.0,0.0034574958321505933,0.0,0.0370316059597321,0.003158156222249995,0.0032485129714268793,0.013565912152436585,0.0028402578811866437,0.006792046450883997,0.008778211862552508,0.0552052578123888,0.01853441676935224,0.008348482984785965,0.012160457060257016,0.009090501377894506,0.010127699106356924,nan,nan,nan,nan,nan,nan,nan,nan,nan,nan,nan,nan,nan,nan,nan,nan,nan,nan,nan,nan,nan,nan,nan,nan,nan,nan,nan,nan,nan,nan,nan,nan,nan,nan,nan,nan,nan,nan,nan,nan,nan,nan,nan,nan,nan,nan,nan,nan,nan,nan,nan,nan,nan,nan,nan,nan,nan,nan,nan,nan,nan,nan,nan,nan,nan,nan,nan,nan,nan,nan,nan,nan,nan,nan,nan,nan,nan,nan,nan,nan,nan,nan,nan,nan,nan,nan,nan,nan,nan,nan,nan,nan,nan,nan,nan,nan,nan,nan,nan,nan,nan,nan,nan,nan,nan,nan,nan,nan,nan,nan,nan,nan,nan,nan,nan,nan,nan,nan,nan,nan,nan,nan,nan,nan,nan,nan,nan,nan,nan,nan,nan,nan,nan,nan,nan,nan,nan,nan,nan,nan,nan,nan,nan,nan,nan,nan,nan,nan,nan,nan,nan,nan,nan,nan,nan,nan,nan,nan,nan,nan,nan,nan,nan,nan,nan,nan,nan,nan,nan,nan,nan,nan,nan,nan,nan,nan,nan,nan,nan,nan,nan,nan,nan,nan,nan,nan,nan,nan,nan,nan,nan,nan,nan,nan,nan,nan,nan,nan,nan,nan,nan,nan,nan,nan,nan,nan,nan,nan,nan,nan,nan,nan,nan,nan,nan,nan,nan,nan,nan,nan,nan,nan,nan,nan,nan,nan,nan,nan,nan,nan,nan,nan,nan,nan,nan,nan,nan,nan,nan,nan,nan,nan,nan,nan,nan,nan,nan,nan,nan,nan,nan,nan,nan,nan,nan,nan,nan,nan,nan,nan,nan,nan,nan,nan,nan,nan,nan,nan,nan,nan,nan,nan,nan,nan,nan,nan,nan,nan,nan,nan,nan,nan,nan,nan,nan,nan,nan,nan,nan,nan,nan,nan,nan,nan,nan,nan,nan,nan,nan,nan,nan,nan,nan,nan,nan,nan,nan,nan,nan,nan,nan,nan,nan,nan,nan,nan,nan,nan,nan,nan,nan,nan,nan,nan,nan,nan,nan,nan,nan,nan,nan,nan,nan,nan,nan,nan,nan,nan,nan,nan,nan,nan,nan,nan,nan,nan,nan,nan,nan,nan,nan,nan,nan,nan,nan,nan,nan,nan,nan,nan,nan,nan,nan,nan,nan,nan,nan
3000.0,0.0,0.0,0.0,0.0,0.0,0.0,0.0,43.27874264037573,0.0,60.47190119785148,0.0,0.0,0.0,0.0,0.0,0.0,0.0,0.0,0.0,0.0,0.0,0.0,0.0,0.0,0.003617948105598007,0.0,0.0,0.0,0.0,0.0,0.0,0.0,0.0,0.0,0.0,0.0,0.0,0.0,0.0,0.0,0.0,0.0,0.0,0.0,0.0,0.0,0.0,0.0,0.0,0.0,0.0,0.0,0.0,0.0,0.0,0.0,0.0,0.0,0.0,0.0,0.0,0.0,24.07464679111248,0.0,0.0,0.0,0.0,0.0,0.0,0.0,0.0,0.0,0.002435043547405936,0.0,0.0,0.07754023107892331,329.503711347717,0.0,0.0,0.0,0.008333898337147934,0.0,0.0,0.0,0.0,0.0036957027921365663,0.0,0.0,0.0,0.0,0.0,0.0,0.0023627392848283493,0.0,0.0,0.0,0.0,0.0,0.0,0.0,0.0,0.0,0.0,0.0,0.0,0.0,0.0,0.0,0.0,0.01935207780019239,0.0,0.0,0.0036438604860685436,0.0,12.077119619920213,0.0,0.0,0.0,0.0,0.0,0.0,0.0,0.0,0.0,0.0,0.0,0.0,0.0,0.0,0.0,1.9321237720137756,0.0,0.0,0.01604444508279909,0.0,0.0,0.0013482041085509462,162.65648478477542,4.672964547779441,0.0,0.05876112131387752,0.0,1.4788989012707403,0.027191322600693582,0.005911875339905136,0.0,0.0,0.0,0.0,0.015069360652510109,0.018406823826825215,0.0015559812639343925,0.0016207507083883619,0.21941897997803958,0.0016516059092571418,0.012348860007533586,0.0,1.1818068986136514,0.0,0.0013898708928115036,0.3311217957559272,0.002493066051468015,0.0,0.05525514840434766,0.031236411040055628,0.21938544592810974,0.0,0.002161653922413964,0.008023371733221827,0.0028880409670562,0.0,0.0019898781276735146,0.0,0.5315035526896291,0.005612844474679616,0.0,0.0032235532440345275,0.0,0.0,0.0,0.0041529955497524714,0.001643258474360749,0.002273922167834215,0.0024217547793924507,0.0024912644865094395,0.7301755186530076,0.00217833441747783,0.007302559563757591,0.1714811210315824,0.02404346223236598,0.0024291847062360406,0.008813018828170871,0.0015999970480565292,0.005138487898564976,0.00873895702406385,0.007357609581066134,0.010044978762614096,0.006395675762327934,0.018141496265652937,0.004106842987213539,0.007407656510383004,0.0075630531042425115,0.010196632641866982,0.009965452714060933,nan,nan,nan,nan,nan,nan,nan,nan,nan,nan,nan,nan,nan,nan,nan,nan,nan,nan,nan,nan,nan,nan,nan,nan,nan,nan,nan,nan,nan,nan,nan,nan,nan,nan,nan,nan,nan,nan,nan,nan,nan,nan,nan,nan,nan,nan,nan,nan,nan,nan,nan,nan,nan,nan,nan,nan,nan,nan,nan,nan,nan,nan,nan,nan,nan,nan,nan,nan,nan,nan,nan,nan,nan,nan,nan,nan,nan,nan,nan,nan,nan,nan,nan,nan,nan,nan,nan,nan,nan,nan,nan,nan,nan,nan,nan,nan,nan,nan,nan,nan,nan,nan,nan,nan,nan,nan,nan,nan,nan,nan,nan,nan,nan,nan,nan,nan,nan,nan,nan,nan,nan,nan,nan,nan,nan,nan,nan,nan,nan,nan,nan,nan,nan,nan,nan,nan,nan,nan,nan,nan,nan,nan,nan,nan,nan,nan,nan,nan,nan,nan,nan,nan,nan,nan,nan,nan,nan,nan,nan,nan,nan,nan,nan,nan,nan,nan,nan,nan,nan,nan,nan,nan,nan,nan,nan,nan,nan,nan,nan,nan,nan,nan,nan,nan,nan,nan,nan,nan,nan,nan,nan,nan,nan,nan,nan,nan,nan,nan,nan,nan,nan,nan,nan,nan,nan,nan,nan,nan,nan,nan,nan,nan,nan,nan,nan,nan,nan,nan,nan,nan,nan,nan,nan,nan,nan,nan,nan,nan,nan,nan,nan,nan,nan,nan,nan,nan,nan,nan,nan,nan,nan,nan,nan,nan,nan,nan,nan,nan,nan,nan,nan,nan,nan,nan,nan,nan,nan,nan,nan,nan,nan,nan,nan,nan,nan,nan,nan,nan,nan,nan,nan,nan,nan,nan,nan,nan,nan,nan,nan,nan,nan,nan,nan,nan,nan,nan,nan,nan,nan,nan,nan,nan,nan,nan,nan,nan,nan,nan,nan,nan,nan,nan,nan,nan,nan,nan
4000.0,0.0,0.0,0.0,0.0,0.0,0.0,0.0,55.030065094819285,0.0,24.349546455313384,0.0,0.0,0.0,0.0,0.0,0.0,0.0,0.0,0.0,0.0,0.0,0.0,0.0,0.0,0.0,0.0,0.0,0.0,0.0,0.0,0.0,0.0,0.0,0.0,0.0,0.0,0.0,0.0,0.0,0.0,0.0,0.0,0.0,0.0,0.0,0.0,0.0,0.0,0.0,0.0,0.0,0.0,0.0,0.0,0.0,0.0,0.0,0.0,0.0,0.0,0.0,0.0,0.04493377562884157,0.0,0.0,0.0,0.0,0.0,0.0,0.0,0.0,0.0,0.0,0.0,0.0,0.0,3.6222626001772986,0.0,0.0,0.0,0.0,0.0,0.0,0.0,0.0,0.0,0.0,0.0,0.0,0.0,0.0,0.0,0.0,0.0,0.0,0.0,0.0,0.0,0.0,0.0,0.0,0.0,0.0,0.0,0.0,0.0,0.0,0.0,0.0,0.0,0.0,0.0,0.0,0.0,0.09808643965325918,0.0,0.0,0.0,0.0,0.0,0.0,0.0,0.0,0.0,0.0,0.0,0.0,0.0,0.0,0.0,0.08304744619581449,0.0,0.0,0.0,0.0,0.0,0.0,412.7182234960948,0.781224309433503,0.0,0.0015797936899267847,0.0,0.2887307781846675,0.0,0.0,0.0,0.0,0.0,0.0,0.0,0.0,0.0,0.0,0.04784069316260584,0.0,0.0,0.0,0.7429168084121909,0.0,0.0,0.08221934446579583,0.0,0.0,0.001408033146151509,0.0,0.06606921311642817,0.0,0.0,0.0,0.0,0.0,0.0,0.0,0.3749166601962207,0.0,0.0,0.0,0.0,0.0,0.0,0.0,0.0,0.0,0.0,0.0,15.834396212935516,0.0,0.0,0.6435060600364896,0.004005249335414297,0.0,0.0,0.0,0.0,0.0,0.0,0.0,0.0,0.009093617445012723,0.0,0.0,0.0,0.0,0.0,0.0,0.2288924341198962,0.0,0.042336290399351495,0.0,0.0,0.07553521381849759,0.0032831963791937666,0.0,0.0,0.028008891035891423,0.01570754385795595,0.0,0.011240445347777484,0.048532896302996925,0.0,0.0,0.013736760263584542,0.11502696991196938,0.0330134025247346,0.010191950990456498,0.014745983606098302,0.00427746779160515,0.004728775873766961,0.0018478489106481942,0.0,0.03781077647673538,0.015065257168341973,0.003386516146668101,0.015396407066549224,0.004425771405530198,0.01877571909732423,0.0490338381509338,0.012683776413096128,0.010544118591531213,0.009520096396508302,0.001576938249249851,0.034135639849291737,0.0028812696726844725,0.012680957825477282,0.007768260034520589,0.011746926268226677,0.014395583035285124,0.005152643666767573,0.013235165704877675,0.010168171253414333,0.005070344296774944,0.008621490034041453,0.012444404297594197,0.01089562249041067,0.011648775639720492,0.007212515643614152,0.008925169463394582,0.009606154035577,0.01048342443660475,0.010495417837683093,0.010523602930373263,nan,nan,nan,nan,nan,nan,nan,nan,nan,nan,nan,nan,nan,nan,nan,nan,nan,nan,nan,nan,nan,nan,nan,nan,nan,nan,nan,nan,nan,nan,nan,nan,nan,nan,nan,nan,nan,nan,nan,nan,nan,nan,nan,nan,nan,nan,nan,nan,nan,nan,nan,nan,nan,nan,nan,nan,nan,nan,nan,nan,nan,nan,nan,nan,nan,nan,nan,nan,nan,nan,nan,nan,nan,nan,nan,nan,nan,nan,nan,nan,nan,nan,nan,nan,nan,nan,nan,nan,nan,nan,nan,nan,nan,nan,nan,nan,nan,nan,nan,nan,nan,nan,nan,nan,nan,nan,nan,nan,nan,nan,nan,nan,nan,nan,nan,nan,nan,nan,nan,nan,nan,nan,nan,nan,nan,nan,nan,nan,nan,nan,nan,nan,nan,nan,nan,nan,nan,nan,nan,nan,nan,nan,nan,nan,nan,nan,nan,nan,nan,nan,nan,nan,nan,nan,nan,nan,nan,nan,nan,nan,nan,nan,nan,nan,nan,nan,nan,nan,nan,nan,nan,nan,nan,nan,nan,nan,nan,nan,nan,nan,nan,nan,nan,nan,nan,nan,nan,nan,nan,nan,nan,nan,nan,nan,nan,nan,nan,nan,nan,nan,nan,nan,nan,nan,nan,nan,nan,nan,nan,nan,nan,nan,nan,nan,nan,nan,nan,nan,nan,nan,nan,nan,nan,nan,nan,nan,nan,nan,nan,nan,nan,nan,nan,nan,nan,nan,nan,nan,nan,nan,nan,nan,nan,nan,nan,nan,nan,nan,nan
5000.0,0.0,0.0,0.0,0.0,0.0,0.0,0.0,72.58425602436802,0.0,0.0,0.0,0.0,0.0,0.0,0.0,0.0,0.0,0.0,0.0,0.0,0.0,0.0,0.0,0.0,0.0,0.0,0.0,0.0,0.0,0.0,0.0,0.0,0.0,0.0,0.0,0.0,0.0,0.0,0.0,0.0,0.0,0.0,0.0,0.0,0.0,0.0,0.0,0.0,0.0,0.0,0.0,0.0,0.0,0.0,0.0,0.0,0.0,0.0,0.0,0.0,0.0,0.0,0.0,0.0,0.0,0.0,0.0,0.0,0.0,0.0,0.0,0.0,0.0,0.0,0.0,0.0,0.04718235989999209,0.0,0.0,0.0,0.0,0.0,0.0,0.0,0.0,0.0,0.0,0.0,0.0,0.0,0.0,0.0,0.0,0.0,0.0,0.0,0.0,0.0,0.0,0.0,0.0,0.0,0.0,0.0,0.0,0.0,0.0,0.0,0.0,0.0,0.0,0.0,0.0,0.0,0.0,0.0,0.0,0.0,0.0,0.0,0.0,0.0,0.0,0.0,0.0,0.0,0.0,0.0,0.0,0.0,0.0,0.0,0.0,0.0,0.0,0.0,0.0,177.74564216502813,0.003647331573271238,0.0,0.0,0.0,0.00549830886056227,0.0,0.0,0.0,0.0,0.0,0.0,0.0,0.0,0.0,0.0,0.014181318284954812,0.0,0.0,0.0,0.15242335006490143,0.0,0.0,0.008224741875750407,0.0,0.0,0.0,0.0,0.01645044224523082,0.0,0.0,0.0,0.0,0.0,0.0,0.0,0.05634371400564034,0.0,0.0,0.0,0.0,0.0,0.0,0.0,0.0,0.0,0.0,0.0,107.07648449412694,0.0,0.0,0.31090742204560534,0.0010553105485598241,0.0,0.0,0.0,0.0,0.0,0.0,0.0,0.0,0.001108838465085906,0.0,0.0,0.0,0.0,0.0,0.0,1.2799425740229362,0.0,0.2051914451930767,0.0,0.0,0.00367441859671753,0.0,0.0,0.0,0.020154773828504186,0.0041869209244956756,0.0,0.0013284691655607792,0.27462350051347817,0.0,0.0,0.012705008659074375,0.7047049325337167,0.9718708499105853,0.0,0.11390016623986013,0.0,0.0011074537569763945,0.0,0.0,0.6153984863485396,0.005061603617762695,0.0,0.03396816631328644,0.0,0.004924656978572435,7.283236582918104,0.01212654423556896,0.009216012900401735,0.003519129502517922,0.0,0.37924340760668995,0.0,0.08476807179930929,0.02476047110141697,0.008389392801077068,0.04955089999893032,0.0,0.06294941203428583,0.002385104132891252,0.0,0.0,0.09162630824281176,0.016911917608734634,0.01894075787855495,0.0,0.0,0.0013700022076121195,0.02497338650939812,0.04259069937856481,146.57100646659484,0.0,0.0,0.027671527919377388,0.0,0.0,0.053214753733814874,0.06632257803549442,0.0,0.0034396477125794005,0.0010985084665436956,0.00754837111383518,0.15067732672594353,0.0,0.0014289155761947506,0.0016062306772133014,0.0,0.0,0.005612081286422835,0.0013029454835381353,0.001329981361550722,0.015043997839857281,0.0042649769339026065,0.03162040725022527,0.09184263366896384,0.0420426706335997,0.003452829138270222,0.0,0.003011866791097331,0.034492133491403724,0.11727318993680368,0.0011030692605746243,0.0027310240173397202,0.03691514930182123,0.03162635988516901,0.007419686787386916,0.0160206536585123,0.2870296100033196,0.012167639792073037,0.013882584168892728,0.0022467762034685413,0.0030557908158071164,0.005256746124889621,0.0074726634734429845,0.014458977366025456,0.005734776926175277,0.0018628878697009937,0.02319701166112711,0.009318896180583078,0.009417256850665592,0.004115060242617992,0.005426167096454927,0.004168689209382624,0.03077994383074839,0.00439615639936959,0.00940358161302607,0.01124592132813664,nan,nan,nan,nan,nan,nan,nan,nan,nan,nan,nan,nan,nan,nan,nan,nan,nan,nan,nan,nan,nan,nan,nan,nan,nan,nan,nan,nan,nan,nan,nan,nan,nan,nan,nan,nan,nan,nan,nan,nan,nan,nan,nan,nan,nan,nan,nan,nan,nan,nan,nan,nan,nan,nan,nan,nan,nan,nan,nan,nan,nan,nan,nan,nan,nan,nan,nan,nan,nan,nan,nan,nan,nan,nan,nan,nan,nan,nan,nan,nan,nan,nan,nan,nan,nan,nan,nan,nan,nan,nan,nan,nan,nan,nan,nan,nan,nan,nan,nan,nan,nan,nan,nan,nan,nan,nan,nan,nan,nan,nan,nan,nan,nan,nan,nan,nan,nan,nan,nan,nan,nan,nan,nan,nan,nan,nan,nan,nan,nan,nan,nan,nan,nan,nan,nan,nan,nan,nan,nan,nan,nan,nan,nan,nan,nan,nan,nan,nan,nan,nan,nan,nan,nan,nan,nan,nan,nan,nan,nan,nan,nan,nan,nan,nan,nan,nan,nan,nan,nan,nan,nan,nan,nan,nan,nan,nan,nan,nan,nan,nan,nan,nan,nan,nan,nan,nan,nan,nan,nan,nan,nan,nan,nan
6000.0,0.0,0.0,0.0,0.0,0.0,0.0,0.0,30.62522803036062,0.0,22.26502397638804,0.0,0.0,0.0,0.0,0.0,0.0,0.0,0.0,0.0,0.0,0.0,0.0,0.0,0.0,0.0,0.0,0.0,0.0,0.0,0.0,0.0,0.0,0.0,0.0,0.0,0.0,0.0,0.0,0.0,0.0,0.0,0.0,0.0,0.0,0.0,0.0,0.0,0.0,0.0,0.0,0.0,0.0,0.0,0.0,0.0,0.0,0.0,0.0,0.0,0.0,0.0,0.0,0.0,0.0,0.0,0.0,0.0,0.0,0.0,0.0,0.0,0.0,0.0,0.0,0.0,0.0,0.0,0.0,0.0,0.0,0.0,0.0,0.0,0.0,0.0,0.0,0.0,0.0,0.0,0.0,0.0,0.0,0.0,0.0,0.0,0.0,0.0,0.0,0.0,0.0,0.0,0.0,0.0,0.0,0.0,0.0,0.0,0.0,0.0,0.0,0.0,0.0,0.0,0.0,0.0,0.0,0.0,0.0,0.0,0.0,0.0,0.0,0.0,0.0,0.0,0.0,0.0,0.0,0.0,0.0,0.0,0.0,0.0,0.0,0.0,0.0,0.0,0.24938043131274565,0.0,0.0,0.0,0.0,0.0,0.0,0.0,0.0,0.0,0.0,0.0,0.0,0.0,0.0,0.0,0.0,0.0,0.0,0.0,0.0,0.0,0.0,0.0,0.0,0.0,0.0,0.0,0.0,0.0,0.0,0.0,0.0,0.0,0.0,0.0,0.0,0.0,0.0,0.0,0.0,0.0,0.0,0.0,0.0,0.0,0.0,0.0,1.055357345325616,0.0,0.0,0.0,0.0,0.0,0.0,0.0,0.0,0.0,0.0,0.0,0.0,0.0,0.0,0.0,0.0,0.0,0.0,0.0,0.011098707056974149,0.0,0.0016530079740618745,0.0,0.0,0.0,0.0,0.0,0.0,0.0,0.0,0.0,0.0,0.002389271073430125,0.0,0.0,0.0,0.0058956411391085034,0.030476597732991082,0.0,0.0013857926589471653,0.0,0.0,0.0,0.0,0.01145742177831504,0.0,0.0,0.0,0.0,0.0,0.6931430998252036,0.0,0.0,0.0,0.0,0.004943290664382747,0.0,0.0,0.0,0.0,0.0,0.0,0.0,0.0,0.0,0.0,0.0,0.0,0.0,0.0,0.0,0.0,0.0,0.0,341.8218909013236,0.0,0.0,0.0,0.0,0.0,0.0,0.0,0.0,0.0,0.0,0.0,0.003830286100841921,0.0,0.0,0.0,0.0,0.0,0.0,0.0,0.0,0.0,0.0,0.0,0.004526054324302689,0.0012445661281028368,0.0,0.0,0.0,0.0,0.011600561256896487,0.0,0.0,0.0012274918827274045,0.0013841074936836895,0.0,0.0,3.1386330999503196,0.0,0.0,0.0,0.0,0.0,0.0,0.0,0.0,0.0,0.002552736963998554,0.0,0.0,0.0,0.0,0.0,7.366305553067996,0.0,0.0,0.00911606725980323,0.16819602498571642,0.0,0.0,0.0,0.0,0.0036173790889264703,0.0,0.013659256912240148,0.0,0.0,0.0,0.0,0.07228936570401184,0.0,0.02040350223206565,0.001307983133605086,0.003516269483668295,0.08356461786364495,0.09073670028140975,0.0038809607447835696,0.002624470040163422,0.008743156835033286,0.0014833712639101878,0.002208298495571863,0.06241869380418567,0.001429855331480906,0.0,0.004651400791554264,0.02728213877847797,0.012964468150992989,0.027074518987336517,0.008849701739169191,0.03461795484907829,0.006590482362579722,0.006090300038049382,0.015202273260609266,0.011315179467738714,0.02158330603792926,0.015553400842864011,0.007726279303493378,0.10842322436440394,0.013382464702868847,0.01793040748643803,0.0070050842273363285,0.016075849877161628,0.011163814739585328,0.008559050890688553,0.004621052957224985,0.009314570972556552,0.0042584940290524165,0.007698586158208108,0.015246428521408683,0.009152807175792,0.011483457240120905,0.008959685183047393,0.01587870701101174,0.008216995777051891,0.008334374726258602,0.009832395210885548,0.010081805082481646,0.009970141917599007,nan,nan,nan,nan,nan,nan,nan,nan,nan,nan,nan,nan,nan,nan,nan,nan,nan,nan,nan,nan,nan,nan,nan,nan,nan,nan,nan,nan,nan,nan,nan,nan,nan,nan,nan,nan,nan,nan,nan,nan,nan,nan,nan,nan,nan,nan,nan,nan,nan,nan,nan,nan,nan,nan,nan,nan,nan,nan,nan,nan,nan,nan,nan,nan,nan,nan,nan,nan,nan,nan,nan,nan,nan,nan,nan,nan,nan,nan,nan,nan,nan,nan,nan,nan,nan,nan,nan,nan,nan,nan,nan,nan,nan,nan,nan,nan,nan,nan,nan,nan,nan,nan,nan,nan,nan,nan,nan,nan,nan,nan,nan,nan,nan,nan,nan,nan,nan,nan,nan,nan,nan,nan,nan,nan,nan,nan,nan,nan,nan,nan,nan,nan
7000.0,0.0,0.0,0.0,0.0,0.0,0.0,0.0,0.0,0.0,53.757526197874675,0.0,0.0,0.0,0.0,0.0,0.0,0.0,0.0,0.0,0.0,0.0,0.0,0.0,0.0,0.0,0.0,0.0,0.0,0.0,0.0,0.0,0.0,0.0,0.0,0.0,0.0,0.0,0.0,0.0,0.0,0.0,0.0,0.0,0.0,0.0,0.0,0.0,0.0,0.0,0.0,0.0,0.0,0.0,0.0,0.0,0.0,0.0,0.0,0.0,0.0,0.0,0.0,0.0,0.0,0.0,0.0,0.0,0.0,0.0,0.0,0.0,0.0,0.0,0.0,0.0,0.0,0.0,0.0,0.0,0.0,0.0,0.0,0.0,0.0,0.0,0.0,0.0,0.0,0.0,0.0,0.0,0.0,0.0,0.0,0.0,0.0,0.0,0.0,0.0,0.0,0.0,0.0,0.0,0.0,0.0,0.0,0.0,0.0,0.0,0.0,0.0,0.0,0.0,0.0,0.0,0.0,0.0,0.0,0.0,0.0,0.0,0.0,0.0,0.0,0.0,0.0,0.0,0.0,0.0,0.0,0.0,0.0,0.0,0.0,0.0,0.0,0.0,0.010852894540153623,0.0,0.0,0.0,0.0,0.0,0.0,0.0,0.0,0.0,0.0,0.0,0.0,0.0,0.0,0.0,0.0,0.0,0.0,0.0,0.0,0.0,0.0,0.0,0.0,0.0,0.0,0.0,0.0,0.0,0.0,0.0,0.0,0.0,0.0,0.0,0.0,0.0,0.0,0.0,0.0,0.0,0.0,0.0,0.0,0.0,0.0,0.0,0.1188542653749666,0.0,0.0,0.0,0.0,0.0,0.0,0.0,0.0,0.0,0.0,0.0,0.0,0.0,0.0,0.0,0.0,0.0,0.0,0.0,0.0015589191446211724,0.0,0.0,0.0,0.0,0.0,0.0,0.0,0.0,0.0,0.0,0.0,0.0,0.0,0.0,0.0,0.0,0.011579299604767893,0.0,0.0,0.0,0.0,0.0,0.0,0.0,0.0015454273320332792,0.0,0.0,0.0,0.0,0.0,0.08050702385311254,0.0,0.0,0.0,0.0,0.005089686520143092,0.0,0.0,0.0,0.0,0.0,0.0,0.0,0.0,0.0,0.0,0.0,0.0,0.0,0.0,0.0,0.0,0.0,0.0,170.2219583948184,0.0,0.0,0.0,0.0,0.0,0.0,0.0,0.0,0.0,0.0,0.0,0.0025271089256815823,0.0,0.0,0.0,0.0,0.0,0.0,0.0,0.0,0.0,0.0,0.0,0.0,0.020307139905677035,0.0,0.0,0.0,0.0,0.001347016513800821,0.0,0.0,0.0,0.0,0.0,0.0,123.34701754670368,0.0,0.0,0.0,0.0,0.0,0.0,0.0,0.0,0.0,0.0,0.0,0.0,0.0,0.0,0.0,42.34050113996979,0.0,0.0,0.0,3.8874123420421274,0.0,0.0,0.0,0.0,0.0,0.0,0.006529349818166075,0.0,0.0,0.0,0.0,1.0806590623766554,0.0,0.03666199580201703,0.0,0.010582031014185471,0.006022986317875402,0.32882945640892003,0.0,0.0,0.009443643946386138,0.0,0.0010439919394252986,0.09826200747592949,0.0,0.0,0.0,0.21058140210690598,0.014261360947762272,0.1924047122041487,0.00593951186454831,0.004734909381023495,0.0,0.0,0.01656231334168919,0.004587773604428814,0.03558544411438867,0.0026606926412358033,0.002536467449359813,1.6076946939570678,0.004355752055387613,0.039084837673621926,0.0,0.019782356434875602,0.0,0.0012995355890513722,0.0,0.005824139278224815,0.0,0.0,0.049782600394250455,0.01575244427384115,0.05284902564227388,0.0,0.262186214945298,0.002529339466978859,0.0015697169998941615,0.0,0.03203215944510819,0.0,0.030674339124589597,0.04759168415360868,0.00170412710577669,0.0,0.020510965853245865,0.005692030100153669,0.013117708651979056,0.001672344296299913,0.002364990796642603,0.024153533589308544,0.0018543950103487,0.028040214671360506,0.05306638621693632,0.0,0.0,0.0059775081505080265,0.008418505652917591,0.002741266999372865,0.0014192142671324735,0.0,0.002093854755200771,0.0,0.004238131104437738,0.07092461297828906,0.0017169155359387056,0.0033872578890554736,0.08468140371717436,0.005722045600965964,0.0,0.019718921200720635,0.0,0.015915174651146502,0.006373482363214334,0.006794219195188097,0.007003710460150368,0.006283989202311367,0.009319951887554448,0.12564703541083272,0.013820458035645616,0.011440982953255121,0.06014115337663516,0.015145141767361474,0.3075889793575912,0.006877892792609771,0.002060965516976896,0.0032743847462177616,0.016788482079310985,0.0022123047404082187,0.0055656817280210534,0.02022926527275283,0.0020475570917870916,0.002613284188117376,0.002303829761316118,0.03703308083346242,0.038847587602356445,0.001681682693125703,0.023203223774195102,0.010722237722173563,0.0023195707784169368,0.005353221455491918,0.006131293436187075,0.011909319626219592,0.010269029660876523,0.008636812909036175,0.009993223640527191,0.007281179980355022,0.009571064250730812,0.013218977258421838,0.007736447565647654,0.01273070812997687,0.01201528165489476,0.013549345055290148,0.009328565905179926,0.00967148294924955,0.00970163827377252,0.009980741395425213,nan,nan,nan,nan,nan,nan,nan,nan,nan,nan,nan,nan,nan,nan,nan,nan,nan,nan,nan,nan,nan,nan,nan,nan,nan,nan,nan,nan,nan,nan,nan,nan,nan,nan,nan,nan,nan,nan,nan,nan,nan,nan,nan,nan,nan,nan,nan,nan,nan,nan,nan,nan,nan,nan,nan,nan
8000.0,0.0,0.9792710424309076,0.0,0.0,0.0,0.0,0.0,0.0,0.0,42.86314348600576,0.0,0.0,0.0,0.0,0.0,0.0,0.0,0.0,0.0,0.0,0.0,0.0,0.0,0.0,0.0,0.0,0.0,0.0,0.0,0.0,0.0,0.0,0.0,0.0,0.0,0.0,0.0,0.0,0.0,0.0,0.0,0.0,0.0,0.0,0.0,0.0,0.0,0.0,0.0,0.0,0.0,0.0,0.0,0.0,0.0,0.0,0.0,0.0,0.0,0.0,0.0,0.0,0.0,0.0,0.0,0.0,0.0,0.0,0.0,0.0,0.0,0.0,0.0,0.0,0.0,0.0,0.0,0.0,0.0,0.0,0.0,0.0,0.0,0.0,0.0,0.0,0.0,0.0,0.0,0.0,0.0,0.0,0.0,0.0,0.0,0.0,0.0,0.0,0.0,0.0,0.0,0.0,0.0,0.0,0.0,0.0,0.0,0.0,0.0,0.0,0.0,0.0,0.0,0.0,0.0,0.0,0.0,0.0,0.0,0.0,0.0,0.0,0.0,0.0,0.0,0.0,0.0,0.0,0.0,0.0,0.0,0.0,0.0,0.0,0.0,0.0,0.0,0.0,0.0,0.0,0.0,0.0,0.0,0.0,0.0,0.0,0.0,0.0,0.0,0.0,0.0,0.0,0.0,0.0,0.0,0.0,0.0,0.0,0.0,0.0,0.0,0.0,0.0,0.0,0.0,0.0,0.0,0.0,0.0,0.0,0.0,0.0,0.0,0.0,0.0,0.0,0.0,0.0,0.0,0.0,0.0,0.0,0.0,0.0,0.0,0.0025031983892538573,0.0,0.0,0.0,0.0,0.0,0.0,0.0,0.0,0.0,0.0,0.0,0.0,0.0,0.0,0.0,0.0,0.0,0.0,0.0,0.0,0.0,0.0,0.0,0.0,0.0,0.0,0.0,0.0,0.0,0.0,0.0,0.0,0.0,0.0,0.0,0.0,0.010356504410600216,0.0,0.0,0.0,0.0,0.0,0.0,0.0,0.0,0.0,0.0,0.0,0.0,0.0,0.0,0.0,0.0,0.0,0.0,0.0016428561558130361,0.0,0.0,0.0,0.0,0.0,0.0,0.0,0.0,0.0,0.0,0.0,0.0,0.0,0.0,0.0,0.0,0.0,0.0,2.627704160162445,0.0,0.0,0.0,0.0,0.0,0.0,0.0,0.0,0.0,0.0,0.0,0.0,0.0,0.0,0.0,0.0,0.0,0.0,0.0,0.0,0.0,0.0,0.0,0.0,0.16942658622750806,0.0,0.0,0.0,0.0,0.0,0.0,0.0,0.0,0.0,0.0,0.0,279.83372138631506,0.0,0.0,0.0,0.0,0.0,0.0,0.0,0.0,0.0,0.0,0.0,0.0,0.0,0.0,0.0,2.3286200181703594,0.0,0.0,0.0,3.806656548710702,0.0,0.0,0.0,0.0,0.0,0.0,0.0,0.0,0.0,0.0,0.0,0.5464258175917933,0.0,0.002142842628247767,0.0,0.0034335540761521103,0.0,0.018014845922720554,0.0,0.0,0.0,0.0,0.0,0.0016628654055635215,0.0,0.0,0.0,0.05708707670744572,0.0,0.046228942390625936,0.0,0.0,0.0,0.0,0.0,0.0,0.0011332688720937841,0.0,0.0,0.11634848546921198,0.0,0.0021355063478129934,0.0,0.0,0.0,0.0,0.0,0.0,0.0,0.0,0.003918485535746384,0.0020764692182089614,0.015242556567531193,0.0,0.0910358880809355,0.0,0.0,0.0,0.001084773033377139,0.0,0.0019418078973429723,0.006370643445010286,0.0,0.0,0.0,0.0,0.0,0.0,0.0,0.0,0.0,0.007341111918909091,0.004534905376233953,0.0,0.0,0.0,0.0,0.0,0.0,0.0,0.0,0.0,0.0,0.027517083326102885,0.0,0.0,0.11981844342066278,0.0,0.0,0.0012485587786310768,0.0,0.004404244954204463,0.0,0.0,0.0,0.0,0.0,0.8508388189070466,0.0013759683657042904,0.0011087617412305773,0.16791257246688257,0.0014235427489493054,22.241346292169133,0.0,0.0,0.0,0.0020451665567568517,0.0,0.0,0.007669487706932913,0.0,0.0,0.0,0.07778765461528928,0.15731888863593027,0.0,0.014109578206000752,0.0,0.0,0.0,0.0,0.0024308890782947607,0.0,0.0,0.0,0.0,0.0,0.04075430941102222,0.0,0.033348227315847065,0.035571661536119216,8.860279180604374,0.0,0.0,0.0,0.0,0.0021004851146154313,0.0,0.0,0.0,0.001886021327701146,0.0025447624783462492,0.032140761291967544,0.029100742984688864,0.0,0.0,0.005282279020915093,0.007731440121408209,0.01862488148757975,0.028254109192897038,0.00925882529690571,0.016202126125134594,0.0010507396951866805,0.0,0.004861051355935815,0.010477055971059286,0.0012414458357240413,0.0032872155058235176,0.13532475756850004,0.0,0.012412656007451754,0.0,0.004627068790717551,0.012451045805706865,0.010684936443911703,0.06661560499167876,0.004328735695993286,0.03750980652000296,0.002730146161223197,0.0019525182415051584,0.013102911994566865,0.006027323252929499,0.07639495476988292,0.011405774789080371,0.010600308392554113,0.009516209401917273,0.0,0.020643114251635827,0.009223041836703213,0.015660690930712366,0.0019024604520652085,0.004009404875647965,0.011381835150199405,0.012564109514073886,0.0033768779798847427,0.005029990038226331,0.011681752454912528,0.008549755362047167,0.010244315446761867,0.019266326048937184,0.011762744055838586,0.00798907410562748
9000.0,0.0,23.028500887154387,0.0,0.0,0.0,0.0,0.0,0.20440269471860617,0.0,19.912337414128608,0.0,0.0,0.0,0.0,0.0,0.0,0.0,0.0,0.0,0.0,0.0,0.0,0.0,0.0,0.0,0.0,0.0,0.0,0.0,0.0,0.0,0.0,0.0,0.0,0.0,0.0,0.0,0.0,0.0,0.0,0.0,0.0,0.0,0.0,0.0,0.0,0.0,0.0,0.0,0.0,0.0,0.0,0.0,0.0,0.0,0.0,0.0,0.0,0.0,0.0,0.0,0.0,0.0,0.0,0.0,0.0,0.0,0.0,0.0,0.0,0.0,0.0,0.0,0.0,0.0,0.0,0.0,0.0,0.0,0.0,0.0,0.0,0.0,0.0,0.0,0.0,0.0,0.0,0.0,0.0,0.0,0.0,0.0,0.0,0.0,0.0,0.0,0.0,0.0,0.0,0.0,0.0,0.0,0.0,0.0,0.0,0.0,0.0,0.0,0.0,0.0,0.0,0.0,0.0,0.0,0.0,0.0,0.0,0.0,0.0,0.0,0.0,0.0,0.0,0.0,0.0,0.0,0.0,0.0,0.0,0.0,0.0,0.0,0.0,0.0,0.0,0.0,0.0,0.0,0.0,0.0,0.0,0.0,0.0,0.0,0.0,0.0,0.0,0.0,0.0,0.0,0.0,0.0,0.0,0.0,0.0,0.0,0.0,0.0,0.0,0.0,0.0,0.0,0.0,0.0,0.0,0.0,0.0,0.0,0.0,0.0,0.0,0.0,0.0,0.0,0.0,0.0,0.0,0.0,0.0,0.0,0.0,0.0,0.0,0.0,0.0,0.0,0.0,0.0,0.0,0.0,0.0,0.0,0.0,0.0,0.0,0.0,0.0,0.0,0.0,0.0,0.0,0.0,0.0,0.0,0.0,0.0,0.0,0.0,0.0,0.0,0.0,0.0,0.0,0.0,0.0,0.0,0.0,0.0,0.0,0.0,0.0,0.002090573038845257,0.0,0.0,0.0,0.0,0.0,0.0,0.0,0.0,0.0,0.0,0.0,0.0,0.0,0.0,0.0,0.0,0.0,0.0,0.0,0.0,0.0,0.0,0.0,0.0,0.0,0.0,0.0,0.0,0.0,0.0,0.0,0.0,0.0,0.0,0.0,0.0,0.0,0.07511395739112234,0.0,0.0,0.0,0.0,0.0,0.0,0.0,0.0,0.0,0.0,0.0,0.0,0.0,0.0,0.0,0.0,0.0,0.0,0.0,0.0,0.0,0.0,0.0,0.0,0.24195966382726672,0.0,0.0,0.0,0.0,0.0,0.0,0.0,0.0,0.0,0.0,0.0,129.29309019906233,0.0,0.0,0.0,0.0,0.0,0.0,0.0,0.0,0.0,0.0,0.0,0.0,0.0,0.0,0.0,0.17462416162603348,0.0,0.0,0.0,2.637227048373027,0.0,0.0,0.0,0.0,0.0,0.0,0.0,0.0,0.0,0.0,0.0,0.3002262440728013,0.0,0.0,0.0,0.0012434653361797492,0.0,0.0014092704356201138,0.0,0.0,0.0,0.0,0.0,0.0,0.0,0.0,0.0,0.007585072329822766,0.0,0.008644947565206777,0.0,0.0,0.0,0.0,0.0,0.0,0.0,0.0,0.0,0.010318846478413374,0.0,0.0,0.0,0.0,0.0,0.0,0.0,0.0,0.0,0.0,0.0,0.0,0.005315278109744568,0.0,0.048181164638294575,0.0,0.0,0.0,0.0,0.0,0.0,0.00218914147327934,0.0,0.0,0.0,0.0,0.0,0.0,0.0,0.0,0.0,0.0024126779412931084,0.0,0.0,0.0,0.0,0.0,0.0,0.0,0.0,0.0,0.0,0.0,0.011481792039475584,0.0,0.0,0.035998071300613214,0.0,0.0,0.0,0.0,0.0,0.0,0.0,0.0,0.0,0.0,0.9608907602792384,0.0,0.0,0.2546149176881631,0.0,45.934408124663456,0.0,0.0,0.0,0.0,0.0,0.0,0.002180826059737364,0.0,0.0,0.0,0.09192672671039534,0.09504935330008843,0.0,0.007424320291139861,0.0,0.0,0.0,0.0,0.0,0.0,0.0,0.0,0.0,0.0,0.022196904829507435,0.0,0.011680538774459737,0.07576598648440612,128.8617789339398,0.0,0.0,0.0,0.0,0.0,0.0,0.0,0.0,0.0,0.0,0.04666763484738291,0.032447121048898436,0.0,0.0,0.0,0.0012594639533078673,0.011216434911234715,0.04163798373810658,0.0026779241199455578,0.018709930824002383,0.0,0.0,0.003228714100127454,0.0037964162873001628,0.0,0.0,1.515148817609909,0.0,0.008082553907341519,0.0,0.0020998858228752026,0.007055320178742675,0.007332183476675779,0.15074051656585558,0.0,0.0525467228030271,0.0,0.0,0.006248613562069804,0.0027642209199100682,1.5275782003396217,0.006494064782602589,0.0053951594781979275,0.003443834046290741,0.0,0.03671958117813401,0.006346998030537591,0.02626972521832208,0.0,0.0,0.009161612533460121,0.007722309007799426,0.0,0.0,0.017278770281356468,0.0020750714907433027,0.00796650837133194,0.19290245072169102,0.012683974021601171,0.0012944188358869101
10000.0,0.0,37.749925970307444,0.0,0.0,0.0,0.0,0.0,0.8967091961474497,0.0,0.11506421845628201,0.0,0.0,0.0,0.0,0.0,0.0,0.0,0.0,0.0,0.0,0.0,0.0,0.0,0.0,0.0,0.0,0.0,0.0,0.0,0.0,0.0,0.0,0.0,0.0,0.0,0.0,0.0,0.0,0.0,0.0,0.0,0.0,0.0,0.0,0.0,0.0,0.0,0.0,0.0,0.0,0.0,0.0,0.0,0.0,0.0,0.0,0.0,0.0,0.0,0.0,0.0,0.0,0.0,0.0,0.0,0.0,0.0,0.0,0.0,0.0,0.0,0.0,0.0,0.0,0.0,0.0,0.0,0.0,0.0,0.0,0.0,0.0,0.0,0.0,0.0,0.0,0.0,0.0,0.0,0.0,0.0,0.0,0.0,0.0,0.0,0.0,0.0,0.0,0.0,0.0,0.0,0.0,0.0,0.0,0.0,0.0,0.0,0.0,0.0,0.0,0.0,0.0,0.0,0.0,0.0,0.0,0.0,0.0,0.0,0.0,0.0,0.0,0.0,0.0,0.0,0.0,0.0,0.0,0.0,0.0,0.0,0.0,0.0,0.0,0.0,0.0,0.0,0.0,0.0,0.0,0.0,0.0,0.0,0.0,0.0,0.0,0.0,0.0,0.0,0.0,0.0,0.0,0.0,0.0,0.0,0.0,0.0,0.0,0.0,0.0,0.0,0.0,0.0,0.0,0.0,0.0,0.0,0.0,0.0,0.0,0.0,0.0,0.0,0.0,0.0,0.0,0.0,0.0,0.0,0.0,0.0,0.0,0.0,0.0,0.0,0.0,0.0,0.0,0.0,0.0,0.0,0.0,0.0,0.0,0.0,0.0,0.0,0.0,0.0,0.0,0.0,0.0,0.0,0.0,0.0,0.0,0.0,0.0,0.0,0.0,0.0,0.0,0.0,0.0,0.0,0.0,0.0,0.0,0.0,0.0,0.0,0.0,0.0,0.0,0.0,0.0,0.0,0.0,0.0,0.0,0.0,0.0,0.0,0.0,0.0,0.0,0.0,0.0,0.0,0.0,0.0,0.0,0.0,0.0,0.0,0.0,0.0,0.0,0.0,0.0,0.0,0.0,0.0,0.0,0.0,0.0,0.0,0.0,0.0,0.0,0.49468725541602093,0.0,0.0,0.0,0.0,0.0,0.0,0.0,0.0,0.0,0.0,0.0,0.0,0.0,0.0,0.0,0.0,0.0,0.0,0.0,0.0,0.0,0.0,0.0,0.0,0.4231076919911535,0.0,0.0,0.0,0.0,0.0,0.0,0.0,0.0,0.0,0.0,0.0,100.14776646362124,0.0,0.0,0.0,0.0,0.0,0.0,0.0,0.0,0.0,0.0,0.0,0.0,0.0,0.0,0.0,2.0546615513732314,0.0,0.0,0.0,92.93131669760172,0.0,0.0,0.0,0.0,0.0,0.0,0.0,0.0,0.0,0.0,0.0,24.201229271977937,0.0,0.0,0.0,0.05584009652587604,0.0,0.01906919541513761,0.0,0.0,0.0,0.0,0.0,0.0,0.0,0.0,0.0,0.01180891909510991,0.0,0.07059132118453673,0.0,0.0,0.0,0.0,0.0,0.0,0.0,0.0,0.0,0.12303959660568359,0.0,0.0,0.0,0.0,0.0,0.0,0.0,0.0,0.0,0.0,0.0,0.0,0.29441251226801474,0.0,9.368355425671256,0.0,0.0,0.0,0.0,0.0,0.0,0.906248574153038,0.0,0.0,0.0,0.0,0.0,0.0,0.0,0.0,0.0,0.13180458158420788,0.0,0.0,0.0,0.0,0.0,0.0,0.0,0.0,0.0,0.0,0.0,0.6703240385409178,0.0,0.0,0.017236101836504987,0.0,0.0,0.0,0.0,0.0,0.0,0.0,0.0,0.0,0.0,1.3425835053986603,0.0,0.0,11.823954154646694,0.0,1.4929265913796137,0.0,0.0,0.0,0.0,0.0,0.0,0.02749898996941263,0.0,0.0,0.0,3.755708606387039,0.041331575684758995,0.0,0.32632094900868225,0.0,0.0,0.0,0.0,0.0,0.0,0.0,0.0,0.0,0.0,0.015511590164678435,0.0,0.0024271489744417843,12.24125236576994,25.255455049765928,0.0,0.0,0.0,0.0,0.0,0.0,0.0,0.0,0.0,0.0,0.419668723651765,0.10769507113858531,0.0,0.0,0.0,0.0,0.009320098636730712,0.18665255788993465,0.0,0.1892778334962846,0.0,0.0,0.2649920619960086,0.001256982995230783,0.0,0.0,12.401503415794748,0.0,0.012181272770202164,0.0,0.05253493894617264,0.005630557402418088,0.025643053930638773,0.013334470648098671,0.0,0.005505002767992267,0.0,0.0,0.0010262378358737705,0.0311801591762059,6.6509900352795785,0.004759427446332566,0.0035551114080615526,0.0013064674583384039,0.0,0.014020733462425902,0.03630219576405596,0.05860525493709403,0.0,0.0,0.01107773850127217,0.0,0.0,0.0,0.11561597078922713,0.001072866940626489,0.02055071291853815,0.043169411667479285,0.005883558024588068,0.0010269456314332304
11000.0,0.0,4.769920719219744,0.0,0.0,0.0,0.0,0.0,10.019180598045953,0.0,25.618731518624624,0.0,0.0,0.0,0.0,0.0,0.0,0.0,0.0,0.0,0.0,0.0,0.0,0.0,0.0,0.0,0.0,0.0,0.0,0.0,0.0,0.0,0.0,0.0,0.0,0.0,0.0,0.0,0.0,0.0,0.0,0.0,0.0,0.0,0.0,0.0,0.0,0.0,0.0,0.0,0.0,0.0,0.0,0.0,0.0,0.0,0.0,0.0,0.0,0.0,0.0,0.0,0.0,0.0,0.0,0.0,0.0,0.0,0.0,0.0,0.0,0.0,0.0,0.0,0.0,0.0,0.0,0.0,0.0,0.0,0.0,0.0,0.0,0.0,0.0,0.0,0.0,0.0,0.0,0.0,0.0,0.0,0.0,0.0,0.0,0.0,0.0,0.0,0.0,0.0,0.0,0.0,0.0,0.0,0.0,0.0,0.0,0.0,0.0,0.0,0.0,0.0,0.0,0.0,0.0,0.0,0.0,0.0,0.0,0.0,0.0,0.0,0.0,0.0,0.0,0.0,0.0,0.0,0.0,0.0,0.0,0.0,0.0,0.0,0.0,0.0,0.0,0.0,0.0,0.0,0.0,0.0,0.0,0.0,0.0,0.0,0.0,0.0,0.0,0.0,0.0,0.0,0.0,0.0,0.0,0.0,0.0,0.0,0.0,0.0,0.0,0.0,0.0,0.0,0.0,0.0,0.0,0.0,0.0,0.0,0.0,0.0,0.0,0.0,0.0,0.0,0.0,0.0,0.0,0.0,0.0,0.0,0.0,0.0,0.0,0.0,0.0,0.0,0.0,0.0,0.0,0.0,0.0,0.0,0.0,0.0,0.0,0.0,0.0,0.0,0.0,0.0,0.0,0.0,0.0,0.0,0.0,0.0,0.0,0.0,0.0,0.0,0.0,0.0,0.0,0.0,0.0,0.0,0.0,0.0,0.0,0.0,0.0,0.0,0.0,0.0,0.0,0.0,0.0,0.0,0.0,0.0,0.0,0.0,0.0,0.0,0.0,0.0,0.0,0.0,0.0,0.0,0.0,0.0,0.0,0.0,0.0,0.0,0.0,0.0,0.0,0.0,0.0,0.0,0.0,0.0,0.0,0.0,0.0,0.0,0.0,0.09814333831844835,0.0,0.0,0.0,0.0,0.0,0.0,0.0,0.0,0.0,0.0,0.0,0.0,0.0,0.0,0.0,0.0,0.0,0.0,0.0,0.0,0.0,0.0,0.0,0.0,0.06253990270894018,0.0,0.0,0.0,0.0,0.0,0.0,0.0,0.0,0.0,0.0,0.0,12.146739222091732,0.0,0.0,0.0,0.0,0.0,0.0,0.0,0.0,0.0,0.0,0.0,0.0,0.0,0.0,0.0,1.0012932414310778,0.0,0.0,0.0,108.03255654811,0.0,0.0,0.0,0.0,0.0,0.0,0.0,0.0,0.0,0.0,0.0,44.183742294664476,0.0,0.0,0.0,0.04872693920842607,0.0,0.008986399572311147,0.0,0.0,0.0,0.0,0.0,0.0,0.0,0.0,0.0,0.0016220975058858515,0.0,0.026607230500265092,0.0,0.0,0.0,0.0,0.0,0.0,0.0,0.0,0.0,0.07644243875211094,0.0,0.0,0.0,0.0,0.0,0.0,0.0,0.0,0.0,0.0,0.0,0.0,0.32521406497241845,0.0,30.734895820442862,0.0,0.0,0.0,0.0,0.0,0.0,3.7891739481499025,0.0,0.0,0.0,0.0,0.0,0.0,0.0,0.0,0.0,0.13154160707972126,0.0,0.0,0.0,0.0,0.0,0.0,0.0,0.0,0.0,0.0,0.0,1.1131376913823876,0.0,0.0,0.0013145523757649104,0.0,0.0,0.0,0.0,0.0,0.0,0.0,0.0,0.0,0.0,0.24559346724728834,0.0,0.0,16.72925948191197,0.0,0.0509755873670682,0.0,0.0,0.0,0.0,0.0,0.0,0.013625804073520261,0.0,0.0,0.0,6.229155833885629,0.0028881752339151245,0.0,0.47255333488373386,0.0,0.0,0.0,0.0,0.0,0.0,0.0,0.0,0.0,0.0,0.0021188072894551837,0.0,0.0,45.38214833587548,2.9152992734945187,0.0,0.0,0.0,0.0,0.0,0.0,0.0,0.0,0.0,0.0,0.31222442146213736,0.032942911861933225,0.0,0.0,0.0,0.0,0.001428733807995345,0.06157986517640848,0.0,0.09690827036526863,0.0,0.0,0.5085944081324406,0.0,0.0,0.0,13.737431381061343,0.0,0.0018771101899601786,0.0,0.044591675954406405,0.0,0.0092556075287243,0.0,0.0,0.0,0.0,0.0,0.0,0.016371830050082806,4.41003850960676,0.0,0.0,0.0,0.0,0.0024472926669745275,0.01458107628149016,0.019442147654181303,0.0,0.0,0.0017352134844922163,0.0,0.0,0.0,0.09911696829395575,0.0,0.00547440277969617,0.00587211940829452,0.0,0.0
12000.0,0.0,0.0,0.0,0.0,0.0,0.0,0.0,10.161335301860014,0.0,27.680572577580513,0.0,0.0,0.0,0.0,0.0,0.0,0.0,0.0,0.0,0.0,0.0,0.0,0.0,0.0,0.0,0.0,0.0,0.0,0.0,0.0,0.0,0.0,0.0,0.0,0.0,0.0,0.0,0.0,0.0,0.0,0.0,0.0,0.0,0.0,0.0,0.0,0.0,0.0,0.0,0.0,0.0,0.0,0.0,0.0,0.0,0.0,0.0,0.0,0.0,0.0,0.0,0.0,0.0,0.0,0.0,0.0,0.0,0.0,0.0,0.0,0.0,0.0,0.0,0.0,0.0,0.0,0.0,0.0,0.0,0.0,0.0,0.0,0.0,0.0,0.0,0.0,0.0,0.0,0.0,0.0,0.0,0.0,0.0,0.0,0.0,0.0,0.0,0.0,0.0,0.0,0.0,0.0,0.0,0.0,0.0,0.0,0.0,0.0,0.0,0.0,0.0,0.0,0.0,0.0,0.0,0.0,0.0,0.0,0.0,0.0,0.0,0.0,0.0,0.0,0.0,0.0,0.0,0.0,0.0,0.0,0.0,0.0,0.0,0.0,0.0,0.0,0.0,0.0,0.0,0.0,0.0,0.0,0.0,0.0,0.0,0.0,0.0,0.0,0.0,0.0,0.0,0.0,0.0,0.0,0.0,0.0,0.0,0.0,0.0,0.0,0.0,0.0,0.0,0.0,0.0,0.0,0.0,0.0,0.0,0.0,0.0,0.0,0.0,0.0,0.0,0.0,0.0,0.0,0.0,0.0,0.0,0.0,0.0,0.0,0.0,0.0,0.0,0.0,0.0,0.0,0.0,0.0,0.0,0.0,0.0,0.0,0.0,0.0,0.0,0.0,0.0,0.0,0.0,0.0,0.0,0.0,0.0,0.0,0.0,0.0,0.0,0.0,0.0,0.0,0.0,0.0,0.0,0.0,0.0,0.0,0.0,0.0,0.0,0.0,0.0,0.0,0.0,0.0,0.0,0.0,0.0,0.0,0.0,0.0,0.0,0.0,0.0,0.0,0.0,0.0,0.0,0.0,0.0,0.0,0.0,0.0,0.0,0.0,0.0,0.0,0.0,0.0,0.0,0.0,0.0,0.0,0.0,0.0,0.0,0.0,0.0015928931456195138,0.0,0.0,0.0,0.0,0.0,0.0,0.0,0.0,0.0,0.0,0.0,0.0,0.0,0.0,0.0,0.0,0.0,0.0,0.0,0.0,0.0,0.0,0.0,0.0,0.017658757903772176,0.0,0.0,0.0,0.0,0.0,0.0,0.0,0.0,0.0,0.0,0.0,5.5526092949065,0.0,0.0,0.0,0.0,0.0,0.0,0.0,0.0,0.0,0.0,0.0,0.0,0.0,0.0,0.0,0.09470573426946817,0.0,0.0,0.0,33.034849492881996,0.0,0.0,0.0,0.0,0.0,0.0,0.0,0.0,0.0,0.0,0.0,9.713149293492712,0.0,0.0,0.0,0.003467668456522108,0.0,0.0,0.0,0.0,0.0,0.0,0.0,0.0,0.0,0.0,0.0,0.0,0.0,0.0032369220235839483,0.0,0.0,0.0,0.0,0.0,0.0,0.0,0.0,0.0,0.01407917249936988,0.0,0.0,0.0,0.0,0.0,0.0,0.0,0.0,0.0,0.0,0.0,0.0,0.030556829336886467,0.0,7.0238049812702466,0.0,0.0,0.0,0.0,0.0,0.0,0.36697324604183085,0.0,0.0,0.0,0.0,0.0,0.0,0.0,0.0,0.0,0.009352975563260077,0.0,0.0,0.0,0.0,0.0,0.0,0.0,0.0,0.0,0.0,0.0,0.3101089176240093,0.0,0.0,0.0,0.0,0.0,0.0,0.0,0.0,0.0,0.0,0.0,0.0,0.0,0.16496921996999742,0.0,0.0,6.9537684416476075,0.0,0.3343934006488958,0.0,0.0,0.0,0.0,0.0,0.0,0.001878789776068766,0.0,0.0,0.0,4.596192767349366,0.0,0.0,0.1635844533349619,0.0,0.0,0.0,0.0,0.0,0.0,0.0,0.0,0.0,0.0,0.0017162696208978417,0.0,0.0,31.729422388971447,41.87706252827561,0.0,0.0,0.0,0.0,0.0,0.0,0.0,0.0,0.0,0.0,0.3896666352474042,0.018559049602333493,0.0,0.0,0.0,0.0,0.0012106135722190472,0.028818667105010763,0.0,0.03288999901390259,0.0,0.0,0.13563332080980417,0.0,0.0,0.0,119.11221939037655,0.0,0.0,0.0,0.008689518462897634,0.0,0.006623428203533711,0.0,0.0,0.0,0.0,0.0,0.0,0.0035129265561368982,34.85883344923404,0.0,0.0,0.0,0.0,0.016904073082654753,0.005676419406112753,0.0328410759819795,0.0,0.0,0.0,0.0,0.0,0.0,0.3095222943253579,0.0,0.002927134750752388,0.09294277596313105,0.0,0.0
